repo,kind,routePath,file,lines,dynamicSegments,parallelSlot,hasGenerateStaticParams,gspCovered,useClient,useServerFile,useServerInline,nextHeadersImports,redirectCalls,redirectImportedFromNextNavigation,notFoundCalls,exportDynamic,exportRevalidate,exportRuntime,exportFetchCache,exportDynamicParams,usesUnstableCache,usesAfter,usesNoStoreOrConnection,readsSearchParamsProp,httpMethods,requestReads,apiFetchTargets,veridianCalls,importsNextIntlServer,reexportDefault,transitiveNextHeadersVia,transitiveUseServerVia,transitiveNextIntlServerVia,forceStatic,ownBlockers,inheritedBlockers,inheritedFrom,neutralizedByForceStatic,effectiveBlockers,exportable
compliance-tracker,page,/access-review/[id],src/app/(app)/access-review/[id]/page.tsx,95,[id],,false,false,true,false,false,,0,false,0,force-dynamic,,,,,false,false,false,false,,,/api/access-review/cycles/${id}|/api/access-review/cycles/${id}/certifications/${certId},,false,false,,,,false,DYNAMIC_SEGMENT_NO_GSP|FORCE_DYNAMIC,NEXT_HEADERS_TRANSITIVE|SERVER_ACTION_TRANSITIVE,src/app/layout.tsx|src/app/(app)/layout.tsx,,DYNAMIC_SEGMENT_NO_GSP|FORCE_DYNAMIC|NEXT_HEADERS_TRANSITIVE|SERVER_ACTION_TRANSITIVE,false
compliance-tracker,page,/access-review,src/app/(app)/access-review/page.tsx,98,,,false,true,true,false,false,,0,false,0,force-dynamic,,,,,false,false,false,false,,,/api/access-review/cycles,,false,false,,,,false,FORCE_DYNAMIC,NEXT_HEADERS_TRANSITIVE|SERVER_ACTION_TRANSITIVE,src/app/layout.tsx|src/app/(app)/layout.tsx,,FORCE_DYNAMIC|NEXT_HEADERS_TRANSITIVE|SERVER_ACTION_TRANSITIVE,false
compliance-tracker,page,/ai-cost-governance,src/app/(app)/ai-cost-governance/page.tsx,335,,,false,true,true,false,false,,0,false,0,force-dynamic,,,,,false,false,false,false,,,/api/ai/team/token-usage?sinceDays=${sinceDays}|/api/finance/ai-cost-reconciliation,,false,false,,,,false,FORCE_DYNAMIC,NEXT_HEADERS_TRANSITIVE|SERVER_ACTION_TRANSITIVE,src/app/layout.tsx|src/app/(app)/layout.tsx,,FORCE_DYNAMIC|NEXT_HEADERS_TRANSITIVE|SERVER_ACTION_TRANSITIVE,false
compliance-tracker,page,/ai-observability,src/app/(app)/ai-observability/page.tsx,329,,,false,true,true,false,false,,0,false,0,,,,,,false,false,false,false,,,/api/orchestra/traces?${params}|/api/orchestra/traces/${selectedId},,false,false,,,,false,,NEXT_HEADERS_TRANSITIVE|SERVER_ACTION_TRANSITIVE,src/app/layout.tsx|src/app/(app)/layout.tsx,,NEXT_HEADERS_TRANSITIVE|SERVER_ACTION_TRANSITIVE,false
compliance-tracker,page,/approvals,src/app/(app)/approvals/page.tsx,16,,,false,true,true,false,false,,0,false,0,,,,,,false,false,false,false,,,,,false,false,,,,false,,NEXT_HEADERS_TRANSITIVE|SERVER_ACTION_TRANSITIVE,src/app/layout.tsx|src/app/(app)/layout.tsx,,NEXT_HEADERS_TRANSITIVE|SERVER_ACTION_TRANSITIVE,false
compliance-tracker,page,/audit,src/app/(app)/audit/page.tsx,292,,,false,true,true,false,false,,0,false,0,,,,,,false,false,false,false,,,/api/audit?${params},,false,false,,,,false,,NEXT_HEADERS_TRANSITIVE|SERVER_ACTION_TRANSITIVE,src/app/layout.tsx|src/app/(app)/layout.tsx,,NEXT_HEADERS_TRANSITIVE|SERVER_ACTION_TRANSITIVE,false
compliance-tracker,page,/audit-engagements,src/app/(app)/audit-engagements/page.tsx,90,,,false,true,true,false,false,,0,false,0,,,,,,false,false,false,false,,,/api/audit-engagements|/api/audit-findings|/api/audit-findings/${id},,false,false,,,,false,,NEXT_HEADERS_TRANSITIVE|SERVER_ACTION_TRANSITIVE,src/app/layout.tsx|src/app/(app)/layout.tsx,,NEXT_HEADERS_TRANSITIVE|SERVER_ACTION_TRANSITIVE,false
compliance-tracker,page,/automation,src/app/(app)/automation/page.tsx,209,,,false,true,true,false,false,,0,false,0,force-dynamic,,,,,false,false,false,false,,,/api/automation-rules|/api/automation-rules/${rule.id}|/api/automation-rules/${ruleId},,false,false,,,,false,FORCE_DYNAMIC,NEXT_HEADERS_TRANSITIVE|SERVER_ACTION_TRANSITIVE,src/app/layout.tsx|src/app/(app)/layout.tsx,,FORCE_DYNAMIC|NEXT_HEADERS_TRANSITIVE|SERVER_ACTION_TRANSITIVE,false
compliance-tracker,page,/bcm,src/app/(app)/bcm/page.tsx,233,,,false,true,true,false,false,,0,false,0,force-dynamic,,,,,false,false,false,false,,,/api/bcm|/api/bcm/${id}|/api/bcm/${selectedId}/bia|/api/bcm/${selectedId}/recovery-procedures|/api/bcm/${selectedId}/exercises,,false,false,,,,false,FORCE_DYNAMIC,NEXT_HEADERS_TRANSITIVE|SERVER_ACTION_TRANSITIVE,src/app/layout.tsx|src/app/(app)/layout.tsx,,FORCE_DYNAMIC|NEXT_HEADERS_TRANSITIVE|SERVER_ACTION_TRANSITIVE,false
compliance-tracker,page,/board,src/app/(app)/board/page.tsx,136,,,false,true,true,false,false,,0,false,0,,,,,,false,false,false,false,,,/api/board|/api/board/${id},,false,false,,,,false,,NEXT_HEADERS_TRANSITIVE|SERVER_ACTION_TRANSITIVE,src/app/layout.tsx|src/app/(app)/layout.tsx,,NEXT_HEADERS_TRANSITIVE|SERVER_ACTION_TRANSITIVE,false
compliance-tracker,page,/board-evaluation,src/app/(app)/board-evaluation/page.tsx,101,,,false,true,true,false,false,,0,false,0,,,,,,false,false,false,false,,,/api/board-evaluation|/api/board-evaluation/${id},,false,false,,,,false,,NEXT_HEADERS_TRANSITIVE|SERVER_ACTION_TRANSITIVE,src/app/layout.tsx|src/app/(app)/layout.tsx,,NEXT_HEADERS_TRANSITIVE|SERVER_ACTION_TRANSITIVE,false
compliance-tracker,page,/cap-table,src/app/(app)/cap-table/page.tsx,97,,,false,true,true,false,false,,0,false,0,,,,,,false,false,false,false,,,/api/cap-table|/api/cap-table/events,,false,false,,,,false,,NEXT_HEADERS_TRANSITIVE|SERVER_ACTION_TRANSITIVE,src/app/layout.tsx|src/app/(app)/layout.tsx,,NEXT_HEADERS_TRANSITIVE|SERVER_ACTION_TRANSITIVE,false
compliance-tracker,page,/capability-improvements,src/app/(app)/capability-improvements/page.tsx,224,,,false,true,true,false,false,,0,false,0,force-dynamic,,,,,false,false,false,false,,,/api/ai/team/capability-improvements${qs}|/api/ai/team/capability-improvements/${proposal.id},,false,false,,,,false,FORCE_DYNAMIC,NEXT_HEADERS_TRANSITIVE|SERVER_ACTION_TRANSITIVE,src/app/layout.tsx|src/app/(app)/layout.tsx,,FORCE_DYNAMIC|NEXT_HEADERS_TRANSITIVE|SERVER_ACTION_TRANSITIVE,false
compliance-tracker,page,/capability-registry,src/app/(app)/capability-registry/page.tsx,314,,,false,true,true,false,false,,0,false,0,force-dynamic,,,,,false,false,false,false,,,/api/me|/api/capability-registry/coverage|/api/capability-registry/modules|/api/capability-registry/impact?moduleKey=${encodeURIComponent(selectedModuleKey)}&depth=${impactDepth}|/api/capability-registry/backfill|/api/capability-registry/duplicates,,false,false,,,,false,FORCE_DYNAMIC,NEXT_HEADERS_TRANSITIVE|SERVER_ACTION_TRANSITIVE,src/app/layout.tsx|src/app/(app)/layout.tsx,,FORCE_DYNAMIC|NEXT_HEADERS_TRANSITIVE|SERVER_ACTION_TRANSITIVE,false
compliance-tracker,page,/change-orders/[id],src/app/(app)/change-orders/[id]/page.tsx,235,[id],,false,false,true,false,false,,0,false,0,force-dynamic,,,,,false,false,false,false,,,/api/v1/projexa/change-orders/${changeOrderId}/signature-status|/api/v1/projexa/change-orders/${changeOrderId},,false,false,,,,false,DYNAMIC_SEGMENT_NO_GSP|FORCE_DYNAMIC,NEXT_HEADERS_TRANSITIVE|SERVER_ACTION_TRANSITIVE,src/app/layout.tsx|src/app/(app)/layout.tsx,,DYNAMIC_SEGMENT_NO_GSP|FORCE_DYNAMIC|NEXT_HEADERS_TRANSITIVE|SERVER_ACTION_TRANSITIVE,false
compliance-tracker,page,/change-orders,src/app/(app)/change-orders/page.tsx,225,,,false,true,true,false,false,,0,false,0,force-dynamic,,,,,false,false,false,false,,,/api/projects|/api/v1/projexa/change-orders?projectId=${encodeURIComponent(projectId)}|/api/v1/projexa/change-orders,,false,false,,,,false,FORCE_DYNAMIC,NEXT_HEADERS_TRANSITIVE|SERVER_ACTION_TRANSITIVE,src/app/layout.tsx|src/app/(app)/layout.tsx,,FORCE_DYNAMIC|NEXT_HEADERS_TRANSITIVE|SERVER_ACTION_TRANSITIVE,false
compliance-tracker,page,/charges,src/app/(app)/charges/page.tsx,29,,,false,true,true,false,false,,0,false,0,,,,,,false,false,false,false,,,,,false,false,,,,false,,NEXT_HEADERS_TRANSITIVE|SERVER_ACTION_TRANSITIVE,src/app/layout.tsx|src/app/(app)/layout.tsx,,NEXT_HEADERS_TRANSITIVE|SERVER_ACTION_TRANSITIVE,false
compliance-tracker,page,/chat,src/app/(app)/chat/page.tsx,315,,,false,true,true,false,false,,0,false,0,,,,,,false,false,false,false,,,/api/conversations|/api/users|/api/veri-chat/conversations/${selectedId}/share-links|/api/veri-chat/conversations/${selectedId}/guest-access,,false,false,,,,false,,NEXT_HEADERS_TRANSITIVE|SERVER_ACTION_TRANSITIVE,src/app/layout.tsx|src/app/(app)/layout.tsx,,NEXT_HEADERS_TRANSITIVE|SERVER_ACTION_TRANSITIVE,false
compliance-tracker,page,/checklists/[id],src/app/(app)/checklists/[id]/page.tsx,463,[id],,false,false,true,false,false,,0,false,0,,,,,,false,false,false,false,,,/api/compliance/${id},,false,false,,,,false,DYNAMIC_SEGMENT_NO_GSP,NEXT_HEADERS_TRANSITIVE|SERVER_ACTION_TRANSITIVE,src/app/layout.tsx|src/app/(app)/layout.tsx,,DYNAMIC_SEGMENT_NO_GSP|NEXT_HEADERS_TRANSITIVE|SERVER_ACTION_TRANSITIVE,false
compliance-tracker,page,/checklists,src/app/(app)/checklists/page.tsx,385,,,false,true,true,false,false,,0,false,0,,,,,,false,false,false,false,,,/api/compliance?${params},,false,false,,,,false,,NEXT_HEADERS_TRANSITIVE|SERVER_ACTION_TRANSITIVE,src/app/layout.tsx|src/app/(app)/layout.tsx,,NEXT_HEADERS_TRANSITIVE|SERVER_ACTION_TRANSITIVE,false
compliance-tracker,page,/clients,src/app/(app)/clients/page.tsx,135,,,false,true,true,false,false,,0,false,0,,,,,,false,false,false,false,,,/api/clients,,false,false,,,,false,,NEXT_HEADERS_TRANSITIVE|SERVER_ACTION_TRANSITIVE,src/app/layout.tsx|src/app/(app)/layout.tsx,,NEXT_HEADERS_TRANSITIVE|SERVER_ACTION_TRANSITIVE,false
compliance-tracker,page,/committees,src/app/(app)/committees/page.tsx,27,,,false,true,true,false,false,,0,false,0,,,,,,false,false,false,false,,,,,false,false,,,,false,,NEXT_HEADERS_TRANSITIVE|SERVER_ACTION_TRANSITIVE,src/app/layout.tsx|src/app/(app)/layout.tsx,,NEXT_HEADERS_TRANSITIVE|SERVER_ACTION_TRANSITIVE,false
compliance-tracker,page,/compliance/[id],src/app/(app)/compliance/[id]/page.tsx,727,[id],,false,false,true,false,false,,0,false,0,,,,,,false,false,false,false,,,/api/compliance/${id}|/api/users|/api/departments|/api/compliance/${id}/comments|/api/audit-points/${ap.id},,false,false,,,,false,DYNAMIC_SEGMENT_NO_GSP,NEXT_HEADERS_TRANSITIVE|SERVER_ACTION_TRANSITIVE,src/app/layout.tsx|src/app/(app)/layout.tsx,,DYNAMIC_SEGMENT_NO_GSP|NEXT_HEADERS_TRANSITIVE|SERVER_ACTION_TRANSITIVE,false
compliance-tracker,page,/compliance/new,src/app/(app)/compliance/new/page.tsx,608,,,false,true,true,false,false,,0,false,0,,,,,,false,false,false,false,,,/api/departments|/api/users|/api/compliance,,false,false,,,,false,,NEXT_HEADERS_TRANSITIVE|SERVER_ACTION_TRANSITIVE,src/app/layout.tsx|src/app/(app)/layout.tsx,,NEXT_HEADERS_TRANSITIVE|SERVER_ACTION_TRANSITIVE,false
compliance-tracker,page,/compliance,src/app/(app)/compliance/page.tsx,528,,,false,true,true,false,false,,0,false,0,,,,,,false,false,false,false,,,/api/departments|/api/compliance?${params}|/api/compliance/export-event,,false,false,,,,false,,NEXT_HEADERS_TRANSITIVE|SERVER_ACTION_TRANSITIVE,src/app/layout.tsx|src/app/(app)/layout.tsx,,NEXT_HEADERS_TRANSITIVE|SERVER_ACTION_TRANSITIVE,false
compliance-tracker,page,/connectors,src/app/(app)/connectors/page.tsx,136,,,false,true,true,false,false,,0,false,0,force-dynamic,,,,,false,false,false,false,,,/api/connectors|/api/connectors/${toolkit}/sync,,false,false,,,,false,FORCE_DYNAMIC,NEXT_HEADERS_TRANSITIVE|SERVER_ACTION_TRANSITIVE,src/app/layout.tsx|src/app/(app)/layout.tsx,,FORCE_DYNAMIC|NEXT_HEADERS_TRANSITIVE|SERVER_ACTION_TRANSITIVE,false
compliance-tracker,page,/construction-dashboard,src/app/(app)/construction-dashboard/page.tsx,208,,,false,true,true,false,false,,0,false,0,force-dynamic,,,,,false,false,false,false,,,/api/departments|/api/v1/projexa/dashboard${params.toString() ? `?${params.toString()},,false,false,,,,false,FORCE_DYNAMIC,NEXT_HEADERS_TRANSITIVE|SERVER_ACTION_TRANSITIVE,src/app/layout.tsx|src/app/(app)/layout.tsx,,FORCE_DYNAMIC|NEXT_HEADERS_TRANSITIVE|SERVER_ACTION_TRANSITIVE,false
compliance-tracker,page,/contract-compliance,src/app/(app)/contract-compliance/page.tsx,26,,,false,true,true,false,false,,0,false,0,,,,,,false,false,false,false,,,,,false,false,,,,false,,NEXT_HEADERS_TRANSITIVE|SERVER_ACTION_TRANSITIVE,src/app/layout.tsx|src/app/(app)/layout.tsx,,NEXT_HEADERS_TRANSITIVE|SERVER_ACTION_TRANSITIVE,false
compliance-tracker,page,/crm/accounts/[id],src/app/(app)/crm/accounts/[id]/page.tsx,375,[id],,false,false,true,false,false,,0,false,0,force-dynamic,,,,,false,false,false,false,,,/api/crm/accounts/${id}|/api/users|/api/crm/accounts/${id}/contacts|/api/crm/accounts/${id}/analyze|/api/crm/contacts/${contactId},,false,false,,,,false,DYNAMIC_SEGMENT_NO_GSP|FORCE_DYNAMIC,NEXT_HEADERS_TRANSITIVE|SERVER_ACTION_TRANSITIVE,src/app/layout.tsx|src/app/(app)/layout.tsx,,DYNAMIC_SEGMENT_NO_GSP|FORCE_DYNAMIC|NEXT_HEADERS_TRANSITIVE|SERVER_ACTION_TRANSITIVE,false
compliance-tracker,page,/crm/accounts,src/app/(app)/crm/accounts/page.tsx,270,,,false,true,true,false,false,,0,false,0,force-dynamic,,,,,false,false,false,false,,,/api/crm/accounts?${params.toString()}|/api/users|/api/me|/api/crm/accounts|/api/crm/accounts/import,,false,false,,,,false,FORCE_DYNAMIC,NEXT_HEADERS_TRANSITIVE|SERVER_ACTION_TRANSITIVE,src/app/layout.tsx|src/app/(app)/layout.tsx,,FORCE_DYNAMIC|NEXT_HEADERS_TRANSITIVE|SERVER_ACTION_TRANSITIVE,false
compliance-tracker,page,/crm/campaigns,src/app/(app)/crm/campaigns/page.tsx,137,,,false,true,true,false,false,,0,false,0,force-dynamic,,,,,false,false,false,false,,,/api/crm/campaigns|/api/me,,false,false,,,,false,FORCE_DYNAMIC,NEXT_HEADERS_TRANSITIVE|SERVER_ACTION_TRANSITIVE,src/app/layout.tsx|src/app/(app)/layout.tsx,,FORCE_DYNAMIC|NEXT_HEADERS_TRANSITIVE|SERVER_ACTION_TRANSITIVE,false
compliance-tracker,page,/crm/contacts,src/app/(app)/crm/contacts/page.tsx,104,,,false,true,true,false,false,,0,false,0,force-dynamic,,,,,false,false,false,false,,,/api/crm/contacts?${params.toString()}|/api/crm/accounts?pageSize=200|/api/me,,false,false,,,,false,FORCE_DYNAMIC,NEXT_HEADERS_TRANSITIVE|SERVER_ACTION_TRANSITIVE,src/app/layout.tsx|src/app/(app)/layout.tsx,,FORCE_DYNAMIC|NEXT_HEADERS_TRANSITIVE|SERVER_ACTION_TRANSITIVE,false
compliance-tracker,page,/crm/leads/[id],src/app/(app)/crm/leads/[id]/page.tsx,241,[id],,false,false,true,false,false,,0,false,0,force-dynamic,,,,,false,false,false,false,,,/api/crm/leads/${leadId}|/api/crm/leads/${leadId}/stage-history|/api/crm/activities?entityType=lead&entityId=${leadId}|/api/crm/leads/${leadId}/score|/api/crm/leads/${leadId}/explain|/api/crm/activities|/api/crm/activities/${activityId},,false,false,,,,false,DYNAMIC_SEGMENT_NO_GSP|FORCE_DYNAMIC,NEXT_HEADERS_TRANSITIVE|SERVER_ACTION_TRANSITIVE,src/app/layout.tsx|src/app/(app)/layout.tsx,,DYNAMIC_SEGMENT_NO_GSP|FORCE_DYNAMIC|NEXT_HEADERS_TRANSITIVE|SERVER_ACTION_TRANSITIVE,false
compliance-tracker,page,/crm/leads,src/app/(app)/crm/leads/page.tsx,447,,,false,true,true,false,false,,0,false,0,force-dynamic,,,,,false,false,false,false,,,/api/crm/leads?${queryParams().toString()}|/api/me|/api/crm/leads|/api/crm/leads/bulk-reassign|/api/crm/leads/import|/api/crm/leads/${leadId}|/api/crm/leads/${leadId}/convert|/api/crm/leads/${leadId}/convert-to-account|/api/crm/leads/${leadId}/score|/api/crm/leads/${leadId}/follow-up-task,,false,false,,,,false,FORCE_DYNAMIC,NEXT_HEADERS_TRANSITIVE|SERVER_ACTION_TRANSITIVE,src/app/layout.tsx|src/app/(app)/layout.tsx,,FORCE_DYNAMIC|NEXT_HEADERS_TRANSITIVE|SERVER_ACTION_TRANSITIVE,false
compliance-tracker,page,/crm/opportunities/[id],src/app/(app)/crm/opportunities/[id]/page.tsx,245,[id],,false,false,true,false,false,,0,false,0,force-dynamic,,,,,false,false,false,false,,,/api/crm/opportunities/${opportunityId}|/api/crm/opportunities/${opportunityId}/stage-history|/api/crm/activities?entityType=opportunity&entityId=${opportunityId}|/api/crm/opportunities/${opportunityId}/analyze|/api/crm/opportunities/${opportunityId}/explain|/api/crm/activities|/api/crm/activities/${activityId},,false,false,,,,false,DYNAMIC_SEGMENT_NO_GSP|FORCE_DYNAMIC,NEXT_HEADERS_TRANSITIVE|SERVER_ACTION_TRANSITIVE,src/app/layout.tsx|src/app/(app)/layout.tsx,,DYNAMIC_SEGMENT_NO_GSP|FORCE_DYNAMIC|NEXT_HEADERS_TRANSITIVE|SERVER_ACTION_TRANSITIVE,false
compliance-tracker,page,/crm/opportunities,src/app/(app)/crm/opportunities/page.tsx,310,,,false,true,true,false,false,,0,false,0,force-dynamic,,,,,false,false,false,false,,,"/api/crm/opportunities?${(view === ""kanban"" ? kanbanParams : listParams).toString()}|/api/crm/leads?pageSize=200|/api/crm/lost-reasons|/api/me|/api/crm/opportunities|/api/crm/opportunities/${opportunityId}|/api/crm/opportunities/${opportunityId}/analyze|/api/crm/opportunities/${opportunityId}/follow-up-task",,false,false,,,,false,FORCE_DYNAMIC,NEXT_HEADERS_TRANSITIVE|SERVER_ACTION_TRANSITIVE,src/app/layout.tsx|src/app/(app)/layout.tsx,,FORCE_DYNAMIC|NEXT_HEADERS_TRANSITIVE|SERVER_ACTION_TRANSITIVE,false
compliance-tracker,page,/crm,src/app/(app)/crm/page.tsx,104,,,false,true,true,false,false,,0,false,0,force-dynamic,,,,,false,false,false,false,,,/api/me|/api/crm/leads?pageSize=1|/api/crm/opportunities?pageSize=1|/api/crm/accounts?pageSize=1|/api/crm/contacts?pageSize=1|/api/crm/campaigns,,false,false,,,,false,FORCE_DYNAMIC,NEXT_HEADERS_TRANSITIVE|SERVER_ACTION_TRANSITIVE,src/app/layout.tsx|src/app/(app)/layout.tsx,,FORCE_DYNAMIC|NEXT_HEADERS_TRANSITIVE|SERVER_ACTION_TRANSITIVE,false
compliance-tracker,page,/crm/pipeline,src/app/(app)/crm/pipeline/page.tsx,43,,,false,true,true,false,false,,0,false,0,force-dynamic,,,,,false,false,false,false,,,/api/me,,false,false,,,,false,FORCE_DYNAMIC,NEXT_HEADERS_TRANSITIVE|SERVER_ACTION_TRANSITIVE,src/app/layout.tsx|src/app/(app)/layout.tsx,,FORCE_DYNAMIC|NEXT_HEADERS_TRANSITIVE|SERVER_ACTION_TRANSITIVE,false
compliance-tracker,page,/crm/sales-pipeline,src/app/(app)/crm/sales-pipeline/page.tsx,388,,,false,true,true,false,false,,0,false,0,force-dynamic,,,,,false,false,false,false,,,/api/crm/sales-pipeline|/api/crm/sales-pipeline/trend|/api/crm/sales-pipeline/summary,,false,false,,,,false,FORCE_DYNAMIC,NEXT_HEADERS_TRANSITIVE|SERVER_ACTION_TRANSITIVE,src/app/layout.tsx|src/app/(app)/layout.tsx,,FORCE_DYNAMIC|NEXT_HEADERS_TRANSITIVE|SERVER_ACTION_TRANSITIVE,false
compliance-tracker,page,/dashboard,src/app/(app)/dashboard/page.tsx,34,,,false,true,true,false,false,,0,false,0,,,,,,false,false,false,false,,,,,false,false,,,,false,,NEXT_HEADERS_TRANSITIVE|SERVER_ACTION_TRANSITIVE,src/app/layout.tsx|src/app/(app)/layout.tsx,,NEXT_HEADERS_TRANSITIVE|SERVER_ACTION_TRANSITIVE,false
compliance-tracker,page,/departments/[id],src/app/(app)/departments/[id]/page.tsx,213,[id],,false,false,true,false,false,,0,false,0,,,,,,false,false,false,false,,,/api/departments/${params.id},,false,false,,,,false,DYNAMIC_SEGMENT_NO_GSP,NEXT_HEADERS_TRANSITIVE|SERVER_ACTION_TRANSITIVE,src/app/layout.tsx|src/app/(app)/layout.tsx,,DYNAMIC_SEGMENT_NO_GSP|NEXT_HEADERS_TRANSITIVE|SERVER_ACTION_TRANSITIVE,false
compliance-tracker,page,/departments/new,src/app/(app)/departments/new/page.tsx,123,,,false,true,true,false,false,,0,false,0,,,,,,false,false,false,false,,,/api/departments,,false,false,,,,false,,NEXT_HEADERS_TRANSITIVE|SERVER_ACTION_TRANSITIVE,src/app/layout.tsx|src/app/(app)/layout.tsx,,NEXT_HEADERS_TRANSITIVE|SERVER_ACTION_TRANSITIVE,false
compliance-tracker,page,/departments,src/app/(app)/departments/page.tsx,151,,,false,true,true,false,false,,0,false,0,,,,,,false,false,false,false,,,/api/departments,,false,false,,,,false,,NEXT_HEADERS_TRANSITIVE|SERVER_ACTION_TRANSITIVE,src/app/layout.tsx|src/app/(app)/layout.tsx,,NEXT_HEADERS_TRANSITIVE|SERVER_ACTION_TRANSITIVE,false
compliance-tracker,page,/design-studio,src/app/(app)/design-studio/page.tsx,224,,,false,true,true,false,false,,0,false,0,force-dynamic,,,,,false,false,false,false,,,/api/projects|/api/v1/projexa/floor-plans?${qs}|/api/v1/projexa/mood-boards?${qs}|/api/v1/projexa/ffe?${qs}|/api/v1/projexa/ffe/margin-summary?${qs}|/api/v1/projexa/drawings?${qs},,false,false,,,,false,FORCE_DYNAMIC,NEXT_HEADERS_TRANSITIVE|SERVER_ACTION_TRANSITIVE,src/app/layout.tsx|src/app/(app)/layout.tsx,,FORCE_DYNAMIC|NEXT_HEADERS_TRANSITIVE|SERVER_ACTION_TRANSITIVE,false
compliance-tracker,page,/directors,src/app/(app)/directors/page.tsx,29,,,false,true,true,false,false,,0,false,0,,,,,,false,false,false,false,,,,,false,false,,,,false,,NEXT_HEADERS_TRANSITIVE|SERVER_ACTION_TRANSITIVE,src/app/layout.tsx|src/app/(app)/layout.tsx,,NEXT_HEADERS_TRANSITIVE|SERVER_ACTION_TRANSITIVE,false
compliance-tracker,page,/doa,src/app/(app)/doa/page.tsx,26,,,false,true,true,false,false,,0,false,0,,,,,,false,false,false,false,,,,,false,false,,,,false,,NEXT_HEADERS_TRANSITIVE|SERVER_ACTION_TRANSITIVE,src/app/layout.tsx|src/app/(app)/layout.tsx,,NEXT_HEADERS_TRANSITIVE|SERVER_ACTION_TRANSITIVE,false
compliance-tracker,page,/documents,src/app/(app)/documents/page.tsx,483,,,false,true,true,false,false,,0,false,0,force-dynamic,,,,,false,false,false,false,,,/api/documents?${params.toString()}|/api/documents/expiring?withinDays=30|/api/documents/pending-disposal|/api/documents/search?q=${encodeURIComponent(searchQuery)}|/api/documents|/api/documents/${doc.id}|/api/documents/${doc.id}/versions|/api/documents/${retentionDoc.id}/retention|/api/documents/${doc.id}/retention|/api/documents/${doc.id}/dispose,,false,false,,,,false,FORCE_DYNAMIC,NEXT_HEADERS_TRANSITIVE|SERVER_ACTION_TRANSITIVE,src/app/layout.tsx|src/app/(app)/layout.tsx,,FORCE_DYNAMIC|NEXT_HEADERS_TRANSITIVE|SERVER_ACTION_TRANSITIVE,false
compliance-tracker,page,/drawings,src/app/(app)/drawings/page.tsx,289,,,false,true,true,false,false,,0,false,0,force-dynamic,,,,,false,false,false,false,,,/api/projects|/api/v1/projexa/drawings?projectId=${encodeURIComponent(projectId)}|/api/v1/projexa/drawings/${encodeURIComponent(drawing.id)}/document-url|/api/v1/projexa/drawings,,false,false,,,,false,FORCE_DYNAMIC,NEXT_HEADERS_TRANSITIVE|SERVER_ACTION_TRANSITIVE,src/app/layout.tsx|src/app/(app)/layout.tsx,,FORCE_DYNAMIC|NEXT_HEADERS_TRANSITIVE|SERVER_ACTION_TRANSITIVE,false
compliance-tracker,page,/erp/bank-reconciliation,src/app/(app)/erp/bank-reconciliation/page.tsx,179,,,false,true,true,false,false,,0,false,0,force-dynamic,,,,,false,false,false,false,,,/api/erp/bank-accounts|/api/erp/bank-reconciliation|/api/erp/bank-reconciliation/${importId}/lines|/api/erp/bank-reconciliation/import|/api/erp/bank-reconciliation/lines/${lineId}/suggest?bankGlAccountId=${account.glAccountId}|/api/erp/bank-reconciliation/lines/${lineId}/match|/api/erp/bank-reconciliation/lines/${lineId}/ignore,,false,false,,,,false,FORCE_DYNAMIC,NEXT_HEADERS_TRANSITIVE|SERVER_ACTION_TRANSITIVE,src/app/layout.tsx|src/app/(app)/layout.tsx,,FORCE_DYNAMIC|NEXT_HEADERS_TRANSITIVE|SERVER_ACTION_TRANSITIVE,false
compliance-tracker,page,/erp/budgets,src/app/(app)/erp/budgets/page.tsx,275,,,false,true,true,false,false,,0,false,0,force-dynamic,,,,,false,false,false,false,,,/api/erp/budgets|/api/erp/fiscal-years|/api/erp/cost-centers|/api/erp/accounts|/api/erp/budgets/${budgetId}/variance|/api/erp/budgets/${id}/submit|/api/erp/budgets/${id}/cancel,,false,false,,,,false,FORCE_DYNAMIC,NEXT_HEADERS_TRANSITIVE|SERVER_ACTION_TRANSITIVE,src/app/layout.tsx|src/app/(app)/layout.tsx,,FORCE_DYNAMIC|NEXT_HEADERS_TRANSITIVE|SERVER_ACTION_TRANSITIVE,false
compliance-tracker,page,/erp/cash-management,src/app/(app)/erp/cash-management/page.tsx,178,,,false,true,true,false,false,,0,false,0,force-dynamic,,,,,false,false,false,false,,,/api/erp/accounts|/api/erp/cash-accounts|/api/erp/cash-vouchers,,false,false,,,,false,FORCE_DYNAMIC,NEXT_HEADERS_TRANSITIVE|SERVER_ACTION_TRANSITIVE,src/app/layout.tsx|src/app/(app)/layout.tsx,,FORCE_DYNAMIC|NEXT_HEADERS_TRANSITIVE|SERVER_ACTION_TRANSITIVE,false
compliance-tracker,page,/erp/clm-library,src/app/(app)/erp/clm-library/page.tsx,237,,,false,true,true,false,false,,0,false,0,force-dynamic,,,,,false,false,false,false,,,/api/clm/clauses|/api/clm/templates|/api/clm/templates/${id}|/api/clm/templates/${selectedTemplateId}/clauses|/api/clm/templates/${selectedTemplateId}/clauses/${templateClauseId},,false,false,,,,false,FORCE_DYNAMIC,NEXT_HEADERS_TRANSITIVE|SERVER_ACTION_TRANSITIVE,src/app/layout.tsx|src/app/(app)/layout.tsx,,FORCE_DYNAMIC|NEXT_HEADERS_TRANSITIVE|SERVER_ACTION_TRANSITIVE,false
compliance-tracker,page,/erp/contracts,src/app/(app)/erp/contracts/page.tsx,371,,,false,true,true,false,false,,0,false,0,force-dynamic,,,,,false,false,false,false,,,/api/erp/selling/customers|/api/erp/contracts|/api/erp/subscription-plans|/api/erp/subscriptions|/api/clm/templates|/api/erp/contracts/${id}|/api/erp/contracts/${selectedId}/obligations|/api/erp/contracts/${selectedId}/generate-from-template|/api/erp/contracts/${selectedId}/negotiation-rounds|/api/erp/contracts/obligations/${id}/complete,,false,false,,,,false,FORCE_DYNAMIC,NEXT_HEADERS_TRANSITIVE|SERVER_ACTION_TRANSITIVE,src/app/layout.tsx|src/app/(app)/layout.tsx,,FORCE_DYNAMIC|NEXT_HEADERS_TRANSITIVE|SERVER_ACTION_TRANSITIVE,false
compliance-tracker,page,/erp/credit-notes,src/app/(app)/erp/credit-notes/page.tsx,244,,,false,true,true,false,false,,0,false,0,force-dynamic,,,,,false,false,false,false,,,/api/erp/selling/customers|/api/erp/buying/suppliers|/api/erp/sales-credit-notes|/api/erp/purchase-credit-notes|/api/erp/sales-credit-notes/${id}/submit|/api/erp/purchase-credit-notes/${id}/submit,,false,false,,,,false,FORCE_DYNAMIC,NEXT_HEADERS_TRANSITIVE|SERVER_ACTION_TRANSITIVE,src/app/layout.tsx|src/app/(app)/layout.tsx,,FORCE_DYNAMIC|NEXT_HEADERS_TRANSITIVE|SERVER_ACTION_TRANSITIVE,false
compliance-tracker,page,/erp/customers/[id],src/app/(app)/erp/customers/[id]/page.tsx,82,[id],,false,false,true,false,false,,0,false,0,force-dynamic,,,,,false,false,false,false,,,/api/erp/selling/customers|/api/erp/selling/customers/${id},,false,false,,,,false,DYNAMIC_SEGMENT_NO_GSP|FORCE_DYNAMIC,NEXT_HEADERS_TRANSITIVE|SERVER_ACTION_TRANSITIVE,src/app/layout.tsx|src/app/(app)/layout.tsx,,DYNAMIC_SEGMENT_NO_GSP|FORCE_DYNAMIC|NEXT_HEADERS_TRANSITIVE|SERVER_ACTION_TRANSITIVE,false
compliance-tracker,page,/erp/customers,src/app/(app)/erp/customers/page.tsx,104,,,false,true,true,false,false,,0,false,0,force-dynamic,,,,,false,false,false,false,,,/api/erp/selling/customers,,false,false,,,,false,FORCE_DYNAMIC,NEXT_HEADERS_TRANSITIVE|SERVER_ACTION_TRANSITIVE,src/app/layout.tsx|src/app/(app)/layout.tsx,,FORCE_DYNAMIC|NEXT_HEADERS_TRANSITIVE|SERVER_ACTION_TRANSITIVE,false
compliance-tracker,page,/erp/fixed-assets/[id],src/app/(app)/erp/fixed-assets/[id]/page.tsx,254,[id],,false,false,true,false,false,,0,false,0,force-dynamic,,,,,false,false,false,false,,,/api/erp/fixed-assets/${id}|/api/erp/fixed-assets/${id}/schedule|/api/erp/fixed-assets/${id}/movements|/api/erp/fixed-assets/${id}/disposals|/api/users|/api/me,,false,false,,,,false,DYNAMIC_SEGMENT_NO_GSP|FORCE_DYNAMIC,NEXT_HEADERS_TRANSITIVE|SERVER_ACTION_TRANSITIVE,src/app/layout.tsx|src/app/(app)/layout.tsx,,DYNAMIC_SEGMENT_NO_GSP|FORCE_DYNAMIC|NEXT_HEADERS_TRANSITIVE|SERVER_ACTION_TRANSITIVE,false
compliance-tracker,page,/erp/fixed-assets,src/app/(app)/erp/fixed-assets/page.tsx,320,,,false,true,true,false,false,,0,false,0,force-dynamic,,,,,false,false,false,false,,,/api/erp/fixed-assets|/api/erp/fixed-assets/categories|/api/erp/accounts|/api/departments|/api/erp/fixed-assets/${id}/submit|/api/erp/fixed-assets/depreciation-runs,,false,false,,,,false,FORCE_DYNAMIC,NEXT_HEADERS_TRANSITIVE|SERVER_ACTION_TRANSITIVE,src/app/layout.tsx|src/app/(app)/layout.tsx,,FORCE_DYNAMIC|NEXT_HEADERS_TRANSITIVE|SERVER_ACTION_TRANSITIVE,false
compliance-tracker,page,/erp/goods-receipt/[id],src/app/(app)/erp/goods-receipt/[id]/page.tsx,192,[id],,false,false,true,false,false,,0,false,0,force-dynamic,,,,,false,false,false,false,,,/api/erp/buying/goods-receipts/${id}|/api/erp/stock/warehouses|/api/erp/buying/goods-receipts/${id}/landed-costs|/api/erp/buying/goods-receipts/items/${itemId}/putaway|/api/erp/buying/goods-receipts/${id}/putaway,,false,false,,,,false,DYNAMIC_SEGMENT_NO_GSP|FORCE_DYNAMIC,NEXT_HEADERS_TRANSITIVE|SERVER_ACTION_TRANSITIVE,src/app/layout.tsx|src/app/(app)/layout.tsx,,DYNAMIC_SEGMENT_NO_GSP|FORCE_DYNAMIC|NEXT_HEADERS_TRANSITIVE|SERVER_ACTION_TRANSITIVE,false
compliance-tracker,page,/erp/goods-receipt,src/app/(app)/erp/goods-receipt/page.tsx,266,,,false,true,true,false,false,,0,false,0,force-dynamic,,,,,false,false,false,false,,,/api/erp/buying/suppliers|/api/erp/stock/warehouses|/api/erp/buying/purchase-orders|/api/erp/buying/goods-receipts|/api/erp/buying/purchase-orders/${id}/submit|/api/erp/buying/goods-receipts/${id}/submit,,false,false,,,,false,FORCE_DYNAMIC,NEXT_HEADERS_TRANSITIVE|SERVER_ACTION_TRANSITIVE,src/app/layout.tsx|src/app/(app)/layout.tsx,,FORCE_DYNAMIC|NEXT_HEADERS_TRANSITIVE|SERVER_ACTION_TRANSITIVE,false
compliance-tracker,page,/erp/goods-receipt/three-way-match/[id],src/app/(app)/erp/goods-receipt/three-way-match/[id]/page.tsx,88,[id],,false,false,true,false,false,,0,false,0,force-dynamic,,,,,false,false,false,false,,,/api/erp/buying/purchase-orders/${id}/three-way-match,,false,false,,,,false,DYNAMIC_SEGMENT_NO_GSP|FORCE_DYNAMIC,NEXT_HEADERS_TRANSITIVE|SERVER_ACTION_TRANSITIVE,src/app/layout.tsx|src/app/(app)/layout.tsx,,DYNAMIC_SEGMENT_NO_GSP|FORCE_DYNAMIC|NEXT_HEADERS_TRANSITIVE|SERVER_ACTION_TRANSITIVE,false
compliance-tracker,page,/erp/inventory,src/app/(app)/erp/inventory/page.tsx,419,,,false,true,true,false,false,,0,false,0,force-dynamic,,,,,false,false,false,false,,,/api/erp/stock/items|/api/erp/stock/warehouses|/api/erp/inventory/ledger|/api/erp/stock/uom-conversions|/api/erp/stock/batches|/api/erp/stock/serials|/api/erp/inventory/valuation?itemId=${opItemId}&warehouseId=${opWarehouseId},,false,false,,,,false,FORCE_DYNAMIC,NEXT_HEADERS_TRANSITIVE|SERVER_ACTION_TRANSITIVE,src/app/layout.tsx|src/app/(app)/layout.tsx,,FORCE_DYNAMIC|NEXT_HEADERS_TRANSITIVE|SERVER_ACTION_TRANSITIVE,false
compliance-tracker,page,/erp/inventory-planning/[id],src/app/(app)/erp/inventory-planning/[id]/page.tsx,110,[id],,false,false,true,false,false,,0,false,0,force-dynamic,,,,,false,false,false,false,,,/api/erp/inventory/cycle-count-plans/${id}|/api/erp/inventory/cycle-count-lines/${lineId}/count|/api/erp/inventory/cycle-count-lines/${lineId}/adjust,,false,false,,,,false,DYNAMIC_SEGMENT_NO_GSP|FORCE_DYNAMIC,NEXT_HEADERS_TRANSITIVE|SERVER_ACTION_TRANSITIVE,src/app/layout.tsx|src/app/(app)/layout.tsx,,DYNAMIC_SEGMENT_NO_GSP|FORCE_DYNAMIC|NEXT_HEADERS_TRANSITIVE|SERVER_ACTION_TRANSITIVE,false
compliance-tracker,page,/erp/inventory-planning,src/app/(app)/erp/inventory-planning/page.tsx,273,,,false,true,true,false,false,,0,false,0,force-dynamic,,,,,false,false,false,false,,,/api/erp/stock/items|/api/erp/stock/warehouses|/api/erp/inventory/reorder-levels|/api/erp/inventory/reorder-suggestions|/api/erp/inventory/abc-classification|/api/erp/inventory/cycle-count-plans,,false,false,,,,false,FORCE_DYNAMIC,NEXT_HEADERS_TRANSITIVE|SERVER_ACTION_TRANSITIVE,src/app/layout.tsx|src/app/(app)/layout.tsx,,FORCE_DYNAMIC|NEXT_HEADERS_TRANSITIVE|SERVER_ACTION_TRANSITIVE,false
compliance-tracker,page,/erp/invoicing,src/app/(app)/erp/invoicing/page.tsx,620,,,false,true,true,false,false,,0,false,0,force-dynamic,,,,,false,false,false,false,,,/api/erp/selling/customers|/api/erp/buying/suppliers|/api/erp/stock/items|/api/erp/accounts|/api/erp/tax-templates|/api/erp/sales-invoices|/api/erp/purchase-invoices|/api/erp/pricing-rules|/api/erp/currencies|/api/erp/companies|/api/erp/sales-invoices/${id}/submit|/api/erp/sales-invoices/${invoiceId}/e-invoice|/api/erp/e-invoice-logs/${logId}/generate|/api/erp/purchase-invoices/${id}/submit,,false,false,,,,false,FORCE_DYNAMIC,NEXT_HEADERS_TRANSITIVE|SERVER_ACTION_TRANSITIVE,src/app/layout.tsx|src/app/(app)/layout.tsx,,FORCE_DYNAMIC|NEXT_HEADERS_TRANSITIVE|SERVER_ACTION_TRANSITIVE,false
compliance-tracker,page,/erp/journal-entries,src/app/(app)/erp/journal-entries/page.tsx,351,,,false,true,true,false,false,,0,false,0,force-dynamic,,,,,false,false,false,false,,,/api/erp/accounts|/api/erp/journal-entries|/api/erp/cost-centers|/api/erp/companies|/api/me|/api/erp/journal-entries/${id}/submit,,false,false,,,,false,FORCE_DYNAMIC,NEXT_HEADERS_TRANSITIVE|SERVER_ACTION_TRANSITIVE,src/app/layout.tsx|src/app/(app)/layout.tsx,,FORCE_DYNAMIC|NEXT_HEADERS_TRANSITIVE|SERVER_ACTION_TRANSITIVE,false
compliance-tracker,page,/erp/payment-entries,src/app/(app)/erp/payment-entries/page.tsx,321,,,false,true,true,false,false,,0,false,0,force-dynamic,,,,,false,false,false,false,,,/api/erp/payment-entries|/api/erp/payment-entries/pending-approvals|/api/erp/bank-accounts|/api/erp/selling/customers|/api/erp/buying/suppliers|/api/erp/sales-invoices|/api/erp/purchase-invoices|/api/erp/payment-entries/${id}/submit|/api/erp/payment-entries/${id}/cancel|/api/erp/payment-entries/${id}|/api/erp/payment-entries/${id}/audit-log|/api/erp/payment-entries/${detailId}/decide,,false,false,,,,false,FORCE_DYNAMIC,NEXT_HEADERS_TRANSITIVE|SERVER_ACTION_TRANSITIVE,src/app/layout.tsx|src/app/(app)/layout.tsx,,FORCE_DYNAMIC|NEXT_HEADERS_TRANSITIVE|SERVER_ACTION_TRANSITIVE,false
compliance-tracker,page,/erp/payroll,src/app/(app)/erp/payroll/page.tsx,540,,,false,true,true,false,false,,0,false,0,force-dynamic,,,,,false,false,false,false,,,/api/hr/employees|/api/erp/payroll/salary-components|/api/erp/payroll/statutory-rules|/api/erp/payroll/salary-structures|/api/erp/payroll/runs|/api/erp/payroll/income-tax-slabs|/api/erp/payroll/runs/${runId}/payslips|/api/erp/payroll/runs/${id}/process|/api/erp/payroll/payslips/${payslipId}/tds|/api/erp/payroll/payslips/${payslipId}/finalize|/api/erp/payroll/employees/${employeeProfileId}/income-tax-slab,,false,false,,,,false,FORCE_DYNAMIC,NEXT_HEADERS_TRANSITIVE|SERVER_ACTION_TRANSITIVE,src/app/layout.tsx|src/app/(app)/layout.tsx,,FORCE_DYNAMIC|NEXT_HEADERS_TRANSITIVE|SERVER_ACTION_TRANSITIVE,false
compliance-tracker,page,/erp/periods,src/app/(app)/erp/periods/page.tsx,210,,,false,true,true,false,false,,0,false,0,force-dynamic,,,,,false,false,false,false,,,/api/erp/fiscal-years|/api/erp/periods?fiscalYearId=${fyId}|/api/erp/periods/generate|/api/erp/periods/${periodId}/checklist|/api/erp/periods/checklist/${itemId}/complete|/api/erp/periods/${periodId}/sign-off|/api/erp/periods/${periodId}/close|/api/erp/periods/${periodId}/reopen,,false,false,,,,false,FORCE_DYNAMIC,NEXT_HEADERS_TRANSITIVE|SERVER_ACTION_TRANSITIVE,src/app/layout.tsx|src/app/(app)/layout.tsx,,FORCE_DYNAMIC|NEXT_HEADERS_TRANSITIVE|SERVER_ACTION_TRANSITIVE,false
compliance-tracker,page,/erp/procurement,src/app/(app)/erp/procurement/page.tsx,406,,,false,true,true,false,false,,0,false,0,force-dynamic,,,,,false,false,false,false,,,/api/erp/buying/suppliers|/api/erp/procurement/requisitions|/api/erp/procurement/rfqs|/api/erp/procurement/quotations|/api/me|/api/erp/procurement/requisitions/${id}/submit|/api/erp/procurement/rfqs/${id}/send|/api/erp/procurement/rfqs/${rfqId}/quotations|/api/erp/buying/purchase-orders,,false,false,,,,false,FORCE_DYNAMIC,NEXT_HEADERS_TRANSITIVE|SERVER_ACTION_TRANSITIVE,src/app/layout.tsx|src/app/(app)/layout.tsx,,FORCE_DYNAMIC|NEXT_HEADERS_TRANSITIVE|SERVER_ACTION_TRANSITIVE,false
compliance-tracker,page,/erp/reports,src/app/(app)/erp/reports/page.tsx,217,,,false,true,true,false,false,,0,false,0,force-dynamic,,,,,false,false,false,false,,,/api/erp/companies|/api/erp/reports/trial-balance?asOfDate=${asOfDate}${companyParams}|/api/erp/reports/profit-and-loss?fromDate=${fromDate}&toDate=${toDate}${companyParams}|/api/erp/reports/balance-sheet?asOfDate=${asOfDate}${companyParams}|/api/erp/reports/cash-flow?fromDate=${fromDate}&toDate=${toDate}${companyParams},,false,false,,,,false,FORCE_DYNAMIC,NEXT_HEADERS_TRANSITIVE|SERVER_ACTION_TRANSITIVE,src/app/layout.tsx|src/app/(app)/layout.tsx,,FORCE_DYNAMIC|NEXT_HEADERS_TRANSITIVE|SERVER_ACTION_TRANSITIVE,false
compliance-tracker,page,/erp/returns,src/app/(app)/erp/returns/page.tsx,329,,,false,true,true,false,false,,0,false,0,force-dynamic,,,,,false,false,false,false,,,/api/erp/selling/customers|/api/erp/buying/suppliers|/api/erp/stock/items|/api/erp/stock/warehouses|/api/erp/sales-credit-notes|/api/erp/purchase-credit-notes|/api/erp/returns/sales|/api/erp/returns/purchase|/api/erp/returns/sales/${id}/${action}|/api/erp/returns/purchase/${id}/${action}|/api/erp/returns/sales/${id}/credit-note|/api/erp/returns/purchase/${id}/credit-note,,false,false,,,,false,FORCE_DYNAMIC,NEXT_HEADERS_TRANSITIVE|SERVER_ACTION_TRANSITIVE,src/app/layout.tsx|src/app/(app)/layout.tsx,,FORCE_DYNAMIC|NEXT_HEADERS_TRANSITIVE|SERVER_ACTION_TRANSITIVE,false
compliance-tracker,page,/erp/suppliers/[id],src/app/(app)/erp/suppliers/[id]/page.tsx,435,[id],,false,false,true,false,false,,0,false,0,force-dynamic,,,,,false,false,false,false,,,/api/erp/buying/suppliers|/api/erp/buying/suppliers/${id}/bank-accounts|/api/erp/buying/suppliers/${id}/qualifications|/api/erp/buying/suppliers/${id}/sanction-checks|/api/erp/buying/suppliers/${id}/portal-links|/api/documents?linkedEntityType=erp_supplier&linkedEntityId=${id}|/api/documents|/api/erp/buying/suppliers/portal-links/${linkId}|/api/erp/buying/suppliers/${id},,false,false,,,,false,DYNAMIC_SEGMENT_NO_GSP|FORCE_DYNAMIC,NEXT_HEADERS_TRANSITIVE|SERVER_ACTION_TRANSITIVE,src/app/layout.tsx|src/app/(app)/layout.tsx,,DYNAMIC_SEGMENT_NO_GSP|FORCE_DYNAMIC|NEXT_HEADERS_TRANSITIVE|SERVER_ACTION_TRANSITIVE,false
compliance-tracker,page,/erp/suppliers,src/app/(app)/erp/suppliers/page.tsx,168,,,false,true,true,false,false,,0,false,0,force-dynamic,,,,,false,false,false,false,,,/api/erp/buying/suppliers|/api/erp/buying/suppliers/scorecards|/api/erp/tax-withholding-categories|/api/erp/buying/suppliers/${supplierId}/tax-withholding,,false,false,,,,false,FORCE_DYNAMIC,NEXT_HEADERS_TRANSITIVE|SERVER_ACTION_TRANSITIVE,src/app/layout.tsx|src/app/(app)/layout.tsx,,FORCE_DYNAMIC|NEXT_HEADERS_TRANSITIVE|SERVER_ACTION_TRANSITIVE,false
compliance-tracker,page,/esg,src/app/(app)/esg/page.tsx,38,,,false,true,true,false,false,,0,false,0,,,,,,false,false,false,false,,,/api/esg,,false,false,,,,false,,NEXT_HEADERS_TRANSITIVE|SERVER_ACTION_TRANSITIVE,src/app/layout.tsx|src/app/(app)/layout.tsx,,NEXT_HEADERS_TRANSITIVE|SERVER_ACTION_TRANSITIVE,false
compliance-tracker,page,/expenses,src/app/(app)/expenses/page.tsx,212,,,false,true,true,false,false,,0,false,0,force-dynamic,,,,,false,false,false,false,,,/api/projects|/api/v1/projexa/expenses?projectId=${encodeURIComponent(projectId)}|/api/v1/projexa/expenses,,false,false,,,,false,FORCE_DYNAMIC,NEXT_HEADERS_TRANSITIVE|SERVER_ACTION_TRANSITIVE,src/app/layout.tsx|src/app/(app)/layout.tsx,,FORCE_DYNAMIC|NEXT_HEADERS_TRANSITIVE|SERVER_ACTION_TRANSITIVE,false
compliance-tracker,page,/fde,src/app/(app)/fde/page.tsx,144,,,false,true,true,false,false,,0,false,0,force-dynamic,,,,,false,false,false,false,,,/api/fde/requests,,false,false,,,,false,FORCE_DYNAMIC,NEXT_HEADERS_TRANSITIVE|SERVER_ACTION_TRANSITIVE,src/app/layout.tsx|src/app/(app)/layout.tsx,,FORCE_DYNAMIC|NEXT_HEADERS_TRANSITIVE|SERVER_ACTION_TRANSITIVE,false
compliance-tracker,page,/ffe,src/app/(app)/ffe/page.tsx,303,,,false,true,true,false,false,,0,false,0,force-dynamic,,,,,false,false,false,false,,,/api/projects|/api/v1/projexa/ffe?projectId=${encodeURIComponent(projectId)}|/api/v1/projexa/ffe/margin-summary?projectId=${encodeURIComponent(projectId)}|/api/v1/projexa/ffe|/api/v1/projexa/ffe/${item.id},,false,false,,,,false,FORCE_DYNAMIC,NEXT_HEADERS_TRANSITIVE|SERVER_ACTION_TRANSITIVE,src/app/layout.tsx|src/app/(app)/layout.tsx,,FORCE_DYNAMIC|NEXT_HEADERS_TRANSITIVE|SERVER_ACTION_TRANSITIVE,false
compliance-tracker,page,/finops,src/app/(app)/finops/page.tsx,383,,,false,true,true,false,false,,0,false,0,,,,,,false,false,false,false,,,/api/ai/finops${qs}|/api/me,,false,false,,,,false,,NEXT_HEADERS_TRANSITIVE|SERVER_ACTION_TRANSITIVE,src/app/layout.tsx|src/app/(app)/layout.tsx,,NEXT_HEADERS_TRANSITIVE|SERVER_ACTION_TRANSITIVE,false
compliance-tracker,page,/floor-plans/[id],src/app/(app)/floor-plans/[id]/page.tsx,485,[id],,false,false,true,false,false,,0,false,0,force-dynamic,,,,,false,false,false,false,,,/api/v1/projexa/floor-plans/${floorPlanId}|/api/v1/projexa/ffe?projectId=${encodeURIComponent(data.projectId)}|/api/v1/projexa/design-materials|/api/v1/projexa/floor-plans/${floorPlanId}/rooms|/api/v1/projexa/floor-plans/${floorPlanId}/rooms/${roomId}|/api/v1/projexa/floor-plans/${floorPlanId}/placements|/api/v1/projexa/floor-plans/${floorPlanId}/placements/${placementId}|/api/v1/projexa/floor-plans/${floorPlanId}/placements/${selectedPlacementId},,false,false,,,,false,DYNAMIC_SEGMENT_NO_GSP|FORCE_DYNAMIC,NEXT_HEADERS_TRANSITIVE|SERVER_ACTION_TRANSITIVE,src/app/layout.tsx|src/app/(app)/layout.tsx,,DYNAMIC_SEGMENT_NO_GSP|FORCE_DYNAMIC|NEXT_HEADERS_TRANSITIVE|SERVER_ACTION_TRANSITIVE,false
compliance-tracker,page,/floor-plans,src/app/(app)/floor-plans/page.tsx,189,,,false,true,true,false,false,,0,false,0,force-dynamic,,,,,false,false,false,false,,,/api/projects|/api/v1/projexa/floor-plans?projectId=${encodeURIComponent(projectId)}|/api/v1/projexa/floor-plans,,false,false,,,,false,FORCE_DYNAMIC,NEXT_HEADERS_TRANSITIVE|SERVER_ACTION_TRANSITIVE,src/app/layout.tsx|src/app/(app)/layout.tsx,,FORCE_DYNAMIC|NEXT_HEADERS_TRANSITIVE|SERVER_ACTION_TRANSITIVE,false
compliance-tracker,page,/fm-register-digitization,src/app/(app)/fm-register-digitization/page.tsx,191,,,false,true,true,false,false,,0,false,0,,,,,,false,false,false,false,,,/api/documents|/api/fm/register-digitization/photo|/api/fm/register-digitization/${extractData.batchId}/rows,,false,false,,,,false,,NEXT_HEADERS_TRANSITIVE|SERVER_ACTION_TRANSITIVE,src/app/layout.tsx|src/app/(app)/layout.tsx,,NEXT_HEADERS_TRANSITIVE|SERVER_ACTION_TRANSITIVE,false
compliance-tracker,page,/frameworks,src/app/(app)/frameworks/page.tsx,61,,,false,true,true,false,false,,0,false,0,,,,,,false,false,false,false,,,/api/frameworks|/api/frameworks/controls/${id},,false,false,,,,false,,NEXT_HEADERS_TRANSITIVE|SERVER_ACTION_TRANSITIVE,src/app/layout.tsx|src/app/(app)/layout.tsx,,NEXT_HEADERS_TRANSITIVE|SERVER_ACTION_TRANSITIVE,false
compliance-tracker,page,/fraud-cases,src/app/(app)/fraud-cases/page.tsx,204,,,false,true,true,false,false,,0,false,0,force-dynamic,,,,,false,false,false,false,,,/api/fraud-cases|/api/fraud-cases/${id}|/api/fraud-cases/${selectedId},,false,false,,,,false,FORCE_DYNAMIC,NEXT_HEADERS_TRANSITIVE|SERVER_ACTION_TRANSITIVE,src/app/layout.tsx|src/app/(app)/layout.tsx,,FORCE_DYNAMIC|NEXT_HEADERS_TRANSITIVE|SERVER_ACTION_TRANSITIVE,false
compliance-tracker,page,/gst-reconciliation,src/app/(app)/gst-reconciliation/page.tsx,347,,,false,true,true,false,false,,0,false,0,force-dynamic,,,,,false,false,false,false,,,/api/gst-reconciliation/import|/api/gst-reconciliation/import/${batchId}/findings|/api/gst-reconciliation/import/${batchId}/confirm|/api/gst-reconciliation/reconcile|/api/gst-reconciliation/reconcile/${d.runId}|/api/gst-reconciliation/returns|/api/gst-reconciliation/returns/${generatedReturn.id}/ai-review,,false,false,,,,false,FORCE_DYNAMIC,NEXT_HEADERS_TRANSITIVE|SERVER_ACTION_TRANSITIVE,src/app/layout.tsx|src/app/(app)/layout.tsx,,FORCE_DYNAMIC|NEXT_HEADERS_TRANSITIVE|SERVER_ACTION_TRANSITIVE,false
compliance-tracker,page,/help,src/app/(app)/help/page.tsx,145,,,false,true,false,false,false,headers,0,false,0,,,,,,false,false,false,false,,,,,false,false,src/lib/supabase/server.ts (depth 1),,,false,NEXT_HEADERS,NEXT_HEADERS_TRANSITIVE|SERVER_ACTION_TRANSITIVE,src/app/layout.tsx|src/app/(app)/layout.tsx,,NEXT_HEADERS|NEXT_HEADERS_TRANSITIVE|SERVER_ACTION_TRANSITIVE,false
compliance-tracker,page,/home,src/app/(app)/home/page.tsx,480,,,false,true,true,false,false,,0,false,0,force-dynamic,,,,,false,false,false,false,,,/api/conversations|/api/conversations/${id}/messages|/api/conversations/${conversationId}/messages|/api/documents|/api/veri-chat/messages/${data.message.id}/attachments,,false,false,,,,false,FORCE_DYNAMIC,NEXT_HEADERS_TRANSITIVE|SERVER_ACTION_TRANSITIVE,src/app/layout.tsx|src/app/(app)/layout.tsx,,FORCE_DYNAMIC|NEXT_HEADERS_TRANSITIVE|SERVER_ACTION_TRANSITIVE,false
compliance-tracker,page,/hr/attendance,src/app/(app)/hr/attendance/page.tsx,474,,,false,true,true,false,false,,0,false,0,force-dynamic,,,,,false,false,false,false,,,/api/me|/api/hr/attendance?startDate=${monthStart}&endDate=${monthEnd}&userId=${myId}|/api/hr/employees|/api/departments|/api/hr/attendance?startDate=${teamDate}&endDate=${teamDate}|/api/hr/attendance/summary?month=${month}&year=${year}${deptParam}|/api/hr/attendance/holidays?year=${year}|/api/hr/attendance/check-in|/api/hr/attendance/check-out|/api/hr/attendance/bulk|/api/hr/attendance/holidays|/api/hr/attendance/holidays/${id},,false,false,,,,false,FORCE_DYNAMIC,NEXT_HEADERS_TRANSITIVE|SERVER_ACTION_TRANSITIVE,src/app/layout.tsx|src/app/(app)/layout.tsx,,FORCE_DYNAMIC|NEXT_HEADERS_TRANSITIVE|SERVER_ACTION_TRANSITIVE,false
compliance-tracker,page,/hr,src/app/(app)/hr/page.tsx,268,,,false,true,true,false,false,,0,false,0,force-dynamic,,,,,false,false,false,false,,,/api/hr/employees|/api/hr/leave-requests|/api/me|/api/hr/dashboard|/api/hr/leave-requests/${requestId},,false,false,,,,false,FORCE_DYNAMIC,NEXT_HEADERS_TRANSITIVE|SERVER_ACTION_TRANSITIVE,src/app/layout.tsx|src/app/(app)/layout.tsx,,FORCE_DYNAMIC|NEXT_HEADERS_TRANSITIVE|SERVER_ACTION_TRANSITIVE,false
compliance-tracker,page,/hr-compliance,src/app/(app)/hr-compliance/page.tsx,72,,,false,true,true,false,false,,0,false,0,,,,,,false,false,false,false,,,/api/hr-compliance|/api/hr-compliance/${id},,false,false,,,,false,,NEXT_HEADERS_TRANSITIVE|SERVER_ACTION_TRANSITIVE,src/app/layout.tsx|src/app/(app)/layout.tsx,,NEXT_HEADERS_TRANSITIVE|SERVER_ACTION_TRANSITIVE,false
compliance-tracker,page,/incidents,src/app/(app)/incidents/page.tsx,107,,,false,true,true,false,false,,0,false,0,,,,,,false,false,false,false,,,/api/incidents|/api/incidents/${id},,false,false,,,,false,,NEXT_HEADERS_TRANSITIVE|SERVER_ACTION_TRANSITIVE,src/app/layout.tsx|src/app/(app)/layout.tsx,,NEXT_HEADERS_TRANSITIVE|SERVER_ACTION_TRANSITIVE,false
compliance-tracker,page,/ingest,src/app/(app)/ingest/page.tsx,465,,,false,true,true,false,false,,0,false,0,,,,,,false,false,false,false,,,/api/ingest|/api/ingest/${data.batchId}|/api/ingest/${batch.batchId}/items/${itemId}|/api/ingest/${batch.batchId}/confirm,,false,false,,,,false,,NEXT_HEADERS_TRANSITIVE|SERVER_ACTION_TRANSITIVE,src/app/layout.tsx|src/app/(app)/layout.tsx,,NEXT_HEADERS_TRANSITIVE|SERVER_ACTION_TRANSITIVE,false
compliance-tracker,page,/ip-portfolio,src/app/(app)/ip-portfolio/page.tsx,27,,,false,true,true,false,false,,0,false,0,,,,,,false,false,false,false,,,,,false,false,,,,false,,NEXT_HEADERS_TRANSITIVE|SERVER_ACTION_TRANSITIVE,src/app/layout.tsx|src/app/(app)/layout.tsx,,NEXT_HEADERS_TRANSITIVE|SERVER_ACTION_TRANSITIVE,false
compliance-tracker,page,/irdai,src/app/(app)/irdai/page.tsx,35,,,false,true,true,false,false,,0,false,0,,,,,,false,false,false,false,,,/api/irdai,,false,false,,,,false,,NEXT_HEADERS_TRANSITIVE|SERVER_ACTION_TRANSITIVE,src/app/layout.tsx|src/app/(app)/layout.tsx,,NEXT_HEADERS_TRANSITIVE|SERVER_ACTION_TRANSITIVE,false
compliance-tracker,page,/it-dr/[id],src/app/(app)/it-dr/[id]/page.tsx,135,[id],,false,false,true,false,false,,0,false,0,force-dynamic,,,,,false,false,false,false,,,/api/it-dr/${id}|/api/it-dr/${id}/backup-verifications|/api/it-dr/${id}/failover-tests,,false,false,,,,false,DYNAMIC_SEGMENT_NO_GSP|FORCE_DYNAMIC,NEXT_HEADERS_TRANSITIVE|SERVER_ACTION_TRANSITIVE,src/app/layout.tsx|src/app/(app)/layout.tsx,,DYNAMIC_SEGMENT_NO_GSP|FORCE_DYNAMIC|NEXT_HEADERS_TRANSITIVE|SERVER_ACTION_TRANSITIVE,false
compliance-tracker,page,/it-dr,src/app/(app)/it-dr/page.tsx,128,,,false,true,true,false,false,,0,false,0,force-dynamic,,,,,false,false,false,false,,,/api/it-dr,,false,false,,,,false,FORCE_DYNAMIC,NEXT_HEADERS_TRANSITIVE|SERVER_ACTION_TRANSITIVE,src/app/layout.tsx|src/app/(app)/layout.tsx,,FORCE_DYNAMIC|NEXT_HEADERS_TRANSITIVE|SERVER_ACTION_TRANSITIVE,false
compliance-tracker,page,/knowledge-base/[slug],src/app/(app)/knowledge-base/[slug]/page.tsx,95,[slug],,false,false,true,false,false,,0,false,0,force-dynamic,,,,,false,false,false,false,,,/api/knowledge-base/pages/by-slug?slug=${slug}|/api/knowledge-base/pages/${page.id},,false,false,,,,false,DYNAMIC_SEGMENT_NO_GSP|FORCE_DYNAMIC,NEXT_HEADERS_TRANSITIVE|SERVER_ACTION_TRANSITIVE,src/app/layout.tsx|src/app/(app)/layout.tsx,,DYNAMIC_SEGMENT_NO_GSP|FORCE_DYNAMIC|NEXT_HEADERS_TRANSITIVE|SERVER_ACTION_TRANSITIVE,false
compliance-tracker,page,/knowledge-base,src/app/(app)/knowledge-base/page.tsx,173,,,false,true,true,false,false,,0,false,0,force-dynamic,,,,,false,false,false,false,,,/api/knowledge-base/pages|/api/knowledge-base/pages/search?q=${encodeURIComponent(q)},,false,false,,,,false,FORCE_DYNAMIC,NEXT_HEADERS_TRANSITIVE|SERVER_ACTION_TRANSITIVE,src/app/layout.tsx|src/app/(app)/layout.tsx,,FORCE_DYNAMIC|NEXT_HEADERS_TRANSITIVE|SERVER_ACTION_TRANSITIVE,false
compliance-tracker,page,/kpi-hub,src/app/(app)/kpi-hub/page.tsx,115,,,false,true,true,false,false,,0,false,0,force-dynamic,,,,,false,false,false,false,,,/api/kpi-hub,,false,false,,,,false,FORCE_DYNAMIC,NEXT_HEADERS_TRANSITIVE|SERVER_ACTION_TRANSITIVE,src/app/layout.tsx|src/app/(app)/layout.tsx,,FORCE_DYNAMIC|NEXT_HEADERS_TRANSITIVE|SERVER_ACTION_TRANSITIVE,false
compliance-tracker,page,/labour,src/app/(app)/labour/page.tsx,322,,,false,true,true,false,false,,0,false,0,force-dynamic,,,,,false,false,false,false,,,/api/projects|/api/construction/labour-roster?projectId=${encodeURIComponent(projectId)}|/api/construction/attendance?projectId=${encodeURIComponent(projectId)}|/api/construction/labour-roster|/api/construction/attendance,,false,false,,,,false,FORCE_DYNAMIC,NEXT_HEADERS_TRANSITIVE|SERVER_ACTION_TRANSITIVE,src/app/layout.tsx|src/app/(app)/layout.tsx,,FORCE_DYNAMIC|NEXT_HEADERS_TRANSITIVE|SERVER_ACTION_TRANSITIVE,false
compliance-tracker,layout,/,src/app/(app)/layout.tsx,24,,,false,true,false,false,false,,0,false,0,,,,,,false,false,false,false,,,,,false,false,src/lib/supabase/server.ts (depth 1),src/i18n/actions.ts (depth 4),src/i18n/request.ts,false,NEXT_HEADERS_TRANSITIVE|SERVER_ACTION_TRANSITIVE,NEXT_HEADERS_TRANSITIVE,src/app/layout.tsx,,NEXT_HEADERS_TRANSITIVE|SERVER_ACTION_TRANSITIVE,false
compliance-tracker,page,/leave-holiday,src/app/(app)/leave-holiday/page.tsx,47,,,false,true,true,false,false,,0,false,0,,,,,,false,false,false,false,,,/api/leave-holiday,,false,false,,,,false,,NEXT_HEADERS_TRANSITIVE|SERVER_ACTION_TRANSITIVE,src/app/layout.tsx|src/app/(app)/layout.tsx,,NEXT_HEADERS_TRANSITIVE|SERVER_ACTION_TRANSITIVE,false
compliance-tracker,page,/legal-matters,src/app/(app)/legal-matters/page.tsx,315,,,false,true,true,false,false,,0,false,0,force-dynamic,,,,,false,false,false,false,,,/api/legal-matters|/api/litigation|/api/ip-portfolio|/api/legal-opinions|/api/legal-matters/${id}|/api/documents?linkedEntityType=legal_matter&linkedEntityId=${id}|/api/legal-matters/${selectedId}/link|/api/legal-matters/${selectedId}/arbitration|/api/legal-matters/arbitration/${id}|/api/legal-matters/${selectedId}/spend|/api/documents,,false,false,,,,false,FORCE_DYNAMIC,NEXT_HEADERS_TRANSITIVE|SERVER_ACTION_TRANSITIVE,src/app/layout.tsx|src/app/(app)/layout.tsx,,FORCE_DYNAMIC|NEXT_HEADERS_TRANSITIVE|SERVER_ACTION_TRANSITIVE,false
compliance-tracker,page,/legal-opinions,src/app/(app)/legal-opinions/page.tsx,149,,,false,true,true,false,false,,0,false,0,force-dynamic,,,,,false,false,false,false,,,/api/legal-opinions|/api/clm/templates|/api/legal-opinions/${o.id}|/api/legal-opinions/${selected.id}/generate,,false,false,,,,false,FORCE_DYNAMIC,NEXT_HEADERS_TRANSITIVE|SERVER_ACTION_TRANSITIVE,src/app/layout.tsx|src/app/(app)/layout.tsx,,FORCE_DYNAMIC|NEXT_HEADERS_TRANSITIVE|SERVER_ACTION_TRANSITIVE,false
compliance-tracker,page,/legal-vendors,src/app/(app)/legal-vendors/page.tsx,29,,,false,true,true,false,false,,0,false,0,,,,,,false,false,false,false,,,,,false,false,,,,false,,NEXT_HEADERS_TRANSITIVE|SERVER_ACTION_TRANSITIVE,src/app/layout.tsx|src/app/(app)/layout.tsx,,NEXT_HEADERS_TRANSITIVE|SERVER_ACTION_TRANSITIVE,false
compliance-tracker,page,/litigation,src/app/(app)/litigation/page.tsx,79,,,false,true,true,false,false,,0,false,0,,,,,,false,false,false,false,,,/api/litigation|/api/litigation/${m.id},,false,false,,,,false,,NEXT_HEADERS_TRANSITIVE|SERVER_ACTION_TRANSITIVE,src/app/layout.tsx|src/app/(app)/layout.tsx,,NEXT_HEADERS_TRANSITIVE|SERVER_ACTION_TRANSITIVE,false
compliance-tracker,page,/materials,src/app/(app)/materials/page.tsx,91,,,false,true,true,false,false,,0,false,0,force-dynamic,,,,,false,false,false,false,,,/api/v1/projexa/materials,,false,false,,,,false,FORCE_DYNAMIC,NEXT_HEADERS_TRANSITIVE|SERVER_ACTION_TRANSITIVE,src/app/layout.tsx|src/app/(app)/layout.tsx,,FORCE_DYNAMIC|NEXT_HEADERS_TRANSITIVE|SERVER_ACTION_TRANSITIVE,false
compliance-tracker,page,/mca-filings,src/app/(app)/mca-filings/page.tsx,191,,,false,true,true,false,false,,0,false,0,force-dynamic,,,,,false,false,false,false,,,/api/mca-filings|/api/directors|/api/charges|/api/mca-filings/${f.id}|/api/mca-filings/${selectedFiling.id}/generate,,false,false,,,,false,FORCE_DYNAMIC,NEXT_HEADERS_TRANSITIVE|SERVER_ACTION_TRANSITIVE,src/app/layout.tsx|src/app/(app)/layout.tsx,,FORCE_DYNAMIC|NEXT_HEADERS_TRANSITIVE|SERVER_ACTION_TRANSITIVE,false
compliance-tracker,page,/mdm-quality,src/app/(app)/mdm-quality/page.tsx,228,,,false,true,true,false,false,,0,false,0,force-dynamic,,,,,false,false,false,false,,,/api/mdm/duplicates?entityType=${entityType}&status=pending|/api/mdm/quality-scores?entityType=${entityType}|/api/mdm/duplicates/scan|/api/mdm/duplicates/${candidateId}/review|/api/mdm/duplicates/${mergeCandidate.id}/merge|/api/mdm/duplicates?entityType=${entityType}&status=confirmed_duplicate,,false,false,,,,false,FORCE_DYNAMIC,NEXT_HEADERS_TRANSITIVE|SERVER_ACTION_TRANSITIVE,src/app/layout.tsx|src/app/(app)/layout.tsx,,FORCE_DYNAMIC|NEXT_HEADERS_TRANSITIVE|SERVER_ACTION_TRANSITIVE,false
compliance-tracker,page,/metric-alerts,src/app/(app)/metric-alerts/page.tsx,233,,,false,true,true,false,false,,0,false,0,force-dynamic,,,,,false,false,false,false,,,/api/metric-alert-rules|/api/metric-alert-rules/${rule.id}|/api/metric-alert-rules/${ruleId},,false,false,,,,false,FORCE_DYNAMIC,NEXT_HEADERS_TRANSITIVE|SERVER_ACTION_TRANSITIVE,src/app/layout.tsx|src/app/(app)/layout.tsx,,FORCE_DYNAMIC|NEXT_HEADERS_TRANSITIVE|SERVER_ACTION_TRANSITIVE,false
compliance-tracker,page,/mood-boards,src/app/(app)/mood-boards/page.tsx,273,,,false,true,true,false,false,,0,false,0,force-dynamic,,,,,false,false,false,false,,,/api/projects|/api/v1/projexa/mood-boards?projectId=${encodeURIComponent(projectId)}|/api/v1/projexa/mood-boards|/api/v1/projexa/mood-boards/${addingTo.id}|/api/v1/projexa/mood-boards/${board.id},,false,false,,,,false,FORCE_DYNAMIC,NEXT_HEADERS_TRANSITIVE|SERVER_ACTION_TRANSITIVE,src/app/layout.tsx|src/app/(app)/layout.tsx,,FORCE_DYNAMIC|NEXT_HEADERS_TRANSITIVE|SERVER_ACTION_TRANSITIVE,false
compliance-tracker,page,/notices/[id],src/app/(app)/notices/[id]/page.tsx,517,[id],,false,false,true,false,false,,0,false,0,,,,,,false,false,false,false,,,/api/notices/${id},,false,false,,,,false,DYNAMIC_SEGMENT_NO_GSP,NEXT_HEADERS_TRANSITIVE|SERVER_ACTION_TRANSITIVE,src/app/layout.tsx|src/app/(app)/layout.tsx,,DYNAMIC_SEGMENT_NO_GSP|NEXT_HEADERS_TRANSITIVE|SERVER_ACTION_TRANSITIVE,false
compliance-tracker,page,/notices/new,src/app/(app)/notices/new/page.tsx,292,,,false,true,true,false,false,,0,false,0,,,,,,false,false,false,false,,,/api/departments|/api/users|/api/notices,,false,false,,,,false,,NEXT_HEADERS_TRANSITIVE|SERVER_ACTION_TRANSITIVE,src/app/layout.tsx|src/app/(app)/layout.tsx,,NEXT_HEADERS_TRANSITIVE|SERVER_ACTION_TRANSITIVE,false
compliance-tracker,page,/notices,src/app/(app)/notices/page.tsx,374,,,false,true,true,false,false,,0,false,0,,,,,,false,false,false,false,,,/api/departments|/api/notices?${params},,false,false,,,,false,,NEXT_HEADERS_TRANSITIVE|SERVER_ACTION_TRANSITIVE,src/app/layout.tsx|src/app/(app)/layout.tsx,,NEXT_HEADERS_TRANSITIVE|SERVER_ACTION_TRANSITIVE,false
compliance-tracker,page,/orchestra/analytics,src/app/(app)/orchestra/analytics/page.tsx,122,,,false,true,true,false,false,,0,false,0,force-dynamic,,,,,false,false,false,false,,,/api/orchestra/analytics?sinceDays=${sinceDays},,false,false,,,,false,FORCE_DYNAMIC,NEXT_HEADERS_TRANSITIVE|SERVER_ACTION_TRANSITIVE,src/app/layout.tsx|src/app/(app)/layout.tsx,,FORCE_DYNAMIC|NEXT_HEADERS_TRANSITIVE|SERVER_ACTION_TRANSITIVE,false
compliance-tracker,page,/orchestra,src/app/(app)/orchestra/page.tsx,133,,,false,true,true,false,false,,0,false,0,,,,,,false,false,false,false,,,/api/assistants,,false,false,,,,false,,NEXT_HEADERS_TRANSITIVE|SERVER_ACTION_TRANSITIVE,src/app/layout.tsx|src/app/(app)/layout.tsx,,NEXT_HEADERS_TRANSITIVE|SERVER_ACTION_TRANSITIVE,false
compliance-tracker,page,/penalties,src/app/(app)/penalties/page.tsx,456,,,false,true,true,false,false,,0,false,0,,,,,,false,false,false,false,,,/api/compliance?status=overdue&limit=100,,false,false,,,,false,,NEXT_HEADERS_TRANSITIVE|SERVER_ACTION_TRANSITIVE,src/app/layout.tsx|src/app/(app)/layout.tsx,,NEXT_HEADERS_TRANSITIVE|SERVER_ACTION_TRANSITIVE,false
compliance-tracker,page,/performance-reviews,src/app/(app)/performance-reviews/page.tsx,217,,,false,true,true,false,false,,0,false,0,force-dynamic,,,,,false,false,false,false,,,/api/performance-reviews/cycles|/api/performance-reviews/reviews|/api/performance-reviews/cycles/${id}/activate|/api/performance-reviews/cycles/${id}/close|/api/performance-reviews/reviews/${editingReview.id}|/api/performance-reviews/reviews/${id}/submit|/api/performance-reviews/reviews/${id}/acknowledge,,false,false,,,,false,FORCE_DYNAMIC,NEXT_HEADERS_TRANSITIVE|SERVER_ACTION_TRANSITIVE,src/app/layout.tsx|src/app/(app)/layout.tsx,,FORCE_DYNAMIC|NEXT_HEADERS_TRANSITIVE|SERVER_ACTION_TRANSITIVE,false
compliance-tracker,page,/permits,src/app/(app)/permits/page.tsx,255,,,false,true,true,false,false,,0,false,0,force-dynamic,,,,,false,false,false,false,,,/api/projects|/api/v1/projexa/permits?${params.toString()}|/api/v1/projexa/permits/${encodeURIComponent(permit.id)}|/api/v1/projexa/permits,,false,false,,,,false,FORCE_DYNAMIC,NEXT_HEADERS_TRANSITIVE|SERVER_ACTION_TRANSITIVE,src/app/layout.tsx|src/app/(app)/layout.tsx,,FORCE_DYNAMIC|NEXT_HEADERS_TRANSITIVE|SERVER_ACTION_TRANSITIVE,false
compliance-tracker,page,/pms/[projectId]/board,src/app/(app)/pms/[projectId]/board/page.tsx,172,[projectId],,false,false,true,false,false,,0,false,0,,,,,,false,false,false,false,,,/api/projects/${projectId}|/api/pms/issues?projectId=${projectId}|/api/pms/issue-statuses?projectId=${projectId}|/api/pms/issues/${issueId},,false,false,,,,false,DYNAMIC_SEGMENT_NO_GSP,NEXT_HEADERS_TRANSITIVE|SERVER_ACTION_TRANSITIVE,src/app/layout.tsx|src/app/(app)/layout.tsx,,DYNAMIC_SEGMENT_NO_GSP|NEXT_HEADERS_TRANSITIVE|SERVER_ACTION_TRANSITIVE,false
compliance-tracker,page,/pms/[projectId]/budgets,src/app/(app)/pms/[projectId]/budgets/page.tsx,209,[projectId],,false,false,true,false,false,,0,false,0,,,,,,false,false,false,false,,,/api/projects/${projectId}|/api/pms/budgets?projectId=${projectId}|/api/pms/budgets/${b.id}|/api/pms/budgets|/api/pms/budgets/${budgetId}/line-items,,false,false,,,,false,DYNAMIC_SEGMENT_NO_GSP,NEXT_HEADERS_TRANSITIVE|SERVER_ACTION_TRANSITIVE,src/app/layout.tsx|src/app/(app)/layout.tsx,,DYNAMIC_SEGMENT_NO_GSP|NEXT_HEADERS_TRANSITIVE|SERVER_ACTION_TRANSITIVE,false
compliance-tracker,page,/pms/[projectId]/issues,src/app/(app)/pms/[projectId]/issues/page.tsx,116,[projectId],,false,false,true,false,false,,0,false,0,,,,,,false,false,false,false,,,/api/projects/${projectId}|/api/pms/issues?projectId=${projectId}|/api/pms/issue-statuses?projectId=${projectId},,false,false,,,,false,DYNAMIC_SEGMENT_NO_GSP,NEXT_HEADERS_TRANSITIVE|SERVER_ACTION_TRANSITIVE,src/app/layout.tsx|src/app/(app)/layout.tsx,,DYNAMIC_SEGMENT_NO_GSP|NEXT_HEADERS_TRANSITIVE|SERVER_ACTION_TRANSITIVE,false
compliance-tracker,page,/pms/[projectId]/meetings,src/app/(app)/pms/[projectId]/meetings/page.tsx,202,[projectId],,false,false,true,false,false,,0,false,0,,,,,,false,false,false,false,,,/api/projects/${projectId}|/api/pms/meetings?projectId=${projectId}|/api/pms/meetings/${m.id}|/api/pms/meetings|/api/pms/meetings/${meetingId}/outcomes,,false,false,,,,false,DYNAMIC_SEGMENT_NO_GSP,NEXT_HEADERS_TRANSITIVE|SERVER_ACTION_TRANSITIVE,src/app/layout.tsx|src/app/(app)/layout.tsx,,DYNAMIC_SEGMENT_NO_GSP|NEXT_HEADERS_TRANSITIVE|SERVER_ACTION_TRANSITIVE,false
compliance-tracker,page,/pms/[projectId],src/app/(app)/pms/[projectId]/page.tsx,7,[projectId],,false,false,false,false,false,,1,true,0,,,,,,false,false,false,false,,,,,false,false,,,,false,DYNAMIC_SEGMENT_NO_GSP|REDIRECT_IN_SERVER_COMPONENT,NEXT_HEADERS_TRANSITIVE|SERVER_ACTION_TRANSITIVE,src/app/layout.tsx|src/app/(app)/layout.tsx,,DYNAMIC_SEGMENT_NO_GSP|REDIRECT_IN_SERVER_COMPONENT|NEXT_HEADERS_TRANSITIVE|SERVER_ACTION_TRANSITIVE,false
compliance-tracker,page,/pms/[projectId]/roadmap,src/app/(app)/pms/[projectId]/roadmap/page.tsx,112,[projectId],,false,false,true,false,false,,0,false,0,,,,,,false,false,false,false,,,/api/projects/${projectId}|/api/pms/issues?projectId=${projectId}|/api/pms/milestones?projectId=${projectId},,false,false,,,,false,DYNAMIC_SEGMENT_NO_GSP,NEXT_HEADERS_TRANSITIVE|SERVER_ACTION_TRANSITIVE,src/app/layout.tsx|src/app/(app)/layout.tsx,,DYNAMIC_SEGMENT_NO_GSP|NEXT_HEADERS_TRANSITIVE|SERVER_ACTION_TRANSITIVE,false
compliance-tracker,page,/pms/[projectId]/sprints,src/app/(app)/pms/[projectId]/sprints/page.tsx,271,[projectId],,false,false,true,false,false,,0,false,0,,,,,,false,false,false,false,,,/api/projects/${projectId}|/api/pms/sprints?projectId=${projectId}|/api/pms/issues?projectId=${projectId}|/api/pms/sprints/${s.id}/issues|/api/pms/sprints|/api/pms/sprints/${sprintId}|/api/pms/sprints/${sprintId}/issues|/api/pms/sprints/${sprintId}/issues?issueId=${issueId},,false,false,,,,false,DYNAMIC_SEGMENT_NO_GSP,NEXT_HEADERS_TRANSITIVE|SERVER_ACTION_TRANSITIVE,src/app/layout.tsx|src/app/(app)/layout.tsx,,DYNAMIC_SEGMENT_NO_GSP|NEXT_HEADERS_TRANSITIVE|SERVER_ACTION_TRANSITIVE,false
compliance-tracker,page,/pms/[projectId]/time,src/app/(app)/pms/[projectId]/time/page.tsx,171,[projectId],,false,false,true,false,false,,0,false,0,,,,,,false,false,false,false,,,/api/projects/${projectId}|/api/pms/time-entries?projectId=${projectId}|/api/pms/issues?projectId=${projectId}|/api/pms/time-entries,,false,false,,,,false,DYNAMIC_SEGMENT_NO_GSP,NEXT_HEADERS_TRANSITIVE|SERVER_ACTION_TRANSITIVE,src/app/layout.tsx|src/app/(app)/layout.tsx,,DYNAMIC_SEGMENT_NO_GSP|NEXT_HEADERS_TRANSITIVE|SERVER_ACTION_TRANSITIVE,false
compliance-tracker,page,/pms/[projectId]/wiki/[slug],src/app/(app)/pms/[projectId]/wiki/[slug]/page.tsx,95,[projectId]|[slug],,false,false,true,false,false,,0,false,0,,,,,,false,false,false,false,,,/api/projects/${projectId}|/api/pms/wiki/by-slug?projectId=${projectId}&slug=${slug}|/api/pms/wiki/${page.id},,false,false,,,,false,DYNAMIC_SEGMENT_NO_GSP,NEXT_HEADERS_TRANSITIVE|SERVER_ACTION_TRANSITIVE,src/app/layout.tsx|src/app/(app)/layout.tsx,,DYNAMIC_SEGMENT_NO_GSP|NEXT_HEADERS_TRANSITIVE|SERVER_ACTION_TRANSITIVE,false
compliance-tracker,page,/pms/[projectId]/wiki,src/app/(app)/pms/[projectId]/wiki/page.tsx,125,[projectId],,false,false,true,false,false,,0,false,0,,,,,,false,false,false,false,,,/api/projects/${projectId}|/api/pms/wiki?projectId=${projectId}|/api/pms/wiki,,false,false,,,,false,DYNAMIC_SEGMENT_NO_GSP,NEXT_HEADERS_TRANSITIVE|SERVER_ACTION_TRANSITIVE,src/app/layout.tsx|src/app/(app)/layout.tsx,,DYNAMIC_SEGMENT_NO_GSP|NEXT_HEADERS_TRANSITIVE|SERVER_ACTION_TRANSITIVE,false
compliance-tracker,page,/pms,src/app/(app)/pms/page.tsx,252,,,false,true,true,false,false,,0,false,0,,,,,,false,false,false,false,,,/api/me|/api/projects,,false,false,,,,false,,NEXT_HEADERS_TRANSITIVE|SERVER_ACTION_TRANSITIVE,src/app/layout.tsx|src/app/(app)/layout.tsx,,NEXT_HEADERS_TRANSITIVE|SERVER_ACTION_TRANSITIVE,false
compliance-tracker,page,/policies,src/app/(app)/policies/page.tsx,100,,,false,true,true,false,false,,0,false,0,,,,,,false,false,false,false,,,/api/policies|/api/policies/${id},,false,false,,,,false,,NEXT_HEADERS_TRANSITIVE|SERVER_ACTION_TRANSITIVE,src/app/layout.tsx|src/app/(app)/layout.tsx,,NEXT_HEADERS_TRANSITIVE|SERVER_ACTION_TRANSITIVE,false
compliance-tracker,page,/posh,src/app/(app)/posh/page.tsx,97,,,false,true,true,false,false,,0,false,0,,,,,,false,false,false,false,,,/api/posh,,false,false,,,,false,,NEXT_HEADERS_TRANSITIVE|SERVER_ACTION_TRANSITIVE,src/app/layout.tsx|src/app/(app)/layout.tsx,,NEXT_HEADERS_TRANSITIVE|SERVER_ACTION_TRANSITIVE,false
compliance-tracker,page,/problem-records,src/app/(app)/problem-records/page.tsx,130,,,false,true,true,false,false,,0,false,0,force-dynamic,,,,,false,false,false,false,,,/api/problem-records|/api/problem-records/${id},,false,false,,,,false,FORCE_DYNAMIC,NEXT_HEADERS_TRANSITIVE|SERVER_ACTION_TRANSITIVE,src/app/layout.tsx|src/app/(app)/layout.tsx,,FORCE_DYNAMIC|NEXT_HEADERS_TRANSITIVE|SERVER_ACTION_TRANSITIVE,false
compliance-tracker,page,/prompt-eval,src/app/(app)/prompt-eval/page.tsx,237,,,false,true,true,false,false,,0,false,0,force-dynamic,,,,,false,false,false,false,,,/api/settings/prompts|/api/prompt-eval/cases?templateKey=${encodeURIComponent(templateKey)}|/api/prompt-eval/cases/${evalCase.id}/runs|/api/prompt-eval/cases|/api/prompt-eval/cases/${selectedCase.id}/run,,false,false,,,,false,FORCE_DYNAMIC,NEXT_HEADERS_TRANSITIVE|SERVER_ACTION_TRANSITIVE,src/app/layout.tsx|src/app/(app)/layout.tsx,,FORCE_DYNAMIC|NEXT_HEADERS_TRANSITIVE|SERVER_ACTION_TRANSITIVE,false
compliance-tracker,page,/prompt-marketplace,src/app/(app)/prompt-marketplace/page.tsx,132,,,false,true,true,false,false,,0,false,0,force-dynamic,,,,,false,false,false,false,,,/api/prompt-marketplace|/api/settings/prompts,,false,false,,,,false,FORCE_DYNAMIC,NEXT_HEADERS_TRANSITIVE|SERVER_ACTION_TRANSITIVE,src/app/layout.tsx|src/app/(app)/layout.tsx,,FORCE_DYNAMIC|NEXT_HEADERS_TRANSITIVE|SERVER_ACTION_TRANSITIVE,false
compliance-tracker,page,/punch-list,src/app/(app)/punch-list/page.tsx,240,,,false,true,true,false,false,,0,false,0,force-dynamic,,,,,false,false,false,false,,,/api/projects|/api/v1/projexa/punch-list?${params.toString()}|/api/v1/projexa/punch-list|/api/v1/projexa/punch-list/${id},,false,false,,,,false,FORCE_DYNAMIC,NEXT_HEADERS_TRANSITIVE|SERVER_ACTION_TRANSITIVE,src/app/layout.tsx|src/app/(app)/layout.tsx,,FORCE_DYNAMIC|NEXT_HEADERS_TRANSITIVE|SERVER_ACTION_TRANSITIVE,false
compliance-tracker,page,/rbi,src/app/(app)/rbi/page.tsx,35,,,false,true,true,false,false,,0,false,0,,,,,,false,false,false,false,,,/api/rbi,,false,false,,,,false,,NEXT_HEADERS_TRANSITIVE|SERVER_ACTION_TRANSITIVE,src/app/layout.tsx|src/app/(app)/layout.tsx,,NEXT_HEADERS_TRANSITIVE|SERVER_ACTION_TRANSITIVE,false
compliance-tracker,page,/recruitment,src/app/(app)/recruitment/page.tsx,272,,,false,true,true,false,false,,0,false,0,force-dynamic,,,,,false,false,false,false,,,/api/recruitment/job-openings|/api/recruitment/candidates|/api/recruitment/applications|/api/recruitment/applications/${applicationId}/stage,,false,false,,,,false,FORCE_DYNAMIC,NEXT_HEADERS_TRANSITIVE|SERVER_ACTION_TRANSITIVE,src/app/layout.tsx|src/app/(app)/layout.tsx,,FORCE_DYNAMIC|NEXT_HEADERS_TRANSITIVE|SERVER_ACTION_TRANSITIVE,false
compliance-tracker,page,/reports/create,src/app/(app)/reports/create/page.tsx,231,,,false,true,true,false,false,,0,false,0,,,,,,false,false,false,false,,,/api/reports/ai-builder/analyze|/api/reports/saved,,false,false,,,,false,,NEXT_HEADERS_TRANSITIVE|SERVER_ACTION_TRANSITIVE,src/app/layout.tsx|src/app/(app)/layout.tsx,,NEXT_HEADERS_TRANSITIVE|SERVER_ACTION_TRANSITIVE,false
compliance-tracker,page,/reports,src/app/(app)/reports/page.tsx,639,,,false,true,true,false,false,,0,false,0,,,,,,false,false,false,false,,,/api/compliance/stats|/api/compliance?limit=1000|/api/compliance/export-event,,false,false,,,,false,,NEXT_HEADERS_TRANSITIVE|SERVER_ACTION_TRANSITIVE,src/app/layout.tsx|src/app/(app)/layout.tsx,,NEXT_HEADERS_TRANSITIVE|SERVER_ACTION_TRANSITIVE,false
compliance-tracker,page,/rewards,src/app/(app)/rewards/page.tsx,559,,,false,true,true,false,false,,0,false,0,force-dynamic,,,,,false,false,false,false,,,/api/veri-reward/history?${params.toString()}|/api/veri-reward|/api/veri-reward/leaderboard?limit=10|/api/veri-reward/referral|/api/veri-reward/admin-report|/api/veri-reward/streak|/api/veri-reward/leaderboard?${params.toString()}|/api/veri-reward/export?${params.toString()},,false,false,,,,false,FORCE_DYNAMIC,NEXT_HEADERS_TRANSITIVE|SERVER_ACTION_TRANSITIVE,src/app/layout.tsx|src/app/(app)/layout.tsx,,FORCE_DYNAMIC|NEXT_HEADERS_TRANSITIVE|SERVER_ACTION_TRANSITIVE,false
compliance-tracker,page,/rfis,src/app/(app)/rfis/page.tsx,254,,,false,true,true,false,false,,0,false,0,force-dynamic,,,,,false,false,false,false,,,/api/projects|/api/v1/projexa/rfis?${params.toString()}|/api/v1/projexa/rfis|/api/v1/projexa/rfis/${answering.id}|/api/v1/projexa/rfis/${id},,false,false,,,,false,FORCE_DYNAMIC,NEXT_HEADERS_TRANSITIVE|SERVER_ACTION_TRANSITIVE,src/app/layout.tsx|src/app/(app)/layout.tsx,,FORCE_DYNAMIC|NEXT_HEADERS_TRANSITIVE|SERVER_ACTION_TRANSITIVE,false
compliance-tracker,page,/risks,src/app/(app)/risks/page.tsx,77,,,false,true,true,false,false,,0,false,0,,,,,,false,false,false,false,,,/api/risks,,false,false,,,,false,,NEXT_HEADERS_TRANSITIVE|SERVER_ACTION_TRANSITIVE,src/app/layout.tsx|src/app/(app)/layout.tsx,,NEXT_HEADERS_TRANSITIVE|SERVER_ACTION_TRANSITIVE,false
compliance-tracker,page,/rpt,src/app/(app)/rpt/page.tsx,50,,,false,true,true,false,false,,0,false,0,,,,,,false,false,false,false,,,/api/rpt,,false,false,,,,false,,NEXT_HEADERS_TRANSITIVE|SERVER_ACTION_TRANSITIVE,src/app/layout.tsx|src/app/(app)/layout.tsx,,NEXT_HEADERS_TRANSITIVE|SERVER_ACTION_TRANSITIVE,false
compliance-tracker,page,/sales-hq,src/app/(app)/sales-hq/page.tsx,241,,,false,true,true,false,false,,0,false,0,,,,,,false,false,false,false,,,/api/sales-hq/overview|/api/sales-hq/partners|/api/sales-hq/commission-plans|/api/sales-hq/partners/${id},,false,false,,,,false,,NEXT_HEADERS_TRANSITIVE|SERVER_ACTION_TRANSITIVE,src/app/layout.tsx|src/app/(app)/layout.tsx,,NEXT_HEADERS_TRANSITIVE|SERVER_ACTION_TRANSITIVE,false
compliance-tracker,page,/schedule,src/app/(app)/schedule/page.tsx,195,,,false,true,true,false,false,,0,false,0,force-dynamic,,,,,false,false,false,false,,,/api/projects|/api/v1/projexa/schedule?${new URLSearchParams({ projectId }).toString()}|/api/v1/projexa/schedule,,false,false,,,,false,FORCE_DYNAMIC,NEXT_HEADERS_TRANSITIVE|SERVER_ACTION_TRANSITIVE,src/app/layout.tsx|src/app/(app)/layout.tsx,,FORCE_DYNAMIC|NEXT_HEADERS_TRANSITIVE|SERVER_ACTION_TRANSITIVE,false
compliance-tracker,page,/scope/[id],src/app/(app)/scope/[id]/page.tsx,431,[id],,false,false,true,false,false,,0,false,0,force-dynamic,,,,,false,false,false,false,,,/api/construction/boq/${boqId}|/api/construction/boq/${boqId}/submit|/api/construction/boq/${boqId}/approve|/api/construction/boq/${boqId}/compare|/api/construction/boq/${boqId}/revisions,,false,false,,,,false,DYNAMIC_SEGMENT_NO_GSP|FORCE_DYNAMIC,NEXT_HEADERS_TRANSITIVE|SERVER_ACTION_TRANSITIVE,src/app/layout.tsx|src/app/(app)/layout.tsx,,DYNAMIC_SEGMENT_NO_GSP|FORCE_DYNAMIC|NEXT_HEADERS_TRANSITIVE|SERVER_ACTION_TRANSITIVE,false
compliance-tracker,page,/scope,src/app/(app)/scope/page.tsx,268,,,false,true,true,false,false,,0,false,0,force-dynamic,,,,,false,false,false,false,,,/api/projects|/api/construction/boq?projectId=${encodeURIComponent(projectId)}|/api/construction/boq,,false,false,,,,false,FORCE_DYNAMIC,NEXT_HEADERS_TRANSITIVE|SERVER_ACTION_TRANSITIVE,src/app/layout.tsx|src/app/(app)/layout.tsx,,FORCE_DYNAMIC|NEXT_HEADERS_TRANSITIVE|SERVER_ACTION_TRANSITIVE,false
compliance-tracker,page,/sebi,src/app/(app)/sebi/page.tsx,35,,,false,true,true,false,false,,0,false,0,,,,,,false,false,false,false,,,/api/sebi,,false,false,,,,false,,NEXT_HEADERS_TRANSITIVE|SERVER_ACTION_TRANSITIVE,src/app/layout.tsx|src/app/(app)/layout.tsx,,NEXT_HEADERS_TRANSITIVE|SERVER_ACTION_TRANSITIVE,false
compliance-tracker,page,/secretarial-audit,src/app/(app)/secretarial-audit/page.tsx,27,,,false,true,true,false,false,,0,false,0,,,,,,false,false,false,false,,,,,false,false,,,,false,,NEXT_HEADERS_TRANSITIVE|SERVER_ACTION_TRANSITIVE,src/app/layout.tsx|src/app/(app)/layout.tsx,,NEXT_HEADERS_TRANSITIVE|SERVER_ACTION_TRANSITIVE,false
compliance-tracker,page,/settings,src/app/(app)/settings/page.tsx,761,,,false,true,true,false,false,,0,false,0,,,,,,false,false,false,false,,,/api/me,,false,false,,,,false,,NEXT_HEADERS_TRANSITIVE|SERVER_ACTION_TRANSITIVE,src/app/layout.tsx|src/app/(app)/layout.tsx,,NEXT_HEADERS_TRANSITIVE|SERVER_ACTION_TRANSITIVE,false
compliance-tracker,page,/site-diary,src/app/(app)/site-diary/page.tsx,239,,,false,true,true,false,false,,0,false,0,force-dynamic,,,,,false,false,false,false,,,/api/projects|/api/v1/projexa/site-diary?projectId=${encodeURIComponent(projectId)}|/api/v1/projexa/site-diary,,false,false,,,,false,FORCE_DYNAMIC,NEXT_HEADERS_TRANSITIVE|SERVER_ACTION_TRANSITIVE,src/app/layout.tsx|src/app/(app)/layout.tsx,,FORCE_DYNAMIC|NEXT_HEADERS_TRANSITIVE|SERVER_ACTION_TRANSITIVE,false
compliance-tracker,page,/statutory-registers,src/app/(app)/statutory-registers/page.tsx,66,,,false,true,true,false,false,,0,false,0,,,,,,false,false,false,false,,,/api/directors|/api/charges|/api/cap-table|/api/board|/api/rpt,,false,false,,,,false,,NEXT_HEADERS_TRANSITIVE|SERVER_ACTION_TRANSITIVE,src/app/layout.tsx|src/app/(app)/layout.tsx,,NEXT_HEADERS_TRANSITIVE|SERVER_ACTION_TRANSITIVE,false
compliance-tracker,page,/submittals,src/app/(app)/submittals/page.tsx,241,,,false,true,true,false,false,,0,false,0,force-dynamic,,,,,false,false,false,false,,,/api/projects|/api/v1/projexa/submittals?${params.toString()}|/api/v1/projexa/submittals|/api/v1/projexa/submittals/${reviewing.id},,false,false,,,,false,FORCE_DYNAMIC,NEXT_HEADERS_TRANSITIVE|SERVER_ACTION_TRANSITIVE,src/app/layout.tsx|src/app/(app)/layout.tsx,,FORCE_DYNAMIC|NEXT_HEADERS_TRANSITIVE|SERVER_ACTION_TRANSITIVE,false
compliance-tracker,page,/task-duplicates,src/app/(app)/task-duplicates/page.tsx,96,,,false,true,true,false,false,,0,false,0,force-dynamic,,,,,false,false,false,false,,,/api/me|/api/tasks/duplicates,,false,false,,,,false,FORCE_DYNAMIC,NEXT_HEADERS_TRANSITIVE|SERVER_ACTION_TRANSITIVE,src/app/layout.tsx|src/app/(app)/layout.tsx,,FORCE_DYNAMIC|NEXT_HEADERS_TRANSITIVE|SERVER_ACTION_TRANSITIVE,false
compliance-tracker,page,/tasks,src/app/(app)/tasks/page.tsx,355,,,false,true,true,false,false,,0,false,0,,,,,,false,false,false,false,,,/api/compliance/${id}|/api/compliance?${params},,false,false,,,,false,,NEXT_HEADERS_TRANSITIVE|SERVER_ACTION_TRANSITIVE,src/app/layout.tsx|src/app/(app)/layout.tsx,,NEXT_HEADERS_TRANSITIVE|SERVER_ACTION_TRANSITIVE,false
compliance-tracker,page,/tds-returns,src/app/(app)/tds-returns/page.tsx,93,,,false,true,true,false,false,,0,false,0,force-dynamic,,,,,false,false,false,false,,,/api/tds-returns/${formType}?financialYearStart=${fyStart}&quarter=${quarter},,false,false,,,,false,FORCE_DYNAMIC,NEXT_HEADERS_TRANSITIVE|SERVER_ACTION_TRANSITIVE,src/app/layout.tsx|src/app/(app)/layout.tsx,,FORCE_DYNAMIC|NEXT_HEADERS_TRANSITIVE|SERVER_ACTION_TRANSITIVE,false
compliance-tracker,page,/team,src/app/(app)/team/page.tsx,200,,,false,true,true,false,false,,0,false,0,,,,,,false,false,false,false,,,/api/users|/api/departments,,false,false,,,,false,,NEXT_HEADERS_TRANSITIVE|SERVER_ACTION_TRANSITIVE,src/app/layout.tsx|src/app/(app)/layout.tsx,,NEXT_HEADERS_TRANSITIVE|SERVER_ACTION_TRANSITIVE,false
compliance-tracker,page,/the-firm-practice,src/app/(app)/the-firm-practice/page.tsx,537,,,false,true,true,false,false,,0,false,0,force-dynamic,,,,,false,false,false,false,,,/api/the-firm/enablement|/api/clients|/api/users|/api/the-firm/dashboard/deadlines?withinDays=30|/api/the-firm/clients/${clientId}/engagements|/api/the-firm/clients/${clientId}/tax-cases|/api/the-firm/clients/${clientId}/staff-assignments|/api/the-firm/clients/${clientId}/invoices|/api/the-firm/time-entries?clientId=${clientId}|/api/the-firm/deliverables|/api/the-firm/clients/${selectedClientId}/engagements|/api/the-firm/clients/${selectedClientId}/tax-cases|/api/the-firm/tax-cases/${caseId}/stage|/api/the-firm/clients/${selectedClientId}/portal-links|/api/the-firm/time-entries/start|/api/the-firm/time-entries/${id}/stop|/api/the-firm/time-entries|/api/the-firm/clients/${selectedClientId}/invoices|/api/the-firm/invoices/${id}/${action}|/api/the-firm/clients/${selectedClientId}/staff-assignments,,false,false,,,,false,FORCE_DYNAMIC,NEXT_HEADERS_TRANSITIVE|SERVER_ACTION_TRANSITIVE,src/app/layout.tsx|src/app/(app)/layout.tsx,,FORCE_DYNAMIC|NEXT_HEADERS_TRANSITIVE|SERVER_ACTION_TRANSITIVE,false
compliance-tracker,page,/tickets/[id],src/app/(app)/tickets/[id]/page.tsx,248,[id],,false,false,true,false,false,,0,false,0,force-dynamic,,,,,false,false,false,false,,,/api/tickets/${params.id}|/api/tickets/${params.id}/dispatches|/api/tickets/${params.id}/surveys|/api/installed-products|/api/me|/api/tickets/${ticket.id}/dispatches|/api/tickets/${ticket.id}/installed-product|/api/tickets/${ticket.id}|/api/tickets/${ticket.id}/guest-access,,false,false,,,,false,DYNAMIC_SEGMENT_NO_GSP|FORCE_DYNAMIC,NEXT_HEADERS_TRANSITIVE|SERVER_ACTION_TRANSITIVE,src/app/layout.tsx|src/app/(app)/layout.tsx,,DYNAMIC_SEGMENT_NO_GSP|FORCE_DYNAMIC|NEXT_HEADERS_TRANSITIVE|SERVER_ACTION_TRANSITIVE,false
compliance-tracker,page,/tickets,src/app/(app)/tickets/page.tsx,173,,,false,true,true,false,false,,0,false,0,force-dynamic,,,,,false,false,false,false,,,/api/tickets,,false,false,,,,false,FORCE_DYNAMIC,NEXT_HEADERS_TRANSITIVE|SERVER_ACTION_TRANSITIVE,src/app/layout.tsx|src/app/(app)/layout.tsx,,FORCE_DYNAMIC|NEXT_HEADERS_TRANSITIVE|SERVER_ACTION_TRANSITIVE,false
compliance-tracker,page,/training/courses/[id],src/app/(app)/training/courses/[id]/page.tsx,376,[id],,false,false,true,false,false,,0,false,0,force-dynamic,,,,,false,false,false,false,,,/api/me|/api/training/courses/${courseId}|/api/training/assessments/${data.assessment.id}/questions|/api/training/enrollments?courseId=${courseId}|/api/training/enrollments/${mine.id}|/api/training/enrollments/${enrollment.id}/start|/api/training/courses/${courseId}/modules|/api/training/modules/${moduleId}/lessons|/api/training/courses/${courseId}/assessment|/api/training/assessments/${course.assessment.id}/questions|/api/training/enrollments/${enrollment.id}/attempts|/api/training/enrollments/${enrollment.id}/complete,,false,false,,,,false,DYNAMIC_SEGMENT_NO_GSP|FORCE_DYNAMIC,NEXT_HEADERS_TRANSITIVE|SERVER_ACTION_TRANSITIVE,src/app/layout.tsx|src/app/(app)/layout.tsx,,DYNAMIC_SEGMENT_NO_GSP|FORCE_DYNAMIC|NEXT_HEADERS_TRANSITIVE|SERVER_ACTION_TRANSITIVE,false
compliance-tracker,page,/training,src/app/(app)/training/page.tsx,322,,,false,true,true,false,false,,0,false,0,force-dynamic,,,,,false,false,false,false,,,/api/me|/api/training/my|/api/training/courses?status=published|/api/training/roster|/api/training/paths|/api/training/enrollments|/api/training/courses,,false,false,,,,false,FORCE_DYNAMIC,NEXT_HEADERS_TRANSITIVE|SERVER_ACTION_TRANSITIVE,src/app/layout.tsx|src/app/(app)/layout.tsx,,FORCE_DYNAMIC|NEXT_HEADERS_TRANSITIVE|SERVER_ACTION_TRANSITIVE,false
compliance-tracker,page,/training/paths,src/app/(app)/training/paths/page.tsx,205,,,false,true,true,false,false,,0,false,0,force-dynamic,,,,,false,false,false,false,,,/api/training/paths|/api/training/courses?status=published|/api/departments|/api/training/paths/${selectedPathId}|/api/training/paths/${selectedPathId}/courses|/api/training/paths/${selectedPathId}/assign,,false,false,,,,false,FORCE_DYNAMIC,NEXT_HEADERS_TRANSITIVE|SERVER_ACTION_TRANSITIVE,src/app/layout.tsx|src/app/(app)/layout.tsx,,FORCE_DYNAMIC|NEXT_HEADERS_TRANSITIVE|SERVER_ACTION_TRANSITIVE,false
compliance-tracker,page,/users,src/app/(app)/users/page.tsx,167,,,false,true,true,false,false,,0,false,0,,,,,,false,false,false,false,,,/api/users,,false,false,,,,false,,NEXT_HEADERS_TRANSITIVE|SERVER_ACTION_TRANSITIVE,src/app/layout.tsx|src/app/(app)/layout.tsx,,NEXT_HEADERS_TRANSITIVE|SERVER_ACTION_TRANSITIVE,false
compliance-tracker,page,/vendor-risk,src/app/(app)/vendor-risk/page.tsx,141,,,false,true,true,false,false,,0,false,0,force-dynamic,,,,,false,false,false,false,,,/api/vendor-risk|/api/vendor-risk/${selected.id}/assess,,false,false,,,,false,FORCE_DYNAMIC,NEXT_HEADERS_TRANSITIVE|SERVER_ACTION_TRANSITIVE,src/app/layout.tsx|src/app/(app)/layout.tsx,,FORCE_DYNAMIC|NEXT_HEADERS_TRANSITIVE|SERVER_ACTION_TRANSITIVE,false
compliance-tracker,page,/veri-ai,src/app/(app)/veri-ai/page.tsx,232,,,false,true,true,false,false,,0,false,0,force-dynamic,,,,,false,false,false,false,,,/api/conversations/${convoId}/messages|/api/conversations|/api/conversations/${aiThread.id}/read|/api/conversations/${conversationId}/messages|/api/conversations/${conversationId}/regenerate|/api/documents|/api/veri-chat/messages/${messageId}/attachments,,false,false,,,,false,FORCE_DYNAMIC,NEXT_HEADERS_TRANSITIVE|SERVER_ACTION_TRANSITIVE,src/app/layout.tsx|src/app/(app)/layout.tsx,,FORCE_DYNAMIC|NEXT_HEADERS_TRANSITIVE|SERVER_ACTION_TRANSITIVE,false
compliance-tracker,page,/veri-meetings/[id],src/app/(app)/veri-meetings/[id]/page.tsx,395,[id],,false,false,true,false,false,,0,false,0,force-dynamic,,,,,false,false,false,false,,,/api/veri-meetings/${params.id}|/api/veri-meetings/${params.id}/audit-log|/api/veri-meetings/${params.id}/share-links|/api/veri-meetings/${params.id}/minutes|/api/veri-meetings/${params.id}/publish|/api/veri-meetings/${params.id}/generate-intelligence|/api/veri-meetings/${params.id}/action-items,,false,false,,,,false,DYNAMIC_SEGMENT_NO_GSP|FORCE_DYNAMIC,NEXT_HEADERS_TRANSITIVE|SERVER_ACTION_TRANSITIVE,src/app/layout.tsx|src/app/(app)/layout.tsx,,DYNAMIC_SEGMENT_NO_GSP|FORCE_DYNAMIC|NEXT_HEADERS_TRANSITIVE|SERVER_ACTION_TRANSITIVE,false
compliance-tracker,page,/veri-meetings,src/app/(app)/veri-meetings/page.tsx,160,,,false,true,true,false,false,,0,false,0,force-dynamic,,,,,false,false,false,false,,,/api/veri-meetings,,false,false,,,,false,FORCE_DYNAMIC,NEXT_HEADERS_TRANSITIVE|SERVER_ACTION_TRANSITIVE,src/app/layout.tsx|src/app/(app)/layout.tsx,,FORCE_DYNAMIC|NEXT_HEADERS_TRANSITIVE|SERVER_ACTION_TRANSITIVE,false
compliance-tracker,page,/veri-todo,src/app/(app)/veri-todo/page.tsx,75,,,false,true,true,false,false,,0,false,0,force-dynamic,,,,,false,false,false,false,,,/api/veri-todo,,false,false,,,,false,FORCE_DYNAMIC,NEXT_HEADERS_TRANSITIVE|SERVER_ACTION_TRANSITIVE,src/app/layout.tsx|src/app/(app)/layout.tsx,,FORCE_DYNAMIC|NEXT_HEADERS_TRANSITIVE|SERVER_ACTION_TRANSITIVE,false
compliance-tracker,page,/voice-tickets,src/app/(app)/voice-tickets/page.tsx,260,,,false,true,true,false,false,,0,false,0,force-dynamic,,,,,false,false,false,false,,,/api/voice-tickets|/api/voice-tickets/,,false,false,,,,false,FORCE_DYNAMIC,NEXT_HEADERS_TRANSITIVE|SERVER_ACTION_TRANSITIVE,src/app/layout.tsx|src/app/(app)/layout.tsx,,FORCE_DYNAMIC|NEXT_HEADERS_TRANSITIVE|SERVER_ACTION_TRANSITIVE,false
compliance-tracker,page,/whistleblower,src/app/(app)/whistleblower/page.tsx,66,,,false,true,true,false,false,,0,false,0,,,,,,false,false,false,false,,,/api/whistleblower,,false,false,,,,false,,NEXT_HEADERS_TRANSITIVE|SERVER_ACTION_TRANSITIVE,src/app/layout.tsx|src/app/(app)/layout.tsx,,NEXT_HEADERS_TRANSITIVE|SERVER_ACTION_TRANSITIVE,false
compliance-tracker,page,/work-progress,src/app/(app)/work-progress/page.tsx,474,,,false,true,true,false,false,,0,false,0,force-dynamic,,,,,false,false,false,false,,,/api/projects|/api/v1/projexa/work-progress?projectId=${encodeURIComponent(projectId)}|/api/v1/projexa/work-progress/activities?projectId=${encodeURIComponent(projectId)}|/api/v1/projexa/ai/progress-summary?projectId=${encodeURIComponent(projectId)}|/api/v1/projexa/work-progress|/api/v1/projexa/work-progress/activities|/api/documents|/api/v1/projexa/ai/estimate-progress,,false,false,,,,false,FORCE_DYNAMIC,NEXT_HEADERS_TRANSITIVE|SERVER_ACTION_TRANSITIVE,src/app/layout.tsx|src/app/(app)/layout.tsx,,FORCE_DYNAMIC|NEXT_HEADERS_TRANSITIVE|SERVER_ACTION_TRANSITIVE,false
compliance-tracker,route,/api/access-review/cycles/[id]/certifications/[certId],src/app/api/access-review/cycles/[id]/certifications/[certId]/route.ts,26,[id]|[certId],,false,false,false,false,false,,0,false,0,,,,,,false,false,false,false,PATCH,request.json,,,false,false,,,,false,DYNAMIC_SEGMENT_NO_GSP|NON_GET_METHOD|READS_REQUEST|NOT_FORCE_STATIC,,,,DYNAMIC_SEGMENT_NO_GSP|NON_GET_METHOD|READS_REQUEST|NOT_FORCE_STATIC,false
compliance-tracker,route,/api/access-review/cycles/[id],src/app/api/access-review/cycles/[id]/route.ts,20,[id],,false,false,false,false,false,,0,false,0,,,,,,false,false,false,false,GET,,,,false,false,,,,false,DYNAMIC_SEGMENT_NO_GSP|NOT_FORCE_STATIC,,,,DYNAMIC_SEGMENT_NO_GSP|NOT_FORCE_STATIC,false
compliance-tracker,route,/api/access-review/cycles,src/app/api/access-review/cycles/route.ts,31,,,false,true,false,false,false,,0,false,0,,,,,,false,false,false,false,GET|POST,request.json,,,false,false,,,,false,NON_GET_METHOD|READS_REQUEST|NOT_FORCE_STATIC,,,,NON_GET_METHOD|READS_REQUEST|NOT_FORCE_STATIC,false
compliance-tracker,route,/api/ai/finops,src/app/api/ai/finops/route.ts,81,,,false,true,false,false,false,,0,false,0,,,,,,false,false,false,false,GET,request.nextUrl,,,false,false,,,,false,READS_REQUEST|NOT_FORCE_STATIC,,,,READS_REQUEST|NOT_FORCE_STATIC,false
compliance-tracker,route,/api/ai/orchestrate,src/app/api/ai/orchestrate/route.ts,421,,,false,true,false,false,false,,0,false,0,,,,,,false,false,false,false,POST,request.json,,,false,false,,,,false,NON_GET_METHOD|READS_REQUEST|NOT_FORCE_STATIC,,,,NON_GET_METHOD|READS_REQUEST|NOT_FORCE_STATIC,false
compliance-tracker,route,/api/ai/team/cache-utilization,src/app/api/ai/team/cache-utilization/route.ts,29,,,false,true,false,false,false,,0,false,0,,,,,,false,false,false,false,GET,request.nextUrl,,,false,false,,,,false,READS_REQUEST|NOT_FORCE_STATIC,,,,READS_REQUEST|NOT_FORCE_STATIC,false
compliance-tracker,route,/api/ai/team/capability-improvements/[id],src/app/api/ai/team/capability-improvements/[id]/route.ts,53,[id],,false,false,false,false,false,,0,false,0,,,,,,false,false,false,false,POST,request.json,,,false,false,,,,false,DYNAMIC_SEGMENT_NO_GSP|NON_GET_METHOD|READS_REQUEST|NOT_FORCE_STATIC,,,,DYNAMIC_SEGMENT_NO_GSP|NON_GET_METHOD|READS_REQUEST|NOT_FORCE_STATIC,false
compliance-tracker,route,/api/ai/team/capability-improvements,src/app/api/ai/team/capability-improvements/route.ts,54,,,false,true,false,false,false,,0,false,0,,,,,,false,false,false,false,GET,request.nextUrl,,,false,false,,,,false,READS_REQUEST|NOT_FORCE_STATIC,,,,READS_REQUEST|NOT_FORCE_STATIC,false
compliance-tracker,route,/api/ai/team/confidence-correlation,src/app/api/ai/team/confidence-correlation/route.ts,30,,,false,true,false,false,false,,0,false,0,,,,,,false,false,false,false,GET,request.nextUrl,,,false,false,,,,false,READS_REQUEST|NOT_FORCE_STATIC,,,,READS_REQUEST|NOT_FORCE_STATIC,false
compliance-tracker,route,/api/ai/team/controls-health,src/app/api/ai/team/controls-health/route.ts,27,,,false,true,false,false,false,,0,false,0,,,,,,false,false,false,false,GET,request.nextUrl,,,false,false,,,,false,READS_REQUEST|NOT_FORCE_STATIC,,,,READS_REQUEST|NOT_FORCE_STATIC,false
compliance-tracker,route,/api/ai/team/cost-quality,src/app/api/ai/team/cost-quality/route.ts,28,,,false,true,false,false,false,,0,false,0,,,,,,false,false,false,false,GET,request.nextUrl,,,false,false,,,,false,READS_REQUEST|NOT_FORCE_STATIC,,,,READS_REQUEST|NOT_FORCE_STATIC,false
compliance-tracker,route,/api/ai/team/d1-metrics,src/app/api/ai/team/d1-metrics/route.ts,28,,,false,true,false,false,false,,0,false,0,,,,,,false,false,false,false,GET,request.nextUrl,,,false,false,,,,false,READS_REQUEST|NOT_FORCE_STATIC,,,,READS_REQUEST|NOT_FORCE_STATIC,false
compliance-tracker,route,/api/ai/team/dispatch,src/app/api/ai/team/dispatch/route.ts,847,,,false,true,false,false,false,,0,false,0,,,,,,false,false,false,false,GET|POST|PATCH,request.json,,,false,false,,,,false,NON_GET_METHOD|READS_REQUEST|NOT_FORCE_STATIC,,,,NON_GET_METHOD|READS_REQUEST|NOT_FORCE_STATIC,false
compliance-tracker,route,/api/ai/team/executive-review/[id],src/app/api/ai/team/executive-review/[id]/route.ts,35,[id],,false,false,false,false,false,,0,false,0,,,,,,false,false,false,false,POST,request.json,,,false,false,,,,false,DYNAMIC_SEGMENT_NO_GSP|NON_GET_METHOD|READS_REQUEST|NOT_FORCE_STATIC,,,,DYNAMIC_SEGMENT_NO_GSP|NON_GET_METHOD|READS_REQUEST|NOT_FORCE_STATIC,false
compliance-tracker,route,/api/ai/team/executive-review,src/app/api/ai/team/executive-review/route.ts,25,,,false,true,false,false,false,,0,false,0,,,,,,false,false,false,false,GET,,,,false,false,,,,false,NOT_FORCE_STATIC,,,,NOT_FORCE_STATIC,false
compliance-tracker,route,/api/ai/team/governance-health,src/app/api/ai/team/governance-health/route.ts,64,,,false,true,false,false,false,,0,false,0,,,,,,false,false,false,false,GET,,,,false,false,,,,false,NOT_FORCE_STATIC,,,,NOT_FORCE_STATIC,false
compliance-tracker,route,/api/ai/team/log-usage,src/app/api/ai/team/log-usage/route.ts,47,,,false,true,false,false,false,,0,false,0,,,,,,false,false,false,false,POST,request.headers|request.json,,,false,false,,,,false,NON_GET_METHOD|READS_REQUEST|NOT_FORCE_STATIC,,,,NON_GET_METHOD|READS_REQUEST|NOT_FORCE_STATIC,false
compliance-tracker,route,/api/ai/team/maintainability-dashboard,src/app/api/ai/team/maintainability-dashboard/route.ts,23,,,false,true,false,false,false,,0,false,0,,,,,,false,false,false,false,GET,,,,false,false,,,,false,NOT_FORCE_STATIC,,,,NOT_FORCE_STATIC,false
compliance-tracker,route,/api/ai/team/monitor/dispatch-completion,src/app/api/ai/team/monitor/dispatch-completion/route.ts,74,,,false,true,false,false,false,,0,false,0,,,,,,false,false,false,false,GET|POST,request.json|request passed to helper,,,false,false,,,,false,NON_GET_METHOD|READS_REQUEST|NOT_FORCE_STATIC,,,,NON_GET_METHOD|READS_REQUEST|NOT_FORCE_STATIC,false
compliance-tracker,route,/api/ai/team/provider-outages/candidates,src/app/api/ai/team/provider-outages/candidates/route.ts,29,,,false,true,false,false,false,,0,false,0,,,,,,false,false,false,false,GET,request.nextUrl,,,false,false,,,,false,READS_REQUEST|NOT_FORCE_STATIC,,,,READS_REQUEST|NOT_FORCE_STATIC,false
compliance-tracker,route,/api/ai/team/provider-outages,src/app/api/ai/team/provider-outages/route.ts,51,,,false,true,false,false,false,,0,false,0,,,,,,false,false,false,false,GET|POST,request.nextUrl|request.json,,,false,false,,,,false,NON_GET_METHOD|READS_REQUEST|NOT_FORCE_STATIC,,,,NON_GET_METHOD|READS_REQUEST|NOT_FORCE_STATIC,false
compliance-tracker,route,/api/ai/team/re-audit/[id],src/app/api/ai/team/re-audit/[id]/route.ts,20,[id],,false,false,false,false,false,,0,false,0,,,,,,false,false,false,false,DELETE,,,,false,false,,,,false,DYNAMIC_SEGMENT_NO_GSP|NON_GET_METHOD|NOT_FORCE_STATIC,,,,DYNAMIC_SEGMENT_NO_GSP|NON_GET_METHOD|NOT_FORCE_STATIC,false
compliance-tracker,route,/api/ai/team/re-audit,src/app/api/ai/team/re-audit/route.ts,53,,,false,true,false,false,false,,0,false,0,,,,,,false,false,false,false,GET|POST,request.json,,,false,false,,,,false,NON_GET_METHOD|READS_REQUEST|NOT_FORCE_STATIC,,,,NON_GET_METHOD|READS_REQUEST|NOT_FORCE_STATIC,false
compliance-tracker,route,/api/ai/team/review,src/app/api/ai/team/review/route.ts,128,,,false,true,false,false,false,,0,false,0,,,,,,false,false,false,false,POST,request.json,,,false,false,,,,false,NON_GET_METHOD|READS_REQUEST|NOT_FORCE_STATIC,,,,NON_GET_METHOD|READS_REQUEST|NOT_FORCE_STATIC,false
compliance-tracker,route,/api/ai/team/review-registry,src/app/api/ai/team/review-registry/route.ts,76,,,false,true,false,false,false,,0,false,0,,,,,,false,false,false,false,GET|POST,request.nextUrl|request.json,,,false,false,,,,false,NON_GET_METHOD|READS_REQUEST|NOT_FORCE_STATIC,,,,NON_GET_METHOD|READS_REQUEST|NOT_FORCE_STATIC,false
compliance-tracker,route,/api/ai/team/role-quality,src/app/api/ai/team/role-quality/route.ts,51,,,false,true,false,false,false,,0,false,0,,,,,,false,false,false,false,GET|POST,request.nextUrl|request.json,,,false,false,,,,false,NON_GET_METHOD|READS_REQUEST|NOT_FORCE_STATIC,,,,NON_GET_METHOD|READS_REQUEST|NOT_FORCE_STATIC,false
compliance-tracker,route,/api/ai/team/roster/overrides,src/app/api/ai/team/roster/overrides/route.ts,21,,,false,true,false,false,false,,0,false,0,,,,,,false,false,false,false,GET,,,,false,false,,,,false,NOT_FORCE_STATIC,,,,NOT_FORCE_STATIC,false
compliance-tracker,route,/api/ai/team/scorecard,src/app/api/ai/team/scorecard/route.ts,31,,,false,true,false,false,false,,0,false,0,,,,,,false,false,false,false,GET,request.nextUrl,,,false,false,,,,false,READS_REQUEST|NOT_FORCE_STATIC,,,,READS_REQUEST|NOT_FORCE_STATIC,false
compliance-tracker,route,/api/ai/team/token-usage,src/app/api/ai/team/token-usage/route.ts,27,,,false,true,false,false,false,,0,false,0,,,,,,false,false,false,false,GET,request.nextUrl,,,false,false,,,,false,READS_REQUEST|NOT_FORCE_STATIC,,,,READS_REQUEST|NOT_FORCE_STATIC,false
compliance-tracker,route,/api/ai/team/work-item/[id],src/app/api/ai/team/work-item/[id]/route.ts,68,[id],,false,false,false,false,false,,0,false,0,,,,,,false,false,false,false,GET,"NextRequest (typed, no member read detected)",,,false,false,,,,false,DYNAMIC_SEGMENT_NO_GSP|NOT_FORCE_STATIC,,,,DYNAMIC_SEGMENT_NO_GSP|NOT_FORCE_STATIC,false
compliance-tracker,route,/api/ai-link/providers,src/app/api/ai-link/providers/route.ts,15,,,false,true,false,false,false,,0,false,0,,,,,,false,false,false,false,GET,,,,false,false,,,,false,NOT_FORCE_STATIC,,,,NOT_FORCE_STATIC,false
compliance-tracker,route,/api/ai-link,src/app/api/ai-link/route.ts,36,,,false,true,false,false,false,,0,false,0,,,,,,false,false,false,false,GET|POST,request.url|new URL(request.url)|request passed to helper,,,false,false,,,,false,NON_GET_METHOD|READS_REQUEST|NOT_FORCE_STATIC,,,,NON_GET_METHOD|READS_REQUEST|NOT_FORCE_STATIC,false
compliance-tracker,route,/api/approval-workflows/pending,src/app/api/approval-workflows/pending/route.ts,19,,,false,true,false,false,false,,0,false,0,,,,,,false,false,false,false,GET,,,,false,false,,,,false,NOT_FORCE_STATIC,,,,NOT_FORCE_STATIC,false
compliance-tracker,route,/api/approval-workflows,src/app/api/approval-workflows/route.ts,38,,,false,true,false,false,false,,0,false,0,,,,,,false,false,false,false,GET|POST,request.nextUrl|request.json,,,false,false,,,,false,NON_GET_METHOD|READS_REQUEST|NOT_FORCE_STATIC,,,,NON_GET_METHOD|READS_REQUEST|NOT_FORCE_STATIC,false
compliance-tracker,route,/api/approval-workflows/steps/[id]/decide,src/app/api/approval-workflows/steps/[id]/decide/route.ts,115,[id],,false,false,false,false,false,,0,false,0,,,,,,false,false,false,false,POST,request.json,,,false,false,,,,false,DYNAMIC_SEGMENT_NO_GSP|NON_GET_METHOD|READS_REQUEST|NOT_FORCE_STATIC,,,,DYNAMIC_SEGMENT_NO_GSP|NON_GET_METHOD|READS_REQUEST|NOT_FORCE_STATIC,false
compliance-tracker,route,/api/approvals/[id],src/app/api/approvals/[id]/route.ts,153,[id],,false,false,false,false,false,,0,false,0,,,,,,false,false,false,false,PATCH,request.json|request passed to helper,,,false,false,,,,false,DYNAMIC_SEGMENT_NO_GSP|NON_GET_METHOD|READS_REQUEST|NOT_FORCE_STATIC,,,,DYNAMIC_SEGMENT_NO_GSP|NON_GET_METHOD|READS_REQUEST|NOT_FORCE_STATIC,false
compliance-tracker,route,/api/approvals,src/app/api/approvals/route.ts,32,,,false,true,false,false,false,,0,false,0,,,,,,false,false,false,false,GET,,,,false,false,,,,false,NOT_FORCE_STATIC,,,,NOT_FORCE_STATIC,false
compliance-tracker,route,/api/assets/[assetId]/manifest,src/app/api/assets/[assetId]/manifest/route.ts,78,[assetId],,false,false,false,false,false,,0,false,0,,,,,,false,false,false,false,GET,,,,false,false,,,,false,DYNAMIC_SEGMENT_NO_GSP|NOT_FORCE_STATIC,,,,DYNAMIC_SEGMENT_NO_GSP|NOT_FORCE_STATIC,false
compliance-tracker,route,/api/assets/[assetId]/relationships,src/app/api/assets/[assetId]/relationships/route.ts,57,[assetId],,false,false,false,false,false,,0,false,0,,,,,,false,false,false,false,GET|POST,request.json,,,false,false,,,,false,DYNAMIC_SEGMENT_NO_GSP|NON_GET_METHOD|READS_REQUEST|NOT_FORCE_STATIC,,,,DYNAMIC_SEGMENT_NO_GSP|NON_GET_METHOD|READS_REQUEST|NOT_FORCE_STATIC,false
compliance-tracker,route,/api/assets/cache/stats,src/app/api/assets/cache/stats/route.ts,19,,,false,true,false,false,false,,0,false,0,,,,,,false,false,false,false,GET,,,,false,false,,,,false,NOT_FORCE_STATIC,,,,NOT_FORCE_STATIC,false
compliance-tracker,route,/api/assets/search,src/app/api/assets/search/route.ts,31,,,false,true,false,false,false,,0,false,0,,,,,,false,false,false,false,GET,request.nextUrl,,,false,false,,,,false,READS_REQUEST|NOT_FORCE_STATIC,,,,READS_REQUEST|NOT_FORCE_STATIC,false
compliance-tracker,route,/api/assistants/[id]/memories,src/app/api/assistants/[id]/memories/route.ts,110,[id],,false,false,false,false,false,,0,false,0,,,,,,false,false,false,false,GET|POST,request.json,,,false,false,,,,false,DYNAMIC_SEGMENT_NO_GSP|NON_GET_METHOD|READS_REQUEST|NOT_FORCE_STATIC,,,,DYNAMIC_SEGMENT_NO_GSP|NON_GET_METHOD|READS_REQUEST|NOT_FORCE_STATIC,false
compliance-tracker,route,/api/assistants/[id]/memories/search,src/app/api/assistants/[id]/memories/search/route.ts,64,[id],,false,false,false,false,false,,0,false,0,,,,,,false,false,false,false,GET,request.nextUrl,,,false,false,,,,false,DYNAMIC_SEGMENT_NO_GSP|READS_REQUEST|NOT_FORCE_STATIC,,,,DYNAMIC_SEGMENT_NO_GSP|READS_REQUEST|NOT_FORCE_STATIC,false
compliance-tracker,route,/api/assistants/[id],src/app/api/assistants/[id]/route.ts,71,[id],,false,false,false,false,false,,0,false,0,,,,,,false,false,false,false,PATCH,request.json,,,false,false,,,,false,DYNAMIC_SEGMENT_NO_GSP|NON_GET_METHOD|READS_REQUEST|NOT_FORCE_STATIC,,,,DYNAMIC_SEGMENT_NO_GSP|NON_GET_METHOD|READS_REQUEST|NOT_FORCE_STATIC,false
compliance-tracker,route,/api/assistants,src/app/api/assistants/route.ts,35,,,false,true,false,false,false,,0,false,0,,,,,,false,false,false,false,GET,,,,false,false,,,,false,NOT_FORCE_STATIC,,,,NOT_FORCE_STATIC,false
compliance-tracker,route,/api/audit,src/app/api/audit/route.ts,87,,,false,true,false,false,false,,0,false,0,,,,,,false,false,false,false,GET,request.nextUrl,,,false,false,,,,false,READS_REQUEST|NOT_FORCE_STATIC,,,,READS_REQUEST|NOT_FORCE_STATIC,false
compliance-tracker,route,/api/audit-engagements,src/app/api/audit-engagements/route.ts,33,,,false,true,false,false,false,,0,false,0,,,,,,false,false,false,false,GET|POST,request.json,,,false,false,,,,false,NON_GET_METHOD|READS_REQUEST|NOT_FORCE_STATIC,,,,NON_GET_METHOD|READS_REQUEST|NOT_FORCE_STATIC,false
compliance-tracker,route,/api/audit-findings/[id],src/app/api/audit-findings/[id]/route.ts,27,[id],,false,false,false,false,false,,0,false,0,,,,,,false,false,false,false,PATCH,"NextRequest (typed, no member read detected)",,,false,false,,,,false,DYNAMIC_SEGMENT_NO_GSP|NON_GET_METHOD|NOT_FORCE_STATIC,,,,DYNAMIC_SEGMENT_NO_GSP|NON_GET_METHOD|NOT_FORCE_STATIC,false
compliance-tracker,route,/api/audit-findings,src/app/api/audit-findings/route.ts,25,,,false,true,false,false,false,,0,false,0,,,,,,false,false,false,false,POST,request.json,,,false,false,,,,false,NON_GET_METHOD|READS_REQUEST|NOT_FORCE_STATIC,,,,NON_GET_METHOD|READS_REQUEST|NOT_FORCE_STATIC,false
compliance-tracker,route,/api/audit-points/[id],src/app/api/audit-points/[id]/route.ts,56,[id],,false,false,false,false,false,,0,false,0,,,,,,false,false,false,false,PATCH,request.json|request passed to helper,,,false,false,,,,false,DYNAMIC_SEGMENT_NO_GSP|NON_GET_METHOD|READS_REQUEST|NOT_FORCE_STATIC,,,,DYNAMIC_SEGMENT_NO_GSP|NON_GET_METHOD|READS_REQUEST|NOT_FORCE_STATIC,false
compliance-tracker,route,/api/auth/failure-event,src/app/api/auth/failure-event/route.ts,52,,,false,true,false,false,false,,0,false,0,,,,,,false,false,false,false,POST,request.json|request.headers,,,false,false,,,,false,NON_GET_METHOD|READS_REQUEST|NOT_FORCE_STATIC,,,,NON_GET_METHOD|READS_REQUEST|NOT_FORCE_STATIC,false
compliance-tracker,route,/api/auth/passcode-login,src/app/api/auth/passcode-login/route.ts,82,,,false,true,false,false,false,,0,false,0,,,,,,false,false,false,false,POST,request.url|request.json|request.headers|new URL(request.url),,,false,false,,,,false,NON_GET_METHOD|READS_REQUEST|NOT_FORCE_STATIC,,,,NON_GET_METHOD|READS_REQUEST|NOT_FORCE_STATIC,false
compliance-tracker,route,/api/auth/sso/[orgSlug]/acs,src/app/api/auth/sso/[orgSlug]/acs/route.ts,48,[orgSlug],,false,false,false,false,false,,0,false,0,,,,,,false,false,false,false,POST,request.url|request.formData|new URL(request.url),,,false,false,,,,false,DYNAMIC_SEGMENT_NO_GSP|NON_GET_METHOD|READS_REQUEST|NOT_FORCE_STATIC,,,,DYNAMIC_SEGMENT_NO_GSP|NON_GET_METHOD|READS_REQUEST|NOT_FORCE_STATIC,false
compliance-tracker,route,/api/auth/sso/[orgSlug]/login,src/app/api/auth/sso/[orgSlug]/login/route.ts,20,[orgSlug],,false,false,false,false,false,,0,false,0,,,,,,false,false,false,false,GET,request.url|new URL(request.url),,,false,false,,,,false,DYNAMIC_SEGMENT_NO_GSP|READS_REQUEST|NOT_FORCE_STATIC,,,,DYNAMIC_SEGMENT_NO_GSP|READS_REQUEST|NOT_FORCE_STATIC,false
compliance-tracker,route,/api/automation-rules/[id],src/app/api/automation-rules/[id]/route.ts,45,[id],,false,false,false,false,false,,0,false,0,,,,,,false,false,false,false,PATCH|DELETE,request.json,,,false,false,,,,false,DYNAMIC_SEGMENT_NO_GSP|NON_GET_METHOD|READS_REQUEST|NOT_FORCE_STATIC,,,,DYNAMIC_SEGMENT_NO_GSP|NON_GET_METHOD|READS_REQUEST|NOT_FORCE_STATIC,false
compliance-tracker,route,/api/automation-rules/[id]/runs,src/app/api/automation-rules/[id]/runs/route.ts,22,[id],,false,false,false,false,false,,0,false,0,,,,,,false,false,false,false,GET,"NextRequest (typed, no member read detected)",,,false,false,,,,false,DYNAMIC_SEGMENT_NO_GSP|NOT_FORCE_STATIC,,,,DYNAMIC_SEGMENT_NO_GSP|NOT_FORCE_STATIC,false
compliance-tracker,route,/api/automation-rules,src/app/api/automation-rules/route.ts,38,,,false,true,false,false,false,,0,false,0,,,,,,false,false,false,false,GET|POST,request.json,,,false,false,,,,false,NON_GET_METHOD|READS_REQUEST|NOT_FORCE_STATIC,,,,NON_GET_METHOD|READS_REQUEST|NOT_FORCE_STATIC,false
compliance-tracker,route,/api/bcm/[id]/bia,src/app/api/bcm/[id]/bia/route.ts,23,[id],,false,false,false,false,false,,0,false,0,,,,,,false,false,false,false,POST,request.json,,,false,false,,,,false,DYNAMIC_SEGMENT_NO_GSP|NON_GET_METHOD|READS_REQUEST|NOT_FORCE_STATIC,,,,DYNAMIC_SEGMENT_NO_GSP|NON_GET_METHOD|READS_REQUEST|NOT_FORCE_STATIC,false
compliance-tracker,route,/api/bcm/[id]/exercises,src/app/api/bcm/[id]/exercises/route.ts,23,[id],,false,false,false,false,false,,0,false,0,,,,,,false,false,false,false,POST,request.json,,,false,false,,,,false,DYNAMIC_SEGMENT_NO_GSP|NON_GET_METHOD|READS_REQUEST|NOT_FORCE_STATIC,,,,DYNAMIC_SEGMENT_NO_GSP|NON_GET_METHOD|READS_REQUEST|NOT_FORCE_STATIC,false
compliance-tracker,route,/api/bcm/[id]/recovery-procedures,src/app/api/bcm/[id]/recovery-procedures/route.ts,23,[id],,false,false,false,false,false,,0,false,0,,,,,,false,false,false,false,POST,request.json,,,false,false,,,,false,DYNAMIC_SEGMENT_NO_GSP|NON_GET_METHOD|READS_REQUEST|NOT_FORCE_STATIC,,,,DYNAMIC_SEGMENT_NO_GSP|NON_GET_METHOD|READS_REQUEST|NOT_FORCE_STATIC,false
compliance-tracker,route,/api/bcm/[id],src/app/api/bcm/[id]/route.ts,20,[id],,false,false,false,false,false,,0,false,0,,,,,,false,false,false,false,GET,,,,false,false,,,,false,DYNAMIC_SEGMENT_NO_GSP|NOT_FORCE_STATIC,,,,DYNAMIC_SEGMENT_NO_GSP|NOT_FORCE_STATIC,false
compliance-tracker,route,/api/bcm,src/app/api/bcm/route.ts,44,,,false,true,false,false,false,,0,false,0,,,,,,false,false,false,false,GET|POST,request.json,,,false,false,,,,false,NON_GET_METHOD|READS_REQUEST|NOT_FORCE_STATIC,,,,NON_GET_METHOD|READS_REQUEST|NOT_FORCE_STATIC,false
compliance-tracker,route,/api/billing/current-usage,src/app/api/billing/current-usage/route.ts,22,,,false,true,false,false,false,,0,false,0,,,,,,false,false,false,false,GET,,,,false,false,,,,false,NOT_FORCE_STATIC,,,,NOT_FORCE_STATIC,false
compliance-tracker,route,/api/billing/invoices/generate,src/app/api/billing/invoices/generate/route.ts,31,,,false,true,false,false,false,,0,false,0,,,,,,false,false,false,false,POST,request.json,,,false,false,,,,false,NON_GET_METHOD|READS_REQUEST|NOT_FORCE_STATIC,,,,NON_GET_METHOD|READS_REQUEST|NOT_FORCE_STATIC,false
compliance-tracker,route,/api/billing/invoices,src/app/api/billing/invoices/route.ts,18,,,false,true,false,false,false,,0,false,0,,,,,,false,false,false,false,GET,,,,false,false,,,,false,NOT_FORCE_STATIC,,,,NOT_FORCE_STATIC,false
compliance-tracker,route,/api/billing/plans,src/app/api/billing/plans/route.ts,20,,,false,true,false,false,false,,0,false,0,,,,,,false,false,false,false,GET,,,,false,false,,,,false,NOT_FORCE_STATIC,,,,NOT_FORCE_STATIC,false
compliance-tracker,route,/api/board/[id],src/app/api/board/[id]/route.ts,69,[id],,false,false,false,false,false,,0,false,0,,,,,,false,false,false,false,PATCH,request.json|request passed to helper,,,false,false,,,,false,DYNAMIC_SEGMENT_NO_GSP|NON_GET_METHOD|READS_REQUEST|NOT_FORCE_STATIC,,,,DYNAMIC_SEGMENT_NO_GSP|NON_GET_METHOD|READS_REQUEST|NOT_FORCE_STATIC,false
compliance-tracker,route,/api/board,src/app/api/board/route.ts,76,,,false,true,false,false,false,,0,false,0,,,,,,false,false,false,false,GET|POST,request.json,,,false,false,,,,false,NON_GET_METHOD|READS_REQUEST|NOT_FORCE_STATIC,,,,NON_GET_METHOD|READS_REQUEST|NOT_FORCE_STATIC,false
compliance-tracker,route,/api/board-evaluation/[id],src/app/api/board-evaluation/[id]/route.ts,49,[id],,false,false,false,false,false,,0,false,0,,,,,,false,false,false,false,PATCH,"NextRequest (typed, no member read detected)",,,false,false,,,,false,DYNAMIC_SEGMENT_NO_GSP|NON_GET_METHOD|NOT_FORCE_STATIC,,,,DYNAMIC_SEGMENT_NO_GSP|NON_GET_METHOD|NOT_FORCE_STATIC,false
compliance-tracker,route,/api/board-evaluation,src/app/api/board-evaluation/route.ts,51,,,false,true,false,false,false,,0,false,0,,,,,,false,false,false,false,GET|POST,request.json,,,false,false,,,,false,NON_GET_METHOD|READS_REQUEST|NOT_FORCE_STATIC,,,,NON_GET_METHOD|READS_REQUEST|NOT_FORCE_STATIC,false
compliance-tracker,route,/api/business-hours-schedules,src/app/api/business-hours-schedules/route.ts,41,,,false,true,false,false,false,,0,false,0,,,,,,false,false,false,false,GET|POST,request.json,,,false,false,,,,false,NON_GET_METHOD|READS_REQUEST|NOT_FORCE_STATIC,,,,NON_GET_METHOD|READS_REQUEST|NOT_FORCE_STATIC,false
compliance-tracker,route,/api/business-rules/[id]/activate,src/app/api/business-rules/[id]/activate/route.ts,25,[id],,false,false,false,false,false,,0,false,0,,,,,,false,false,false,false,POST,"NextRequest (typed, no member read detected)",,,false,false,,,,false,DYNAMIC_SEGMENT_NO_GSP|NON_GET_METHOD|NOT_FORCE_STATIC,,,,DYNAMIC_SEGMENT_NO_GSP|NON_GET_METHOD|NOT_FORCE_STATIC,false
compliance-tracker,route,/api/business-rules/[id]/deprecate,src/app/api/business-rules/[id]/deprecate/route.ts,25,[id],,false,false,false,false,false,,0,false,0,,,,,,false,false,false,false,POST,"NextRequest (typed, no member read detected)",,,false,false,,,,false,DYNAMIC_SEGMENT_NO_GSP|NON_GET_METHOD|NOT_FORCE_STATIC,,,,DYNAMIC_SEGMENT_NO_GSP|NON_GET_METHOD|NOT_FORCE_STATIC,false
compliance-tracker,route,/api/business-rules/[id]/dry-run,src/app/api/business-rules/[id]/dry-run/route.ts,48,[id],,false,false,false,false,false,,0,false,0,,,,,,false,false,false,false,GET|POST,request.json,,,false,false,,,,false,DYNAMIC_SEGMENT_NO_GSP|NON_GET_METHOD|READS_REQUEST|NOT_FORCE_STATIC,,,,DYNAMIC_SEGMENT_NO_GSP|NON_GET_METHOD|READS_REQUEST|NOT_FORCE_STATIC,false
compliance-tracker,route,/api/business-rules/[id]/rollback,src/app/api/business-rules/[id]/rollback/route.ts,30,[id],,false,false,false,false,false,,0,false,0,,,,,,false,false,false,false,POST,request.json,,,false,false,,,,false,DYNAMIC_SEGMENT_NO_GSP|NON_GET_METHOD|READS_REQUEST|NOT_FORCE_STATIC,,,,DYNAMIC_SEGMENT_NO_GSP|NON_GET_METHOD|READS_REQUEST|NOT_FORCE_STATIC,false
compliance-tracker,route,/api/business-rules/[id],src/app/api/business-rules/[id]/route.ts,63,[id],,false,false,false,false,false,,0,false,0,,,,,,false,false,false,false,GET|PATCH|DELETE,request.json,,,false,false,,,,false,DYNAMIC_SEGMENT_NO_GSP|NON_GET_METHOD|READS_REQUEST|NOT_FORCE_STATIC,,,,DYNAMIC_SEGMENT_NO_GSP|NON_GET_METHOD|READS_REQUEST|NOT_FORCE_STATIC,false
compliance-tracker,route,/api/business-rules/[id]/versions,src/app/api/business-rules/[id]/versions/route.ts,22,[id],,false,false,false,false,false,,0,false,0,,,,,,false,false,false,false,GET,"NextRequest (typed, no member read detected)",,,false,false,,,,false,DYNAMIC_SEGMENT_NO_GSP|NOT_FORCE_STATIC,,,,DYNAMIC_SEGMENT_NO_GSP|NOT_FORCE_STATIC,false
compliance-tracker,route,/api/business-rules,src/app/api/business-rules/route.ts,41,,,false,true,false,false,false,,0,false,0,,,,,,false,false,false,false,GET|POST,request.url|request.json|new URL(request.url),,,false,false,,,,false,NON_GET_METHOD|READS_REQUEST|NOT_FORCE_STATIC,,,,NON_GET_METHOD|READS_REQUEST|NOT_FORCE_STATIC,false
compliance-tracker,route,/api/cap-table/events,src/app/api/cap-table/events/route.ts,36,,,false,true,false,false,false,,0,false,0,,,,,,false,false,false,false,GET|POST,request.json,,,false,false,,,,false,NON_GET_METHOD|READS_REQUEST|NOT_FORCE_STATIC,,,,NON_GET_METHOD|READS_REQUEST|NOT_FORCE_STATIC,false
compliance-tracker,route,/api/cap-table,src/app/api/cap-table/route.ts,33,,,false,true,false,false,false,,0,false,0,,,,,,false,false,false,false,GET|POST,request.json,,,false,false,,,,false,NON_GET_METHOD|READS_REQUEST|NOT_FORCE_STATIC,,,,NON_GET_METHOD|READS_REQUEST|NOT_FORCE_STATIC,false
compliance-tracker,route,/api/capability-registry/backfill,src/app/api/capability-registry/backfill/route.ts,23,,,false,true,false,false,false,,0,false,0,,,,,,false,false,false,false,POST,,,,false,false,,,,false,NON_GET_METHOD|NOT_FORCE_STATIC,,,,NON_GET_METHOD|NOT_FORCE_STATIC,false
compliance-tracker,route,/api/capability-registry/coverage,src/app/api/capability-registry/coverage/route.ts,25,,,false,true,false,false,false,,0,false,0,,,,,,false,false,false,false,GET,,,,false,false,,,,false,NOT_FORCE_STATIC,,,,NOT_FORCE_STATIC,false
compliance-tracker,route,/api/capability-registry/duplicates,src/app/api/capability-registry/duplicates/route.ts,26,,,false,true,false,false,false,,0,false,0,,,,,,false,false,false,false,GET,,,,false,false,,,,false,NOT_FORCE_STATIC,,,,NOT_FORCE_STATIC,false
compliance-tracker,route,/api/capability-registry/impact,src/app/api/capability-registry/impact/route.ts,33,,,false,true,false,false,false,,0,false,0,,,,,,false,false,false,false,GET,req.nextUrl,,,false,false,,,,false,READS_REQUEST|NOT_FORCE_STATIC,,,,READS_REQUEST|NOT_FORCE_STATIC,false
compliance-tracker,route,/api/capability-registry/modules,src/app/api/capability-registry/modules/route.ts,26,,,false,true,false,false,false,,0,false,0,,,,,,false,false,false,false,GET,,,,false,false,,,,false,NOT_FORCE_STATIC,,,,NOT_FORCE_STATIC,false
compliance-tracker,route,/api/capability-tree,src/app/api/capability-tree/route.ts,24,,,false,true,false,false,false,,0,false,0,,,,,,false,false,false,false,GET,request.nextUrl,,,false,false,,,,false,READS_REQUEST|NOT_FORCE_STATIC,,,,READS_REQUEST|NOT_FORCE_STATIC,false
compliance-tracker,route,/api/challans/[id],src/app/api/challans/[id]/route.ts,152,[id],,false,false,false,false,false,,0,false,0,,,,,,false,false,false,false,GET|PATCH|DELETE,request.json|request passed to helper,,,false,false,,,,false,DYNAMIC_SEGMENT_NO_GSP|NON_GET_METHOD|READS_REQUEST|NOT_FORCE_STATIC,,,,DYNAMIC_SEGMENT_NO_GSP|NON_GET_METHOD|READS_REQUEST|NOT_FORCE_STATIC,false
compliance-tracker,route,/api/challans,src/app/api/challans/route.ts,135,,,false,true,false,false,false,,0,false,0,,,,,,false,false,false,false,GET|POST,request.nextUrl|request.json|request passed to helper,,,false,false,,,,false,NON_GET_METHOD|READS_REQUEST|NOT_FORCE_STATIC,,,,NON_GET_METHOD|READS_REQUEST|NOT_FORCE_STATIC,false
compliance-tracker,route,/api/charges,src/app/api/charges/route.ts,36,,,false,true,false,false,false,,0,false,0,,,,,,false,false,false,false,GET|POST,request.json,,,false,false,,,,false,NON_GET_METHOD|READS_REQUEST|NOT_FORCE_STATIC,,,,NON_GET_METHOD|READS_REQUEST|NOT_FORCE_STATIC,false
compliance-tracker,route,/api/client-portal/[token]/deliverables/[deliverableId]/submit,src/app/api/client-portal/[token]/deliverables/[deliverableId]/submit/route.ts,15,[token]|[deliverableId],,false,false,false,false,false,,0,false,0,,,,,,false,false,false,false,POST,"NextRequest (typed, no member read detected)",,,false,false,,,,false,DYNAMIC_SEGMENT_NO_GSP|NON_GET_METHOD|NOT_FORCE_STATIC,,,,DYNAMIC_SEGMENT_NO_GSP|NON_GET_METHOD|NOT_FORCE_STATIC,false
compliance-tracker,route,/api/client-portal/[token]/documents,src/app/api/client-portal/[token]/documents/route.ts,66,[token],,false,false,false,false,false,,0,false,0,,,,,,false,false,false,false,POST,request.formData,,,false,false,,,,false,DYNAMIC_SEGMENT_NO_GSP|NON_GET_METHOD|READS_REQUEST|NOT_FORCE_STATIC,,,,DYNAMIC_SEGMENT_NO_GSP|NON_GET_METHOD|READS_REQUEST|NOT_FORCE_STATIC,false
compliance-tracker,route,/api/client-portal/[token],src/app/api/client-portal/[token]/route.ts,17,[token],,false,false,false,false,false,,0,false,0,,,,,,false,false,false,false,GET,"NextRequest (typed, no member read detected)",,,false,false,,,,false,DYNAMIC_SEGMENT_NO_GSP|NOT_FORCE_STATIC,,,,DYNAMIC_SEGMENT_NO_GSP|NOT_FORCE_STATIC,false
compliance-tracker,route,/api/clients/[id]/access,src/app/api/clients/[id]/access/route.ts,97,[id],,false,false,false,false,false,,0,false,0,,,,,,false,false,false,false,GET|POST,request.json|request passed to helper,,,false,false,,,,false,DYNAMIC_SEGMENT_NO_GSP|NON_GET_METHOD|READS_REQUEST|NOT_FORCE_STATIC,,,,DYNAMIC_SEGMENT_NO_GSP|NON_GET_METHOD|READS_REQUEST|NOT_FORCE_STATIC,false
compliance-tracker,route,/api/clients/[id]/entities,src/app/api/clients/[id]/entities/route.ts,91,[id],,false,false,false,false,false,,0,false,0,,,,,,false,false,false,false,GET|POST,request.json|request passed to helper,,,false,false,,,,false,DYNAMIC_SEGMENT_NO_GSP|NON_GET_METHOD|READS_REQUEST|NOT_FORCE_STATIC,,,,DYNAMIC_SEGMENT_NO_GSP|NON_GET_METHOD|READS_REQUEST|NOT_FORCE_STATIC,false
compliance-tracker,route,/api/clients,src/app/api/clients/route.ts,126,,,false,true,false,false,false,,0,false,0,,,,,,false,false,false,false,GET|POST,request.json|request passed to helper,,,false,false,,,,false,NON_GET_METHOD|READS_REQUEST|NOT_FORCE_STATIC,,,,NON_GET_METHOD|READS_REQUEST|NOT_FORCE_STATIC,false
compliance-tracker,route,/api/clm/clauses/[id],src/app/api/clm/clauses/[id]/route.ts,23,[id],,false,false,false,false,false,,0,false,0,,,,,,false,false,false,false,PATCH,request.json,,,false,false,,,,false,DYNAMIC_SEGMENT_NO_GSP|NON_GET_METHOD|READS_REQUEST|NOT_FORCE_STATIC,,,,DYNAMIC_SEGMENT_NO_GSP|NON_GET_METHOD|READS_REQUEST|NOT_FORCE_STATIC,false
compliance-tracker,route,/api/clm/clauses,src/app/api/clm/clauses/route.ts,37,,,false,true,false,false,false,,0,false,0,,,,,,false,false,false,false,GET|POST,request.json,,,false,false,,,,false,NON_GET_METHOD|READS_REQUEST|NOT_FORCE_STATIC,,,,NON_GET_METHOD|READS_REQUEST|NOT_FORCE_STATIC,false
compliance-tracker,route,/api/clm/templates/[id]/clauses/[templateClauseId],src/app/api/clm/templates/[id]/clauses/[templateClauseId]/route.ts,22,[id]|[templateClauseId],,false,false,false,false,false,,0,false,0,,,,,,false,false,false,false,DELETE,,,,false,false,,,,false,DYNAMIC_SEGMENT_NO_GSP|NON_GET_METHOD|NOT_FORCE_STATIC,,,,DYNAMIC_SEGMENT_NO_GSP|NON_GET_METHOD|NOT_FORCE_STATIC,false
compliance-tracker,route,/api/clm/templates/[id]/clauses,src/app/api/clm/templates/[id]/clauses/route.ts,23,[id],,false,false,false,false,false,,0,false,0,,,,,,false,false,false,false,POST,request.json,,,false,false,,,,false,DYNAMIC_SEGMENT_NO_GSP|NON_GET_METHOD|READS_REQUEST|NOT_FORCE_STATIC,,,,DYNAMIC_SEGMENT_NO_GSP|NON_GET_METHOD|READS_REQUEST|NOT_FORCE_STATIC,false
compliance-tracker,route,/api/clm/templates/[id],src/app/api/clm/templates/[id]/route.ts,20,[id],,false,false,false,false,false,,0,false,0,,,,,,false,false,false,false,GET,,,,false,false,,,,false,DYNAMIC_SEGMENT_NO_GSP|NOT_FORCE_STATIC,,,,DYNAMIC_SEGMENT_NO_GSP|NOT_FORCE_STATIC,false
compliance-tracker,route,/api/clm/templates,src/app/api/clm/templates/route.ts,37,,,false,true,false,false,false,,0,false,0,,,,,,false,false,false,false,GET|POST,request.json,,,false,false,,,,false,NON_GET_METHOD|READS_REQUEST|NOT_FORCE_STATIC,,,,NON_GET_METHOD|READS_REQUEST|NOT_FORCE_STATIC,false
compliance-tracker,route,/api/code-change-requests,src/app/api/code-change-requests/route.ts,42,,,false,true,false,false,false,,0,false,0,,,,,,false,false,false,false,GET|POST,request.json,,,false,false,,,,false,NON_GET_METHOD|READS_REQUEST|NOT_FORCE_STATIC,,,,NON_GET_METHOD|READS_REQUEST|NOT_FORCE_STATIC,false
compliance-tracker,route,/api/committees,src/app/api/committees/route.ts,33,,,false,true,false,false,false,,0,false,0,,,,,,false,false,false,false,GET|POST,request.json,,,false,false,,,,false,NON_GET_METHOD|READS_REQUEST|NOT_FORCE_STATIC,,,,NON_GET_METHOD|READS_REQUEST|NOT_FORCE_STATIC,false
compliance-tracker,route,/api/compliance/[id]/comments,src/app/api/compliance/[id]/comments/route.ts,86,[id],,false,false,false,false,false,,0,false,0,,,,,,false,false,false,false,POST,request.json|request passed to helper,,,false,false,,,,false,DYNAMIC_SEGMENT_NO_GSP|NON_GET_METHOD|READS_REQUEST|NOT_FORCE_STATIC,,,,DYNAMIC_SEGMENT_NO_GSP|NON_GET_METHOD|READS_REQUEST|NOT_FORCE_STATIC,false
compliance-tracker,route,/api/compliance/[id]/costs,src/app/api/compliance/[id]/costs/route.ts,119,[id],,false,false,false,false,false,,0,false,0,,,,,,false,false,false,false,GET|POST,request.json|request passed to helper,,,false,false,,,,false,DYNAMIC_SEGMENT_NO_GSP|NON_GET_METHOD|READS_REQUEST|NOT_FORCE_STATIC,,,,DYNAMIC_SEGMENT_NO_GSP|NON_GET_METHOD|READS_REQUEST|NOT_FORCE_STATIC,false
compliance-tracker,route,/api/compliance/[id],src/app/api/compliance/[id]/route.ts,66,[id],,false,false,false,false,false,,0,false,0,,,,,,false,false,false,false,GET|PATCH|DELETE,request.json|request passed to helper,,,false,false,,,,false,DYNAMIC_SEGMENT_NO_GSP|NON_GET_METHOD|READS_REQUEST|NOT_FORCE_STATIC,,,,DYNAMIC_SEGMENT_NO_GSP|NON_GET_METHOD|READS_REQUEST|NOT_FORCE_STATIC,false
compliance-tracker,route,/api/compliance/export-event,src/app/api/compliance/export-event/route.ts,49,,,false,true,false,false,false,,0,false,0,,,,,,false,false,false,false,POST,request.json,,,false,false,,,,false,NON_GET_METHOD|READS_REQUEST|NOT_FORCE_STATIC,,,,NON_GET_METHOD|READS_REQUEST|NOT_FORCE_STATIC,false
compliance-tracker,route,/api/compliance/import,src/app/api/compliance/import/route.ts,190,,,false,true,false,false,false,,0,false,0,,,,,,false,false,false,false,POST,request.formData|request passed to helper,,,false,false,,,,false,NON_GET_METHOD|READS_REQUEST|NOT_FORCE_STATIC,,,,NON_GET_METHOD|READS_REQUEST|NOT_FORCE_STATIC,false
compliance-tracker,route,/api/compliance/overdue,src/app/api/compliance/overdue/route.ts,24,,,false,true,false,false,false,,0,false,0,,,,,,false,false,false,false,POST,request passed to helper,,,false,false,,,,false,NON_GET_METHOD|READS_REQUEST|NOT_FORCE_STATIC,,,,NON_GET_METHOD|READS_REQUEST|NOT_FORCE_STATIC,false
compliance-tracker,route,/api/compliance/recur,src/app/api/compliance/recur/route.ts,138,,,false,true,false,false,false,,0,false,0,,,,,,false,false,false,false,POST,request.json|request passed to helper,,,false,false,,,,false,NON_GET_METHOD|READS_REQUEST|NOT_FORCE_STATIC,,,,NON_GET_METHOD|READS_REQUEST|NOT_FORCE_STATIC,false
compliance-tracker,route,/api/compliance,src/app/api/compliance/route.ts,49,,,false,true,false,false,false,,0,false,0,,,,,,false,false,false,false,GET|POST,request.nextUrl|request.json|request passed to helper,,,false,false,,,,false,NON_GET_METHOD|READS_REQUEST|NOT_FORCE_STATIC,,,,NON_GET_METHOD|READS_REQUEST|NOT_FORCE_STATIC,false
compliance-tracker,route,/api/compliance/stats,src/app/api/compliance/stats/route.ts,24,,,false,true,false,false,false,,0,false,0,,,,,,false,false,false,false,GET,request passed to helper,,,false,false,,,,false,READS_REQUEST|NOT_FORCE_STATIC,,,,READS_REQUEST|NOT_FORCE_STATIC,false
compliance-tracker,route,/api/compliance-costs/[id]/payments,src/app/api/compliance-costs/[id]/payments/route.ts,90,[id],,false,false,false,false,false,,0,false,0,,,,,,false,false,false,false,POST,request.json|request passed to helper,,,false,false,,,,false,DYNAMIC_SEGMENT_NO_GSP|NON_GET_METHOD|READS_REQUEST|NOT_FORCE_STATIC,,,,DYNAMIC_SEGMENT_NO_GSP|NON_GET_METHOD|READS_REQUEST|NOT_FORCE_STATIC,false
compliance-tracker,route,/api/connectors/[toolkit]/sync,src/app/api/connectors/[toolkit]/sync/route.ts,45,[toolkit],,false,false,false,false,false,,0,false,0,,,,,,false,false,false,false,POST,"NextRequest (typed, no member read detected)",,,false,false,,,,false,DYNAMIC_SEGMENT_NO_GSP|NON_GET_METHOD|NOT_FORCE_STATIC,,,,DYNAMIC_SEGMENT_NO_GSP|NON_GET_METHOD|NOT_FORCE_STATIC,false
compliance-tracker,route,/api/connectors/drive/files,src/app/api/connectors/drive/files/route.ts,29,,,false,true,false,false,false,,0,false,0,,,,,,false,false,false,false,GET,request.nextUrl,,,false,false,,,,false,READS_REQUEST|NOT_FORCE_STATIC,,,,READS_REQUEST|NOT_FORCE_STATIC,false
compliance-tracker,route,/api/connectors/gmail/messages,src/app/api/connectors/gmail/messages/route.ts,30,,,false,true,false,false,false,,0,false,0,,,,,,false,false,false,false,GET,request.nextUrl,,,false,false,,,,false,READS_REQUEST|NOT_FORCE_STATIC,,,,READS_REQUEST|NOT_FORCE_STATIC,false
compliance-tracker,route,/api/connectors,src/app/api/connectors/route.ts,65,,,false,true,false,false,false,,0,false,0,,,,,,false,false,false,false,GET|POST,request.json,,,false,false,,,,false,NON_GET_METHOD|READS_REQUEST|NOT_FORCE_STATIC,,,,NON_GET_METHOD|READS_REQUEST|NOT_FORCE_STATIC,false
compliance-tracker,route,/api/construction/activities,src/app/api/construction/activities/route.ts,41,,,false,true,false,false,false,,0,false,0,,,,,,false,false,false,false,GET|POST,request.nextUrl|request.json,,,false,false,,,,false,NON_GET_METHOD|READS_REQUEST|NOT_FORCE_STATIC,,,,NON_GET_METHOD|READS_REQUEST|NOT_FORCE_STATIC,false
compliance-tracker,route,/api/construction/ai/diff-drawings,src/app/api/construction/ai/diff-drawings/route.ts,59,,,false,true,false,false,false,,0,false,0,,,,,,false,false,false,false,POST,request.json,,,false,false,,,,false,NON_GET_METHOD|READS_REQUEST|NOT_FORCE_STATIC,,,,NON_GET_METHOD|READS_REQUEST|NOT_FORCE_STATIC,false
compliance-tracker,route,/api/construction/ai/estimate-progress,src/app/api/construction/ai/estimate-progress/route.ts,55,,,false,true,false,false,false,,0,false,0,,,,,,false,false,false,false,POST,request.json,,,false,false,,,,false,NON_GET_METHOD|READS_REQUEST|NOT_FORCE_STATIC,,,,NON_GET_METHOD|READS_REQUEST|NOT_FORCE_STATIC,false
compliance-tracker,route,/api/construction/ai/progress-summary,src/app/api/construction/ai/progress-summary/route.ts,22,,,false,true,false,false,false,,0,false,0,,,,,,false,false,false,false,GET,request.nextUrl,,,false,false,,,,false,READS_REQUEST|NOT_FORCE_STATIC,,,,READS_REQUEST|NOT_FORCE_STATIC,false
compliance-tracker,route,/api/construction/ai/risk-detection,src/app/api/construction/ai/risk-detection/route.ts,22,,,false,true,false,false,false,,0,false,0,,,,,,false,false,false,false,GET,request.nextUrl,,,false,false,,,,false,READS_REQUEST|NOT_FORCE_STATIC,,,,READS_REQUEST|NOT_FORCE_STATIC,false
compliance-tracker,route,/api/construction/attendance,src/app/api/construction/attendance/route.ts,47,,,false,true,false,false,false,,0,false,0,,,,,,false,false,false,false,GET|POST,request.nextUrl|request.json,,,false,false,,,,false,NON_GET_METHOD|READS_REQUEST|NOT_FORCE_STATIC,,,,NON_GET_METHOD|READS_REQUEST|NOT_FORCE_STATIC,false
compliance-tracker,route,/api/construction/boq/[id]/approve,src/app/api/construction/boq/[id]/approve/route.ts,22,[id],,false,false,false,false,false,,0,false,0,,,,,,false,false,false,false,POST,,,,false,false,,,,false,DYNAMIC_SEGMENT_NO_GSP|NON_GET_METHOD|NOT_FORCE_STATIC,,,,DYNAMIC_SEGMENT_NO_GSP|NON_GET_METHOD|NOT_FORCE_STATIC,false
compliance-tracker,route,/api/construction/boq/[id]/compare,src/app/api/construction/boq/[id]/compare/route.ts,24,[id],,false,false,false,false,false,,0,false,0,,,,,,false,false,false,false,GET,request.nextUrl,,,false,false,,,,false,DYNAMIC_SEGMENT_NO_GSP|READS_REQUEST|NOT_FORCE_STATIC,,,,DYNAMIC_SEGMENT_NO_GSP|READS_REQUEST|NOT_FORCE_STATIC,false
compliance-tracker,route,/api/construction/boq/[id]/revisions,src/app/api/construction/boq/[id]/revisions/route.ts,24,[id],,false,false,false,false,false,,0,false,0,,,,,,false,false,false,false,POST,request.json,,,false,false,,,,false,DYNAMIC_SEGMENT_NO_GSP|NON_GET_METHOD|READS_REQUEST|NOT_FORCE_STATIC,,,,DYNAMIC_SEGMENT_NO_GSP|NON_GET_METHOD|READS_REQUEST|NOT_FORCE_STATIC,false
compliance-tracker,route,/api/construction/boq/[id],src/app/api/construction/boq/[id]/route.ts,34,[id],,false,false,false,false,false,,0,false,0,,,,,,false,false,false,false,GET,,,,false,false,,,,false,DYNAMIC_SEGMENT_NO_GSP|NOT_FORCE_STATIC,,,,DYNAMIC_SEGMENT_NO_GSP|NOT_FORCE_STATIC,false
compliance-tracker,route,/api/construction/boq/[id]/submit,src/app/api/construction/boq/[id]/submit/route.ts,23,[id],,false,false,false,false,false,,0,false,0,,,,,,false,false,false,false,POST,,,,false,false,,,,false,DYNAMIC_SEGMENT_NO_GSP|NON_GET_METHOD|NOT_FORCE_STATIC,,,,DYNAMIC_SEGMENT_NO_GSP|NON_GET_METHOD|NOT_FORCE_STATIC,false
compliance-tracker,route,/api/construction/boq/import,src/app/api/construction/boq/import/route.ts,54,,,false,true,false,false,false,,0,false,0,,,,,,false,false,false,false,POST,request.formData,,,false,false,,,,false,NON_GET_METHOD|READS_REQUEST|NOT_FORCE_STATIC,,,,NON_GET_METHOD|READS_REQUEST|NOT_FORCE_STATIC,false
compliance-tracker,route,/api/construction/boq,src/app/api/construction/boq/route.ts,41,,,false,true,false,false,false,,0,false,0,,,,,,false,false,false,false,GET|POST,request.nextUrl|request.json,,,false,false,,,,false,NON_GET_METHOD|READS_REQUEST|NOT_FORCE_STATIC,,,,NON_GET_METHOD|READS_REQUEST|NOT_FORCE_STATIC,false
compliance-tracker,route,/api/construction/categories,src/app/api/construction/categories/route.ts,43,,,false,true,false,false,false,,0,false,0,,,,,,false,false,false,false,GET|POST,request.nextUrl|request.json,,,false,false,,,,false,NON_GET_METHOD|READS_REQUEST|NOT_FORCE_STATIC,,,,NON_GET_METHOD|READS_REQUEST|NOT_FORCE_STATIC,false
compliance-tracker,route,/api/construction/dashboard/[projectId],src/app/api/construction/dashboard/[projectId]/route.ts,38,[projectId],,false,false,false,false,false,,0,false,0,,,,,,false,false,false,false,GET,,,,false,false,,,,false,DYNAMIC_SEGMENT_NO_GSP|NOT_FORCE_STATIC,,,,DYNAMIC_SEGMENT_NO_GSP|NOT_FORCE_STATIC,false
compliance-tracker,route,/api/construction/dashboard,src/app/api/construction/dashboard/route.ts,41,,,false,true,false,false,false,,0,false,0,,,,,,false,false,false,false,GET,request.nextUrl,,,false,false,,,,false,READS_REQUEST|NOT_FORCE_STATIC,,,,READS_REQUEST|NOT_FORCE_STATIC,false
compliance-tracker,route,/api/construction/enablement,src/app/api/construction/enablement/route.ts,49,,,false,true,false,false,false,,0,false,0,,,,,,false,false,false,false,GET|POST|DELETE,,,,false,false,,,,false,NON_GET_METHOD|NOT_FORCE_STATIC,,,,NON_GET_METHOD|NOT_FORCE_STATIC,false
compliance-tracker,route,/api/construction/expenses,src/app/api/construction/expenses/route.ts,41,,,false,true,false,false,false,,0,false,0,,,,,,false,false,false,false,GET|POST,request.nextUrl|request.json,,,false,false,,,,false,NON_GET_METHOD|READS_REQUEST|NOT_FORCE_STATIC,,,,NON_GET_METHOD|READS_REQUEST|NOT_FORCE_STATIC,false
compliance-tracker,route,/api/construction/interim-bills/[id],src/app/api/construction/interim-bills/[id]/route.ts,20,[id],,false,false,false,false,false,,0,false,0,,,,,,false,false,false,false,GET,,,,false,false,,,,false,DYNAMIC_SEGMENT_NO_GSP|NOT_FORCE_STATIC,,,,DYNAMIC_SEGMENT_NO_GSP|NOT_FORCE_STATIC,false
compliance-tracker,route,/api/construction/interim-bills,src/app/api/construction/interim-bills/route.ts,41,,,false,true,false,false,false,,0,false,0,,,,,,false,false,false,false,GET|POST,request.nextUrl|request.json,,,false,false,,,,false,NON_GET_METHOD|READS_REQUEST|NOT_FORCE_STATIC,,,,NON_GET_METHOD|READS_REQUEST|NOT_FORCE_STATIC,false
compliance-tracker,route,/api/construction/kpi-definitions,src/app/api/construction/kpi-definitions/route.ts,42,,,false,true,false,false,false,,0,false,0,,,,,,false,false,false,false,GET|POST,request.nextUrl|request.json,,,false,false,,,,false,NON_GET_METHOD|READS_REQUEST|NOT_FORCE_STATIC,,,,NON_GET_METHOD|READS_REQUEST|NOT_FORCE_STATIC,false
compliance-tracker,route,/api/construction/kpi-entries/[id]/approve,src/app/api/construction/kpi-entries/[id]/approve/route.ts,22,[id],,false,false,false,false,false,,0,false,0,,,,,,false,false,false,false,POST,,,,false,false,,,,false,DYNAMIC_SEGMENT_NO_GSP|NON_GET_METHOD|NOT_FORCE_STATIC,,,,DYNAMIC_SEGMENT_NO_GSP|NON_GET_METHOD|NOT_FORCE_STATIC,false
compliance-tracker,route,/api/construction/kpi-entries,src/app/api/construction/kpi-entries/route.ts,41,,,false,true,false,false,false,,0,false,0,,,,,,false,false,false,false,GET|POST,request.nextUrl|request.json,,,false,false,,,,false,NON_GET_METHOD|READS_REQUEST|NOT_FORCE_STATIC,,,,NON_GET_METHOD|READS_REQUEST|NOT_FORCE_STATIC,false
compliance-tracker,route,/api/construction/labour-roster,src/app/api/construction/labour-roster/route.ts,41,,,false,true,false,false,false,,0,false,0,,,,,,false,false,false,false,GET|POST,request.nextUrl|request.json,,,false,false,,,,false,NON_GET_METHOD|READS_REQUEST|NOT_FORCE_STATIC,,,,NON_GET_METHOD|READS_REQUEST|NOT_FORCE_STATIC,false
compliance-tracker,route,/api/construction/predictions/[activityId],src/app/api/construction/predictions/[activityId]/route.ts,20,[activityId],,false,false,false,false,false,,0,false,0,,,,,,false,false,false,false,GET,,,,false,false,,,,false,DYNAMIC_SEGMENT_NO_GSP|NOT_FORCE_STATIC,,,,DYNAMIC_SEGMENT_NO_GSP|NOT_FORCE_STATIC,false
compliance-tracker,route,/api/construction/progress/[id],src/app/api/construction/progress/[id]/route.ts,31,[id],,false,false,false,false,false,,0,false,0,,,,,,false,false,false,false,DELETE,"NextRequest (typed, no member read detected)",,,false,false,,,,false,DYNAMIC_SEGMENT_NO_GSP|NON_GET_METHOD|NOT_FORCE_STATIC,,,,DYNAMIC_SEGMENT_NO_GSP|NON_GET_METHOD|NOT_FORCE_STATIC,false
compliance-tracker,route,/api/construction/progress/daily,src/app/api/construction/progress/daily/route.ts,62,,,false,true,false,false,false,,0,false,0,,,,,,false,false,false,false,GET|POST,request.nextUrl|request.formData,,,false,false,,,,false,NON_GET_METHOD|READS_REQUEST|NOT_FORCE_STATIC,,,,NON_GET_METHOD|READS_REQUEST|NOT_FORCE_STATIC,false
compliance-tracker,route,/api/construction/progress,src/app/api/construction/progress/route.ts,47,,,false,true,false,false,false,,0,false,0,,,,,,false,false,false,false,GET|POST,request.nextUrl|request.json,,,false,false,,,,false,NON_GET_METHOD|READS_REQUEST|NOT_FORCE_STATIC,,,,NON_GET_METHOD|READS_REQUEST|NOT_FORCE_STATIC,false
compliance-tracker,route,/api/construction/progress-claims/[id]/approve,src/app/api/construction/progress-claims/[id]/approve/route.ts,25,[id],,false,false,false,false,false,,0,false,0,,,,,,false,false,false,false,POST,,,,false,false,,,,false,DYNAMIC_SEGMENT_NO_GSP|NON_GET_METHOD|NOT_FORCE_STATIC,,,,DYNAMIC_SEGMENT_NO_GSP|NON_GET_METHOD|NOT_FORCE_STATIC,false
compliance-tracker,route,/api/construction/progress-claims/[id]/draft,src/app/api/construction/progress-claims/[id]/draft/route.ts,23,[id],,false,false,false,false,false,,0,false,0,,,,,,false,false,false,false,POST,,,,false,false,,,,false,DYNAMIC_SEGMENT_NO_GSP|NON_GET_METHOD|NOT_FORCE_STATIC,,,,DYNAMIC_SEGMENT_NO_GSP|NON_GET_METHOD|NOT_FORCE_STATIC,false
compliance-tracker,route,/api/construction/progress-claims/[id]/invoice,src/app/api/construction/progress-claims/[id]/invoice/route.ts,23,[id],,false,false,false,false,false,,0,false,0,,,,,,false,false,false,false,POST,request.json,,,false,false,,,,false,DYNAMIC_SEGMENT_NO_GSP|NON_GET_METHOD|READS_REQUEST|NOT_FORCE_STATIC,,,,DYNAMIC_SEGMENT_NO_GSP|NON_GET_METHOD|READS_REQUEST|NOT_FORCE_STATIC,false
compliance-tracker,route,/api/construction/progress-claims/[id]/reject,src/app/api/construction/progress-claims/[id]/reject/route.ts,23,[id],,false,false,false,false,false,,0,false,0,,,,,,false,false,false,false,POST,request.json,,,false,false,,,,false,DYNAMIC_SEGMENT_NO_GSP|NON_GET_METHOD|READS_REQUEST|NOT_FORCE_STATIC,,,,DYNAMIC_SEGMENT_NO_GSP|NON_GET_METHOD|READS_REQUEST|NOT_FORCE_STATIC,false
compliance-tracker,route,/api/construction/progress-claims/[id]/submit,src/app/api/construction/progress-claims/[id]/submit/route.ts,23,[id],,false,false,false,false,false,,0,false,0,,,,,,false,false,false,false,POST,,,,false,false,,,,false,DYNAMIC_SEGMENT_NO_GSP|NON_GET_METHOD|NOT_FORCE_STATIC,,,,DYNAMIC_SEGMENT_NO_GSP|NON_GET_METHOD|NOT_FORCE_STATIC,false
compliance-tracker,route,/api/construction/progress-claims/[id]/timeline,src/app/api/construction/progress-claims/[id]/timeline/route.ts,21,[id],,false,false,false,false,false,,0,false,0,,,,,,false,false,false,false,GET,,,,false,false,,,,false,DYNAMIC_SEGMENT_NO_GSP|NOT_FORCE_STATIC,,,,DYNAMIC_SEGMENT_NO_GSP|NOT_FORCE_STATIC,false
compliance-tracker,route,/api/construction/progress-claims,src/app/api/construction/progress-claims/route.ts,41,,,false,true,false,false,false,,0,false,0,,,,,,false,false,false,false,GET|POST,request.nextUrl|request.json,,,false,false,,,,false,NON_GET_METHOD|READS_REQUEST|NOT_FORCE_STATIC,,,,NON_GET_METHOD|READS_REQUEST|NOT_FORCE_STATIC,false
compliance-tracker,route,/api/construction/reports/[reportName],src/app/api/construction/reports/[reportName]/route.ts,57,[reportName],,false,false,false,false,false,,0,false,0,,,,,,false,false,false,false,GET,request.nextUrl,,,false,false,,,,false,DYNAMIC_SEGMENT_NO_GSP|READS_REQUEST|NOT_FORCE_STATIC,,,,DYNAMIC_SEGMENT_NO_GSP|READS_REQUEST|NOT_FORCE_STATIC,false
compliance-tracker,route,/api/construction/site-diary,src/app/api/construction/site-diary/route.ts,41,,,false,true,false,false,false,,0,false,0,,,,,,false,false,false,false,GET|POST,request.nextUrl|request.json,,,false,false,,,,false,NON_GET_METHOD|READS_REQUEST|NOT_FORCE_STATIC,,,,NON_GET_METHOD|READS_REQUEST|NOT_FORCE_STATIC,false
compliance-tracker,route,/api/contact/confirm,src/app/api/contact/confirm/route.ts,14,,,false,true,false,false,false,,0,false,0,,,,,,false,false,false,false,GET,request.nextUrl,,,false,false,,,,false,READS_REQUEST|NOT_FORCE_STATIC,,,,READS_REQUEST|NOT_FORCE_STATIC,false
compliance-tracker,route,/api/contact/draft,src/app/api/contact/draft/route.ts,17,,,false,true,false,false,false,,0,false,0,,,,,,false,false,false,false,POST,request.json,,,false,false,,,,false,NON_GET_METHOD|READS_REQUEST|NOT_FORCE_STATIC,,,,NON_GET_METHOD|READS_REQUEST|NOT_FORCE_STATIC,false
compliance-tracker,route,/api/contact/submit,src/app/api/contact/submit/route.ts,21,,,false,true,false,false,false,,0,false,0,,,,,,false,false,false,false,POST,request.json,,,false,false,,,,false,NON_GET_METHOD|READS_REQUEST|NOT_FORCE_STATIC,,,,NON_GET_METHOD|READS_REQUEST|NOT_FORCE_STATIC,false
compliance-tracker,route,/api/contract-compliance,src/app/api/contract-compliance/route.ts,33,,,false,true,false,false,false,,0,false,0,,,,,,false,false,false,false,GET|POST,request.json,,,false,false,,,,false,NON_GET_METHOD|READS_REQUEST|NOT_FORCE_STATIC,,,,NON_GET_METHOD|READS_REQUEST|NOT_FORCE_STATIC,false
compliance-tracker,route,/api/conversations/[id]/messages,src/app/api/conversations/[id]/messages/route.ts,37,[id],,false,false,false,false,false,,0,false,0,,,,,,false,false,false,false,GET|POST,request.json,,,false,false,,,,false,DYNAMIC_SEGMENT_NO_GSP|NON_GET_METHOD|READS_REQUEST|NOT_FORCE_STATIC,,,,DYNAMIC_SEGMENT_NO_GSP|NON_GET_METHOD|READS_REQUEST|NOT_FORCE_STATIC,false
compliance-tracker,route,/api/conversations/[id]/read,src/app/api/conversations/[id]/read/route.ts,20,[id],,false,false,false,false,false,,0,false,0,,,,,,false,false,false,false,PATCH,"NextRequest (typed, no member read detected)",,,false,false,,,,false,DYNAMIC_SEGMENT_NO_GSP|NON_GET_METHOD|NOT_FORCE_STATIC,,,,DYNAMIC_SEGMENT_NO_GSP|NON_GET_METHOD|NOT_FORCE_STATIC,false
compliance-tracker,route,/api/conversations/[id]/regenerate,src/app/api/conversations/[id]/regenerate/route.ts,20,[id],,false,false,false,false,false,,0,false,0,,,,,,false,false,false,false,POST,"NextRequest (typed, no member read detected)",,,false,false,,,,false,DYNAMIC_SEGMENT_NO_GSP|NON_GET_METHOD|NOT_FORCE_STATIC,,,,DYNAMIC_SEGMENT_NO_GSP|NON_GET_METHOD|NOT_FORCE_STATIC,false
compliance-tracker,route,/api/conversations/[id]/veri-participant,src/app/api/conversations/[id]/veri-participant/route.ts,43,[id],,false,false,false,false,false,,0,false,0,,,,,,false,false,false,false,POST|DELETE,"NextRequest (typed, no member read detected)",,,false,false,,,,false,DYNAMIC_SEGMENT_NO_GSP|NON_GET_METHOD|NOT_FORCE_STATIC,,,,DYNAMIC_SEGMENT_NO_GSP|NON_GET_METHOD|NOT_FORCE_STATIC,false
compliance-tracker,route,/api/conversations,src/app/api/conversations/route.ts,54,,,false,true,false,false,false,,0,false,0,,,,,,false,false,false,false,GET|POST,request.json,,,false,false,,,,false,NON_GET_METHOD|READS_REQUEST|NOT_FORCE_STATIC,,,,NON_GET_METHOD|READS_REQUEST|NOT_FORCE_STATIC,false
compliance-tracker,route,/api/conversations/workflow-thread,src/app/api/conversations/workflow-thread/route.ts,32,,,false,true,false,false,false,,0,false,0,,,,,,false,false,false,false,POST,request.json,,,false,false,,,,false,NON_GET_METHOD|READS_REQUEST|NOT_FORCE_STATIC,,,,NON_GET_METHOD|READS_REQUEST|NOT_FORCE_STATIC,false
compliance-tracker,route,/api/crm/accounts/[id]/analyze,src/app/api/crm/accounts/[id]/analyze/route.ts,26,[id],,false,false,false,false,false,,0,false,0,,,,,,false,false,false,false,POST,"NextRequest (typed, no member read detected)",,,false,false,,,,false,DYNAMIC_SEGMENT_NO_GSP|NON_GET_METHOD|NOT_FORCE_STATIC,,,,DYNAMIC_SEGMENT_NO_GSP|NON_GET_METHOD|NOT_FORCE_STATIC,false
compliance-tracker,route,/api/crm/accounts/[id]/contacts,src/app/api/crm/accounts/[id]/contacts/route.ts,39,[id],,false,false,false,false,false,,0,false,0,,,,,,false,false,false,false,GET|POST,request.json,,,false,false,,,,false,DYNAMIC_SEGMENT_NO_GSP|NON_GET_METHOD|READS_REQUEST|NOT_FORCE_STATIC,,,,DYNAMIC_SEGMENT_NO_GSP|NON_GET_METHOD|READS_REQUEST|NOT_FORCE_STATIC,false
compliance-tracker,route,/api/crm/accounts/[id]/link-opportunity,src/app/api/crm/accounts/[id]/link-opportunity/route.ts,24,[id],,false,false,false,false,false,,0,false,0,,,,,,false,false,false,false,POST,request.json,,,false,false,,,,false,DYNAMIC_SEGMENT_NO_GSP|NON_GET_METHOD|READS_REQUEST|NOT_FORCE_STATIC,,,,DYNAMIC_SEGMENT_NO_GSP|NON_GET_METHOD|READS_REQUEST|NOT_FORCE_STATIC,false
compliance-tracker,route,/api/crm/accounts/[id],src/app/api/crm/accounts/[id]/route.ts,62,[id],,false,false,false,false,false,,0,false,0,,,,,,false,false,false,false,GET|PATCH|DELETE,request.json,,,false,false,,,,false,DYNAMIC_SEGMENT_NO_GSP|NON_GET_METHOD|READS_REQUEST|NOT_FORCE_STATIC,,,,DYNAMIC_SEGMENT_NO_GSP|NON_GET_METHOD|READS_REQUEST|NOT_FORCE_STATIC,false
compliance-tracker,route,/api/crm/accounts/bulk-reassign,src/app/api/crm/accounts/bulk-reassign/route.ts,26,,,false,true,false,false,false,,0,false,0,,,,,,false,false,false,false,POST,request.json,,,false,false,,,,false,NON_GET_METHOD|READS_REQUEST|NOT_FORCE_STATIC,,,,NON_GET_METHOD|READS_REQUEST|NOT_FORCE_STATIC,false
compliance-tracker,route,/api/crm/accounts/export,src/app/api/crm/accounts/export/route.ts,42,,,false,true,false,false,false,,0,false,0,,,,,,false,false,false,false,GET,,,,false,false,,,,false,NOT_FORCE_STATIC,,,,NOT_FORCE_STATIC,false
compliance-tracker,route,/api/crm/accounts/import,src/app/api/crm/accounts/import/route.ts,43,,,false,true,false,false,false,,0,false,0,,,,,,false,false,false,false,POST,request.formData,,,false,false,,,,false,NON_GET_METHOD|READS_REQUEST|NOT_FORCE_STATIC,,,,NON_GET_METHOD|READS_REQUEST|NOT_FORCE_STATIC,false
compliance-tracker,route,/api/crm/accounts,src/app/api/crm/accounts/route.ts,47,,,false,true,false,false,false,,0,false,0,,,,,,false,false,false,false,GET|POST,request.url|request.json|new URL(request.url),,,false,false,,,,false,NON_GET_METHOD|READS_REQUEST|NOT_FORCE_STATIC,,,,NON_GET_METHOD|READS_REQUEST|NOT_FORCE_STATIC,false
compliance-tracker,route,/api/crm/activities/[id],src/app/api/crm/activities/[id]/route.ts,62,[id],,false,false,false,false,false,,0,false,0,,,,,,false,false,false,false,GET|PATCH|DELETE,request.json,,,false,false,,,,false,DYNAMIC_SEGMENT_NO_GSP|NON_GET_METHOD|READS_REQUEST|NOT_FORCE_STATIC,,,,DYNAMIC_SEGMENT_NO_GSP|NON_GET_METHOD|READS_REQUEST|NOT_FORCE_STATIC,false
compliance-tracker,route,/api/crm/activities,src/app/api/crm/activities/route.ts,39,,,false,true,false,false,false,,0,false,0,,,,,,false,false,false,false,GET|POST,request.url|request.json|new URL(request.url),,,false,false,,,,false,NON_GET_METHOD|READS_REQUEST|NOT_FORCE_STATIC,,,,NON_GET_METHOD|READS_REQUEST|NOT_FORCE_STATIC,false
compliance-tracker,route,/api/crm/campaigns/[id],src/app/api/crm/campaigns/[id]/route.ts,62,[id],,false,false,false,false,false,,0,false,0,,,,,,false,false,false,false,GET|PATCH|DELETE,request.json,,,false,false,,,,false,DYNAMIC_SEGMENT_NO_GSP|NON_GET_METHOD|READS_REQUEST|NOT_FORCE_STATIC,,,,DYNAMIC_SEGMENT_NO_GSP|NON_GET_METHOD|READS_REQUEST|NOT_FORCE_STATIC,false
compliance-tracker,route,/api/crm/campaigns,src/app/api/crm/campaigns/route.ts,38,,,false,true,false,false,false,,0,false,0,,,,,,false,false,false,false,GET|POST,request.json,,,false,false,,,,false,NON_GET_METHOD|READS_REQUEST|NOT_FORCE_STATIC,,,,NON_GET_METHOD|READS_REQUEST|NOT_FORCE_STATIC,false
compliance-tracker,route,/api/crm/contacts/[id],src/app/api/crm/contacts/[id]/route.ts,56,[id],,false,false,false,false,false,,0,false,0,,,,,,false,false,false,false,GET|PATCH|DELETE,request.json,,,false,false,,,,false,DYNAMIC_SEGMENT_NO_GSP|NON_GET_METHOD|READS_REQUEST|NOT_FORCE_STATIC,,,,DYNAMIC_SEGMENT_NO_GSP|NON_GET_METHOD|READS_REQUEST|NOT_FORCE_STATIC,false
compliance-tracker,route,/api/crm/contacts,src/app/api/crm/contacts/route.ts,30,,,false,true,false,false,false,,0,false,0,,,,,,false,false,false,false,GET,request.url|new URL(request.url),,,false,false,,,,false,READS_REQUEST|NOT_FORCE_STATIC,,,,READS_REQUEST|NOT_FORCE_STATIC,false
compliance-tracker,route,/api/crm/enablement,src/app/api/crm/enablement/route.ts,43,,,false,true,false,false,false,,0,false,0,,,,,,false,false,false,false,GET|POST|DELETE,,,,false,false,,,,false,NON_GET_METHOD|NOT_FORCE_STATIC,,,,NON_GET_METHOD|NOT_FORCE_STATIC,false
compliance-tracker,route,/api/crm/lead-source-effectiveness,src/app/api/crm/lead-source-effectiveness/route.ts,23,,,false,true,false,false,false,,0,false,0,,,,,,false,false,false,false,GET,"NextRequest (typed, no member read detected)",,,false,false,,,,false,NOT_FORCE_STATIC,,,,NOT_FORCE_STATIC,false
compliance-tracker,route,/api/crm/leads/[id]/convert,src/app/api/crm/leads/[id]/convert/route.ts,25,[id],,false,false,false,false,false,,0,false,0,,,,,,false,false,false,false,POST,"NextRequest (typed, no member read detected)",,,false,false,,,,false,DYNAMIC_SEGMENT_NO_GSP|NON_GET_METHOD|NOT_FORCE_STATIC,,,,DYNAMIC_SEGMENT_NO_GSP|NON_GET_METHOD|NOT_FORCE_STATIC,false
compliance-tracker,route,/api/crm/leads/[id]/convert-to-account,src/app/api/crm/leads/[id]/convert-to-account/route.ts,22,[id],,false,false,false,false,false,,0,false,0,,,,,,false,false,false,false,POST,"NextRequest (typed, no member read detected)",,,false,false,,,,false,DYNAMIC_SEGMENT_NO_GSP|NON_GET_METHOD|NOT_FORCE_STATIC,,,,DYNAMIC_SEGMENT_NO_GSP|NON_GET_METHOD|NOT_FORCE_STATIC,false
compliance-tracker,route,/api/crm/leads/[id]/explain,src/app/api/crm/leads/[id]/explain/route.ts,26,[id],,false,false,false,false,false,,0,false,0,,,,,,false,false,false,false,GET,"NextRequest (typed, no member read detected)",,,false,false,,,,false,DYNAMIC_SEGMENT_NO_GSP|NOT_FORCE_STATIC,,,,DYNAMIC_SEGMENT_NO_GSP|NOT_FORCE_STATIC,false
compliance-tracker,route,/api/crm/leads/[id]/follow-up-task,src/app/api/crm/leads/[id]/follow-up-task/route.ts,28,[id],,false,false,false,false,false,,0,false,0,,,,,,false,false,false,false,POST,request.json,,,false,false,,,,false,DYNAMIC_SEGMENT_NO_GSP|NON_GET_METHOD|READS_REQUEST|NOT_FORCE_STATIC,,,,DYNAMIC_SEGMENT_NO_GSP|NON_GET_METHOD|READS_REQUEST|NOT_FORCE_STATIC,false
compliance-tracker,route,/api/crm/leads/[id],src/app/api/crm/leads/[id]/route.ts,62,[id],,false,false,false,false,false,,0,false,0,,,,,,false,false,false,false,GET|PATCH|DELETE,request.json,,,false,false,,,,false,DYNAMIC_SEGMENT_NO_GSP|NON_GET_METHOD|READS_REQUEST|NOT_FORCE_STATIC,,,,DYNAMIC_SEGMENT_NO_GSP|NON_GET_METHOD|READS_REQUEST|NOT_FORCE_STATIC,false
compliance-tracker,route,/api/crm/leads/[id]/score,src/app/api/crm/leads/[id]/score/route.ts,22,[id],,false,false,false,false,false,,0,false,0,,,,,,false,false,false,false,POST,"NextRequest (typed, no member read detected)",,,false,false,,,,false,DYNAMIC_SEGMENT_NO_GSP|NON_GET_METHOD|NOT_FORCE_STATIC,,,,DYNAMIC_SEGMENT_NO_GSP|NON_GET_METHOD|NOT_FORCE_STATIC,false
compliance-tracker,route,/api/crm/leads/[id]/stage-history,src/app/api/crm/leads/[id]/stage-history/route.ts,25,[id],,false,false,false,false,false,,0,false,0,,,,,,false,false,false,false,GET,"NextRequest (typed, no member read detected)",,,false,false,,,,false,DYNAMIC_SEGMENT_NO_GSP|NOT_FORCE_STATIC,,,,DYNAMIC_SEGMENT_NO_GSP|NOT_FORCE_STATIC,false
compliance-tracker,route,/api/crm/leads/bulk-reassign,src/app/api/crm/leads/bulk-reassign/route.ts,36,,,false,true,false,false,false,,0,false,0,,,,,,false,false,false,false,POST,request.json,,,false,false,,,,false,NON_GET_METHOD|READS_REQUEST|NOT_FORCE_STATIC,,,,NON_GET_METHOD|READS_REQUEST|NOT_FORCE_STATIC,false
compliance-tracker,route,/api/crm/leads/export,src/app/api/crm/leads/export/route.ts,38,,,false,true,false,false,false,,0,false,0,,,,,,false,false,false,false,GET,request.url|new URL(request.url),,,false,false,,,,false,READS_REQUEST|NOT_FORCE_STATIC,,,,READS_REQUEST|NOT_FORCE_STATIC,false
compliance-tracker,route,/api/crm/leads/import,src/app/api/crm/leads/import/route.ts,30,,,false,true,false,false,false,,0,false,0,,,,,,false,false,false,false,POST,request.formData,,,false,false,,,,false,NON_GET_METHOD|READS_REQUEST|NOT_FORCE_STATIC,,,,NON_GET_METHOD|READS_REQUEST|NOT_FORCE_STATIC,false
compliance-tracker,route,/api/crm/leads/import/template,src/app/api/crm/leads/import/template/route.ts,28,,,false,true,false,false,false,,0,false,0,,,,,,false,false,false,false,GET,,,,false,false,,,,false,NOT_FORCE_STATIC,,,,NOT_FORCE_STATIC,false
compliance-tracker,route,/api/crm/leads,src/app/api/crm/leads/route.ts,61,,,false,true,false,false,false,,0,false,0,,,,,,false,false,false,false,GET|POST,request.url|request.json|new URL(request.url),,,false,false,,,,false,NON_GET_METHOD|READS_REQUEST|NOT_FORCE_STATIC,,,,NON_GET_METHOD|READS_REQUEST|NOT_FORCE_STATIC,false
compliance-tracker,route,/api/crm/lost-reasons/[id],src/app/api/crm/lost-reasons/[id]/route.ts,32,[id],,false,false,false,false,false,,0,false,0,,,,,,false,false,false,false,PATCH,"NextRequest (typed, no member read detected)",,,false,false,,,,false,DYNAMIC_SEGMENT_NO_GSP|NON_GET_METHOD|NOT_FORCE_STATIC,,,,DYNAMIC_SEGMENT_NO_GSP|NON_GET_METHOD|NOT_FORCE_STATIC,false
compliance-tracker,route,/api/crm/lost-reasons,src/app/api/crm/lost-reasons/route.ts,42,,,false,true,false,false,false,,0,false,0,,,,,,false,false,false,false,GET|POST,request.url|request.json|new URL(request.url),,,false,false,,,,false,NON_GET_METHOD|READS_REQUEST|NOT_FORCE_STATIC,,,,NON_GET_METHOD|READS_REQUEST|NOT_FORCE_STATIC,false
compliance-tracker,route,/api/crm/opportunities/[id]/analyze,src/app/api/crm/opportunities/[id]/analyze/route.ts,22,[id],,false,false,false,false,false,,0,false,0,,,,,,false,false,false,false,POST,"NextRequest (typed, no member read detected)",,,false,false,,,,false,DYNAMIC_SEGMENT_NO_GSP|NON_GET_METHOD|NOT_FORCE_STATIC,,,,DYNAMIC_SEGMENT_NO_GSP|NON_GET_METHOD|NOT_FORCE_STATIC,false
compliance-tracker,route,/api/crm/opportunities/[id]/explain,src/app/api/crm/opportunities/[id]/explain/route.ts,24,[id],,false,false,false,false,false,,0,false,0,,,,,,false,false,false,false,GET,"NextRequest (typed, no member read detected)",,,false,false,,,,false,DYNAMIC_SEGMENT_NO_GSP|NOT_FORCE_STATIC,,,,DYNAMIC_SEGMENT_NO_GSP|NOT_FORCE_STATIC,false
compliance-tracker,route,/api/crm/opportunities/[id]/follow-up-task,src/app/api/crm/opportunities/[id]/follow-up-task/route.ts,28,[id],,false,false,false,false,false,,0,false,0,,,,,,false,false,false,false,POST,request.json,,,false,false,,,,false,DYNAMIC_SEGMENT_NO_GSP|NON_GET_METHOD|READS_REQUEST|NOT_FORCE_STATIC,,,,DYNAMIC_SEGMENT_NO_GSP|NON_GET_METHOD|READS_REQUEST|NOT_FORCE_STATIC,false
compliance-tracker,route,/api/crm/opportunities/[id],src/app/api/crm/opportunities/[id]/route.ts,63,[id],,false,false,false,false,false,,0,false,0,,,,,,false,false,false,false,GET|PATCH|DELETE,request.json,,,false,false,,,,false,DYNAMIC_SEGMENT_NO_GSP|NON_GET_METHOD|READS_REQUEST|NOT_FORCE_STATIC,,,,DYNAMIC_SEGMENT_NO_GSP|NON_GET_METHOD|READS_REQUEST|NOT_FORCE_STATIC,false
compliance-tracker,route,/api/crm/opportunities/[id]/stage-history,src/app/api/crm/opportunities/[id]/stage-history/route.ts,22,[id],,false,false,false,false,false,,0,false,0,,,,,,false,false,false,false,GET,"NextRequest (typed, no member read detected)",,,false,false,,,,false,DYNAMIC_SEGMENT_NO_GSP|NOT_FORCE_STATIC,,,,DYNAMIC_SEGMENT_NO_GSP|NOT_FORCE_STATIC,false
compliance-tracker,route,/api/crm/opportunities/bulk-reassign,src/app/api/crm/opportunities/bulk-reassign/route.ts,29,,,false,true,false,false,false,,0,false,0,,,,,,false,false,false,false,POST,request.json,,,false,false,,,,false,NON_GET_METHOD|READS_REQUEST|NOT_FORCE_STATIC,,,,NON_GET_METHOD|READS_REQUEST|NOT_FORCE_STATIC,false
compliance-tracker,route,/api/crm/opportunities,src/app/api/crm/opportunities/route.ts,49,,,false,true,false,false,false,,0,false,0,,,,,,false,false,false,false,GET|POST,request.url|request.json|new URL(request.url),,,false,false,,,,false,NON_GET_METHOD|READS_REQUEST|NOT_FORCE_STATIC,,,,NON_GET_METHOD|READS_REQUEST|NOT_FORCE_STATIC,false
compliance-tracker,route,/api/crm/pipeline/ai-summary,src/app/api/crm/pipeline/ai-summary/route.ts,22,,,false,true,false,false,false,,0,false,0,,,,,,false,false,false,false,POST,,,,false,false,,,,false,NON_GET_METHOD|NOT_FORCE_STATIC,,,,NON_GET_METHOD|NOT_FORCE_STATIC,false
compliance-tracker,route,/api/crm/pipeline/export,src/app/api/crm/pipeline/export/route.ts,58,,,false,true,false,false,false,,0,false,0,,,,,,false,false,false,false,GET,,,,false,false,,,,false,NOT_FORCE_STATIC,,,,NOT_FORCE_STATIC,false
compliance-tracker,route,/api/crm/pipeline/stages/[id],src/app/api/crm/pipeline/stages/[id]/route.ts,44,[id],,false,false,false,false,false,,0,false,0,,,,,,false,false,false,false,PATCH|DELETE,request.json,,,false,false,,,,false,DYNAMIC_SEGMENT_NO_GSP|NON_GET_METHOD|READS_REQUEST|NOT_FORCE_STATIC,,,,DYNAMIC_SEGMENT_NO_GSP|NON_GET_METHOD|READS_REQUEST|NOT_FORCE_STATIC,false
compliance-tracker,route,/api/crm/pipeline/stages,src/app/api/crm/pipeline/stages/route.ts,39,,,false,true,false,false,false,,0,false,0,,,,,,false,false,false,false,GET|POST,request.nextUrl|request.json,,,false,false,,,,false,NON_GET_METHOD|READS_REQUEST|NOT_FORCE_STATIC,,,,NON_GET_METHOD|READS_REQUEST|NOT_FORCE_STATIC,false
compliance-tracker,route,/api/crm/pipeline/stuck,src/app/api/crm/pipeline/stuck/route.ts,19,,,false,true,false,false,false,,0,false,0,,,,,,false,false,false,false,GET,,,,false,false,,,,false,NOT_FORCE_STATIC,,,,NOT_FORCE_STATIC,false
compliance-tracker,route,/api/crm/sales-pipeline,src/app/api/crm/sales-pipeline/route.ts,57,,,false,true,false,false,false,,0,false,0,,,,,,false,false,false,false,GET|POST,request.url|request.json|new URL(request.url),,,false,false,,,,false,NON_GET_METHOD|READS_REQUEST|NOT_FORCE_STATIC,,,,NON_GET_METHOD|READS_REQUEST|NOT_FORCE_STATIC,false
compliance-tracker,route,/api/crm/sales-pipeline/summary,src/app/api/crm/sales-pipeline/summary/route.ts,27,,,false,true,false,false,false,,0,false,0,,,,,,false,false,false,false,POST,request.url|new URL(request.url),,,false,false,,,,false,NON_GET_METHOD|READS_REQUEST|NOT_FORCE_STATIC,,,,NON_GET_METHOD|READS_REQUEST|NOT_FORCE_STATIC,false
compliance-tracker,route,/api/crm/sales-pipeline/trend,src/app/api/crm/sales-pipeline/trend/route.ts,25,,,false,true,false,false,false,,0,false,0,,,,,,false,false,false,false,GET,request.url|new URL(request.url),,,false,false,,,,false,READS_REQUEST|NOT_FORCE_STATIC,,,,READS_REQUEST|NOT_FORCE_STATIC,false
compliance-tracker,route,/api/custom-charts/[id],src/app/api/custom-charts/[id]/route.ts,45,[id],,false,false,false,false,false,,0,false,0,,,,,,false,false,false,false,PATCH|DELETE,request.json,,,false,false,,,,false,DYNAMIC_SEGMENT_NO_GSP|NON_GET_METHOD|READS_REQUEST|NOT_FORCE_STATIC,,,,DYNAMIC_SEGMENT_NO_GSP|NON_GET_METHOD|READS_REQUEST|NOT_FORCE_STATIC,false
compliance-tracker,route,/api/custom-charts/[id]/run,src/app/api/custom-charts/[id]/run/route.ts,28,[id],,false,false,false,false,false,,0,false,0,,,,,,false,false,false,false,POST,,,,false,false,,,,false,DYNAMIC_SEGMENT_NO_GSP|NON_GET_METHOD|NOT_FORCE_STATIC,,,,DYNAMIC_SEGMENT_NO_GSP|NON_GET_METHOD|NOT_FORCE_STATIC,false
compliance-tracker,route,/api/custom-charts,src/app/api/custom-charts/route.ts,45,,,false,true,false,false,false,,0,false,0,,,,,,false,false,false,false,GET|POST,request.nextUrl|request.json,,,false,false,,,,false,NON_GET_METHOD|READS_REQUEST|NOT_FORCE_STATIC,,,,NON_GET_METHOD|READS_REQUEST|NOT_FORCE_STATIC,false
compliance-tracker,route,/api/delegations/[id],src/app/api/delegations/[id]/route.ts,26,[id],,false,false,false,false,false,,0,false,0,,,,,,false,false,false,false,DELETE,,,,false,false,,,,false,DYNAMIC_SEGMENT_NO_GSP|NON_GET_METHOD|NOT_FORCE_STATIC,,,,DYNAMIC_SEGMENT_NO_GSP|NON_GET_METHOD|NOT_FORCE_STATIC,false
compliance-tracker,route,/api/delegations,src/app/api/delegations/route.ts,51,,,false,true,false,false,false,,0,false,0,,,,,,false,false,false,false,GET|POST,request.json,,,false,false,,,,false,NON_GET_METHOD|READS_REQUEST|NOT_FORCE_STATIC,,,,NON_GET_METHOD|READS_REQUEST|NOT_FORCE_STATIC,false
compliance-tracker,route,/api/departments/[id],src/app/api/departments/[id]/route.ts,63,[id],,false,false,false,false,false,,0,false,0,,,,,,false,false,false,false,GET,,,,false,false,,,,false,DYNAMIC_SEGMENT_NO_GSP|NOT_FORCE_STATIC,,,,DYNAMIC_SEGMENT_NO_GSP|NOT_FORCE_STATIC,false
compliance-tracker,route,/api/departments,src/app/api/departments/route.ts,94,,,false,true,false,false,false,,0,false,0,,,,,,false,false,false,false,GET|POST,request.json|request passed to helper,,,false,false,,,,false,NON_GET_METHOD|READS_REQUEST|NOT_FORCE_STATIC,,,,NON_GET_METHOD|READS_REQUEST|NOT_FORCE_STATIC,false
compliance-tracker,route,/api/deployment-slo,src/app/api/deployment-slo/route.ts,35,,,false,true,false,false,false,,0,false,0,,,,,,false,false,false,false,GET,request.nextUrl,,,false,false,,,,false,READS_REQUEST|NOT_FORCE_STATIC,,,,READS_REQUEST|NOT_FORCE_STATIC,false
compliance-tracker,route,/api/directors,src/app/api/directors/route.ts,41,,,false,true,false,false,false,,0,false,0,,,,,,false,false,false,false,GET|POST,request.json,,,false,false,,,,false,NON_GET_METHOD|READS_REQUEST|NOT_FORCE_STATIC,,,,NON_GET_METHOD|READS_REQUEST|NOT_FORCE_STATIC,false
compliance-tracker,route,/api/doa,src/app/api/doa/route.ts,35,,,false,true,false,false,false,,0,false,0,,,,,,false,false,false,false,GET|POST,request.json,,,false,false,,,,false,NON_GET_METHOD|READS_REQUEST|NOT_FORCE_STATIC,,,,NON_GET_METHOD|READS_REQUEST|NOT_FORCE_STATIC,false
compliance-tracker,route,/api/document-correspondents/[id],src/app/api/document-correspondents/[id]/route.ts,25,[id],,false,false,false,false,false,,0,false,0,,,,,,false,false,false,false,DELETE,,,,false,false,,,,false,DYNAMIC_SEGMENT_NO_GSP|NON_GET_METHOD|NOT_FORCE_STATIC,,,,DYNAMIC_SEGMENT_NO_GSP|NON_GET_METHOD|NOT_FORCE_STATIC,false
compliance-tracker,route,/api/document-correspondents,src/app/api/document-correspondents/route.ts,47,,,false,true,false,false,false,,0,false,0,,,,,,false,false,false,false,GET|POST,request.json,,,false,false,,,,false,NON_GET_METHOD|READS_REQUEST|NOT_FORCE_STATIC,,,,NON_GET_METHOD|READS_REQUEST|NOT_FORCE_STATIC,false
compliance-tracker,route,/api/document-matching-rules/[id],src/app/api/document-matching-rules/[id]/route.ts,45,[id],,false,false,false,false,false,,0,false,0,,,,,,false,false,false,false,PATCH|DELETE,request.json,,,false,false,,,,false,DYNAMIC_SEGMENT_NO_GSP|NON_GET_METHOD|READS_REQUEST|NOT_FORCE_STATIC,,,,DYNAMIC_SEGMENT_NO_GSP|NON_GET_METHOD|READS_REQUEST|NOT_FORCE_STATIC,false
compliance-tracker,route,/api/document-matching-rules,src/app/api/document-matching-rules/route.ts,50,,,false,true,false,false,false,,0,false,0,,,,,,false,false,false,false,GET|POST,request.json,,,false,false,,,,false,NON_GET_METHOD|READS_REQUEST|NOT_FORCE_STATIC,,,,NON_GET_METHOD|READS_REQUEST|NOT_FORCE_STATIC,false
compliance-tracker,route,/api/documents/[id]/dispose,src/app/api/documents/[id]/dispose/route.ts,22,[id],,false,false,false,false,false,,0,false,0,,,,,,false,false,false,false,POST,,,,false,false,,,,false,DYNAMIC_SEGMENT_NO_GSP|NON_GET_METHOD|NOT_FORCE_STATIC,,,,DYNAMIC_SEGMENT_NO_GSP|NON_GET_METHOD|NOT_FORCE_STATIC,false
compliance-tracker,route,/api/documents/[id]/retention,src/app/api/documents/[id]/retention/route.ts,28,[id],,false,false,false,false,false,,0,false,0,,,,,,false,false,false,false,PATCH,request.json,,,false,false,,,,false,DYNAMIC_SEGMENT_NO_GSP|NON_GET_METHOD|READS_REQUEST|NOT_FORCE_STATIC,,,,DYNAMIC_SEGMENT_NO_GSP|NON_GET_METHOD|READS_REQUEST|NOT_FORCE_STATIC,false
compliance-tracker,route,/api/documents/[id],src/app/api/documents/[id]/route.ts,104,[id],,false,false,false,false,false,,0,false,0,,,,,,false,false,false,false,GET|PATCH,request.json|request passed to helper,,,false,false,,,,false,DYNAMIC_SEGMENT_NO_GSP|NON_GET_METHOD|READS_REQUEST|NOT_FORCE_STATIC,,,,DYNAMIC_SEGMENT_NO_GSP|NON_GET_METHOD|READS_REQUEST|NOT_FORCE_STATIC,false
compliance-tracker,route,/api/documents/[id]/versions,src/app/api/documents/[id]/versions/route.ts,22,[id],,false,false,false,false,false,,0,false,0,,,,,,false,false,false,false,GET,"NextRequest (typed, no member read detected)",,,false,false,,,,false,DYNAMIC_SEGMENT_NO_GSP|NOT_FORCE_STATIC,,,,DYNAMIC_SEGMENT_NO_GSP|NOT_FORCE_STATIC,false
compliance-tracker,route,/api/documents/expiring,src/app/api/documents/expiring/route.ts,24,,,false,true,false,false,false,,0,false,0,,,,,,false,false,false,false,GET,request.url|new URL(request.url),,,false,false,,,,false,READS_REQUEST|NOT_FORCE_STATIC,,,,READS_REQUEST|NOT_FORCE_STATIC,false
compliance-tracker,route,/api/documents/extract,src/app/api/documents/extract/route.ts,179,,,false,true,false,false,false,,0,false,0,,,,,,false,false,false,false,POST,request.headers|request.formData|request.json,,,false,false,,,,false,NON_GET_METHOD|READS_REQUEST|NOT_FORCE_STATIC,,,,NON_GET_METHOD|READS_REQUEST|NOT_FORCE_STATIC,false
compliance-tracker,route,/api/documents/pending-disposal,src/app/api/documents/pending-disposal/route.ts,13,,,false,true,false,false,false,,0,false,0,,,,,,false,false,false,false,GET,,,,false,false,,,,false,NOT_FORCE_STATIC,,,,NOT_FORCE_STATIC,false
compliance-tracker,route,/api/documents,src/app/api/documents/route.ts,307,,,false,true,false,false,false,,0,false,0,,,,,,false,true,false,false,GET|POST,request.formData|request.url|new URL(request.url)|request passed to helper,,,false,false,,,,false,AFTER|NON_GET_METHOD|READS_REQUEST|NOT_FORCE_STATIC,,,,AFTER|NON_GET_METHOD|READS_REQUEST|NOT_FORCE_STATIC,false
compliance-tracker,route,/api/documents/search,src/app/api/documents/search/route.ts,14,,,false,true,false,false,false,,0,false,0,,,,,,false,false,false,false,GET,request.nextUrl,,,false,false,,,,false,READS_REQUEST|NOT_FORCE_STATIC,,,,READS_REQUEST|NOT_FORCE_STATIC,false
compliance-tracker,route,/api/dpdp/access-log,src/app/api/dpdp/access-log/route.ts,26,,,false,true,false,false,false,,0,false,0,,,,,,false,false,false,false,GET,,,,false,false,,,,false,NOT_FORCE_STATIC,,,,NOT_FORCE_STATIC,false
compliance-tracker,route,/api/dpdp/ai/[token],src/app/api/dpdp/ai/[token]/route.ts,17,[token],,false,false,false,false,false,,0,false,0,,,,,,false,false,false,false,GET,request.headers,,,false,false,,,,false,DYNAMIC_SEGMENT_NO_GSP|READS_REQUEST|NOT_FORCE_STATIC,,,,DYNAMIC_SEGMENT_NO_GSP|READS_REQUEST|NOT_FORCE_STATIC,false
compliance-tracker,route,/api/dpdp/ai-link,src/app/api/dpdp/ai-link/route.ts,29,,,false,true,false,false,false,,0,false,0,,,,,,false,false,false,false,GET|POST,,,,false,false,,,,false,NON_GET_METHOD|NOT_FORCE_STATIC,,,,NON_GET_METHOD|NOT_FORCE_STATIC,false
compliance-tracker,route,/api/dpdp/ai-work/[proposalId]/apply,src/app/api/dpdp/ai-work/[proposalId]/apply/route.ts,26,[proposalId],,false,false,false,false,false,,0,false,0,,,,,,false,false,false,false,POST,request.json,,,false,false,,,,false,DYNAMIC_SEGMENT_NO_GSP|NON_GET_METHOD|READS_REQUEST|NOT_FORCE_STATIC,,,,DYNAMIC_SEGMENT_NO_GSP|NON_GET_METHOD|READS_REQUEST|NOT_FORCE_STATIC,false
compliance-tracker,route,/api/dpdp/ai-work/[proposalId]/discard,src/app/api/dpdp/ai-work/[proposalId]/discard/route.ts,19,[proposalId],,false,false,false,false,false,,0,false,0,,,,,,false,false,false,false,POST,,,,false,false,,,,false,DYNAMIC_SEGMENT_NO_GSP|NON_GET_METHOD|NOT_FORCE_STATIC,,,,DYNAMIC_SEGMENT_NO_GSP|NON_GET_METHOD|NOT_FORCE_STATIC,false
compliance-tracker,route,/api/dpdp/ai-work,src/app/api/dpdp/ai-work/route.ts,49,,,false,true,false,false,false,,0,false,0,,,,,,false,false,false,false,GET|POST,request.json,,,false,false,,,,false,NON_GET_METHOD|READS_REQUEST|NOT_FORCE_STATIC,,,,NON_GET_METHOD|READS_REQUEST|NOT_FORCE_STATIC,false
compliance-tracker,route,/api/dpdp/artefacts/[artefactId]/accept,src/app/api/dpdp/artefacts/[artefactId]/accept/route.ts,17,[artefactId],,false,false,false,false,false,,0,false,0,,,,,,false,false,false,false,POST,"NextRequest (typed, no member read detected)",,,false,false,,,,false,DYNAMIC_SEGMENT_NO_GSP|NON_GET_METHOD|NOT_FORCE_STATIC,,,,DYNAMIC_SEGMENT_NO_GSP|NON_GET_METHOD|NOT_FORCE_STATIC,false
compliance-tracker,route,/api/dpdp/artefacts,src/app/api/dpdp/artefacts/route.ts,41,,,false,true,false,false,false,,0,false,0,,,,,,false,false,false,false,GET|POST,request.url|request.json|new URL(request.url),,,false,false,,,,false,NON_GET_METHOD|READS_REQUEST|NOT_FORCE_STATIC,,,,NON_GET_METHOD|READS_REQUEST|NOT_FORCE_STATIC,false
compliance-tracker,route,/api/dpdp/attest,src/app/api/dpdp/attest/route.ts,52,,,false,true,false,false,false,,0,false,0,,,,,,false,false,false,false,GET|POST,,,,false,false,,,,false,NON_GET_METHOD|NOT_FORCE_STATIC,,,,NON_GET_METHOD|NOT_FORCE_STATIC,false
compliance-tracker,route,/api/dpdp/auth/logout,src/app/api/dpdp/auth/logout/route.ts,18,,,false,true,false,false,false,cookies,0,false,0,,,,,,false,false,false,false,POST,,,,false,false,,,,false,NEXT_HEADERS|NON_GET_METHOD|NOT_FORCE_STATIC,,,,NEXT_HEADERS|NON_GET_METHOD|NOT_FORCE_STATIC,false
compliance-tracker,route,/api/dpdp/auth/request-link,src/app/api/dpdp/auth/request-link/route.ts,19,,,false,true,false,false,false,,0,false,0,,,,,,false,false,false,false,POST,request.json|request.headers,,,false,false,,,,false,NON_GET_METHOD|READS_REQUEST|NOT_FORCE_STATIC,,,,NON_GET_METHOD|READS_REQUEST|NOT_FORCE_STATIC,false
compliance-tracker,route,/api/dpdp/auth/verify,src/app/api/dpdp/auth/verify/route.ts,22,,,false,true,false,false,false,,0,false,0,,,,,,false,false,false,false,GET,request.nextUrl|request.url,,,false,false,,,,false,READS_REQUEST|NOT_FORCE_STATIC,,,,READS_REQUEST|NOT_FORCE_STATIC,false
compliance-tracker,route,/api/dpdp/breach/[breachId]/board-notified,src/app/api/dpdp/breach/[breachId]/board-notified/route.ts,17,[breachId],,false,false,false,false,false,,0,false,0,,,,,,false,false,false,false,POST,"NextRequest (typed, no member read detected)",,,false,false,,,,false,DYNAMIC_SEGMENT_NO_GSP|NON_GET_METHOD|NOT_FORCE_STATIC,,,,DYNAMIC_SEGMENT_NO_GSP|NON_GET_METHOD|NOT_FORCE_STATIC,false
compliance-tracker,route,/api/dpdp/breach/[breachId]/individuals-notified,src/app/api/dpdp/breach/[breachId]/individuals-notified/route.ts,17,[breachId],,false,false,false,false,false,,0,false,0,,,,,,false,false,false,false,POST,"NextRequest (typed, no member read detected)",,,false,false,,,,false,DYNAMIC_SEGMENT_NO_GSP|NON_GET_METHOD|NOT_FORCE_STATIC,,,,DYNAMIC_SEGMENT_NO_GSP|NON_GET_METHOD|NOT_FORCE_STATIC,false
compliance-tracker,route,/api/dpdp/breach,src/app/api/dpdp/breach/route.ts,29,,,false,true,false,false,false,,0,false,0,,,,,,false,false,false,false,GET|POST,request.json,,,false,false,,,,false,NON_GET_METHOD|READS_REQUEST|NOT_FORCE_STATIC,,,,NON_GET_METHOD|READS_REQUEST|NOT_FORCE_STATIC,false
compliance-tracker,route,/api/dpdp/consent-campaigns,src/app/api/dpdp/consent-campaigns/route.ts,23,,,false,true,false,false,false,,0,false,0,,,,,,false,false,false,false,POST,request.json,,,false,false,,,,false,NON_GET_METHOD|READS_REQUEST|NOT_FORCE_STATIC,,,,NON_GET_METHOD|READS_REQUEST|NOT_FORCE_STATIC,false
compliance-tracker,route,/api/dpdp/data-map/[locationId]/ask,src/app/api/dpdp/data-map/[locationId]/ask/route.ts,17,[locationId],,false,false,false,false,false,,0,false,0,,,,,,false,false,false,false,POST,"NextRequest (typed, no member read detected)",,,false,false,,,,false,DYNAMIC_SEGMENT_NO_GSP|NON_GET_METHOD|NOT_FORCE_STATIC,,,,DYNAMIC_SEGMENT_NO_GSP|NON_GET_METHOD|NOT_FORCE_STATIC,false
compliance-tracker,route,/api/dpdp/data-map/[locationId]/confirm,src/app/api/dpdp/data-map/[locationId]/confirm/route.ts,18,[locationId],,false,false,false,false,false,,0,false,0,,,,,,false,false,false,false,POST,request.json,,,false,false,,,,false,DYNAMIC_SEGMENT_NO_GSP|NON_GET_METHOD|READS_REQUEST|NOT_FORCE_STATIC,,,,DYNAMIC_SEGMENT_NO_GSP|NON_GET_METHOD|READS_REQUEST|NOT_FORCE_STATIC,false
compliance-tracker,route,/api/dpdp/data-map,src/app/api/dpdp/data-map/route.ts,28,,,false,true,false,false,false,,0,false,0,,,,,,false,false,false,false,GET|POST,request.json,,,false,false,,,,false,NON_GET_METHOD|READS_REQUEST|NOT_FORCE_STATIC,,,,NON_GET_METHOD|READS_REQUEST|NOT_FORCE_STATIC,false
compliance-tracker,route,/api/dpdp/events,src/app/api/dpdp/events/route.ts,25,,,false,true,false,false,false,,0,false,0,,,,,,false,false,false,false,GET,request.nextUrl,,,false,false,,,,false,READS_REQUEST|NOT_FORCE_STATIC,,,,READS_REQUEST|NOT_FORCE_STATIC,false
compliance-tracker,route,/api/dpdp/events/verify,src/app/api/dpdp/events/verify/route.ts,18,,,false,true,false,false,false,,0,false,0,,,,,,false,false,false,false,GET,,,,false,false,,,,false,NOT_FORCE_STATIC,,,,NOT_FORCE_STATIC,false
compliance-tracker,route,/api/dpdp/exposure,src/app/api/dpdp/exposure/route.ts,35,,,false,true,false,false,false,,0,false,0,,,,,,false,false,false,false,GET|POST,request.json,,,false,false,,,,false,NON_GET_METHOD|READS_REQUEST|NOT_FORCE_STATIC,,,,NON_GET_METHOD|READS_REQUEST|NOT_FORCE_STATIC,false
compliance-tracker,route,/api/dpdp/g/[slug]/rights-request,src/app/api/dpdp/g/[slug]/rights-request/route.ts,18,[slug],,false,false,false,false,false,,0,false,0,,,,,,false,false,false,false,POST,request.json,,,false,false,,,,false,DYNAMIC_SEGMENT_NO_GSP|NON_GET_METHOD|READS_REQUEST|NOT_FORCE_STATIC,,,,DYNAMIC_SEGMENT_NO_GSP|NON_GET_METHOD|READS_REQUEST|NOT_FORCE_STATIC,false
compliance-tracker,route,/api/dpdp/g/[slug],src/app/api/dpdp/g/[slug]/route.ts,18,[slug],,false,false,false,false,false,,0,false,0,,,,,,false,false,false,false,GET,,,,false,false,,,,false,DYNAMIC_SEGMENT_NO_GSP|NOT_FORCE_STATIC,,,,DYNAMIC_SEGMENT_NO_GSP|NOT_FORCE_STATIC,false
compliance-tracker,route,/api/dpdp/grievance-officer,src/app/api/dpdp/grievance-officer/route.ts,29,,,false,true,false,false,false,,0,false,0,,,,,,false,false,false,false,GET|POST,request.json,,,false,false,,,,false,NON_GET_METHOD|READS_REQUEST|NOT_FORCE_STATIC,,,,NON_GET_METHOD|READS_REQUEST|NOT_FORCE_STATIC,false
compliance-tracker,route,/api/dpdp/grievances/[grievanceId]/escalate,src/app/api/dpdp/grievances/[grievanceId]/escalate/route.ts,17,[grievanceId],,false,false,false,false,false,,0,false,0,,,,,,false,false,false,false,POST,"NextRequest (typed, no member read detected)",,,false,false,,,,false,DYNAMIC_SEGMENT_NO_GSP|NON_GET_METHOD|NOT_FORCE_STATIC,,,,DYNAMIC_SEGMENT_NO_GSP|NON_GET_METHOD|NOT_FORCE_STATIC,false
compliance-tracker,route,/api/dpdp/grievances/[grievanceId]/officer-decision,src/app/api/dpdp/grievances/[grievanceId]/officer-decision/route.ts,18,[grievanceId],,false,false,false,false,false,,0,false,0,,,,,,false,false,false,false,POST,request.json,,,false,false,,,,false,DYNAMIC_SEGMENT_NO_GSP|NON_GET_METHOD|READS_REQUEST|NOT_FORCE_STATIC,,,,DYNAMIC_SEGMENT_NO_GSP|NON_GET_METHOD|READS_REQUEST|NOT_FORCE_STATIC,false
compliance-tracker,route,/api/dpdp/grievances,src/app/api/dpdp/grievances/route.ts,16,,,false,true,false,false,false,,0,false,0,,,,,,false,false,false,false,GET,,,,false,false,,,,false,NOT_FORCE_STATIC,,,,NOT_FORCE_STATIC,false
compliance-tracker,route,/api/dpdp/members/[membershipId]/revoke,src/app/api/dpdp/members/[membershipId]/revoke/route.ts,19,[membershipId],,false,false,false,false,false,,0,false,0,,,,,,false,false,false,false,POST,"NextRequest (typed, no member read detected)",,,false,false,,,,false,DYNAMIC_SEGMENT_NO_GSP|NON_GET_METHOD|NOT_FORCE_STATIC,,,,DYNAMIC_SEGMENT_NO_GSP|NON_GET_METHOD|NOT_FORCE_STATIC,false
compliance-tracker,route,/api/dpdp/members,src/app/api/dpdp/members/route.ts,37,,,false,true,false,false,false,,0,false,0,,,,,,false,false,false,false,GET|POST,request.json,,,false,false,,,,false,NON_GET_METHOD|READS_REQUEST|NOT_FORCE_STATIC,,,,NON_GET_METHOD|READS_REQUEST|NOT_FORCE_STATIC,false
compliance-tracker,route,/api/dpdp/mydata,src/app/api/dpdp/mydata/route.ts,24,,,false,true,false,false,false,,0,false,0,,,,,,false,false,false,false,GET,,,,false,false,,,,false,NOT_FORCE_STATIC,,,,NOT_FORCE_STATIC,false
compliance-tracker,route,/api/dpdp/notices,src/app/api/dpdp/notices/route.ts,29,,,false,true,false,false,false,,0,false,0,,,,,,false,false,false,false,GET|POST,request.json,,,false,false,,,,false,NON_GET_METHOD|READS_REQUEST|NOT_FORCE_STATIC,,,,NON_GET_METHOD|READS_REQUEST|NOT_FORCE_STATIC,false
compliance-tracker,route,/api/dpdp/obligations/[obligationId]/accept,src/app/api/dpdp/obligations/[obligationId]/accept/route.ts,19,[obligationId],,false,false,false,false,false,,0,false,0,,,,,,false,false,false,false,POST,"NextRequest (typed, no member read detected)",,,false,false,,,,false,DYNAMIC_SEGMENT_NO_GSP|NON_GET_METHOD|NOT_FORCE_STATIC,,,,DYNAMIC_SEGMENT_NO_GSP|NON_GET_METHOD|NOT_FORCE_STATIC,false
compliance-tracker,route,/api/dpdp/obligations/[obligationId]/assign,src/app/api/dpdp/obligations/[obligationId]/assign/route.ts,19,[obligationId],,false,false,false,false,false,,0,false,0,,,,,,false,false,false,false,POST,request.json,,,false,false,,,,false,DYNAMIC_SEGMENT_NO_GSP|NON_GET_METHOD|READS_REQUEST|NOT_FORCE_STATIC,,,,DYNAMIC_SEGMENT_NO_GSP|NON_GET_METHOD|READS_REQUEST|NOT_FORCE_STATIC,false
compliance-tracker,route,/api/dpdp/obligations/[obligationId]/not-my-job,src/app/api/dpdp/obligations/[obligationId]/not-my-job/route.ts,20,[obligationId],,false,false,false,false,false,,0,false,0,,,,,,false,false,false,false,POST,request.json,,,false,false,,,,false,DYNAMIC_SEGMENT_NO_GSP|NON_GET_METHOD|READS_REQUEST|NOT_FORCE_STATIC,,,,DYNAMIC_SEGMENT_NO_GSP|NON_GET_METHOD|READS_REQUEST|NOT_FORCE_STATIC,false
compliance-tracker,route,/api/dpdp/obligations/[obligationId]/reject,src/app/api/dpdp/obligations/[obligationId]/reject/route.ts,20,[obligationId],,false,false,false,false,false,,0,false,0,,,,,,false,false,false,false,POST,request.json,,,false,false,,,,false,DYNAMIC_SEGMENT_NO_GSP|NON_GET_METHOD|READS_REQUEST|NOT_FORCE_STATIC,,,,DYNAMIC_SEGMENT_NO_GSP|NON_GET_METHOD|READS_REQUEST|NOT_FORCE_STATIC,false
compliance-tracker,route,/api/dpdp/obligations/[obligationId]/stuck,src/app/api/dpdp/obligations/[obligationId]/stuck/route.ts,20,[obligationId],,false,false,false,false,false,,0,false,0,,,,,,false,false,false,false,POST,request.json,,,false,false,,,,false,DYNAMIC_SEGMENT_NO_GSP|NON_GET_METHOD|READS_REQUEST|NOT_FORCE_STATIC,,,,DYNAMIC_SEGMENT_NO_GSP|NON_GET_METHOD|READS_REQUEST|NOT_FORCE_STATIC,false
compliance-tracker,route,/api/dpdp/obligations/[obligationId]/submit,src/app/api/dpdp/obligations/[obligationId]/submit/route.ts,20,[obligationId],,false,false,false,false,false,,0,false,0,,,,,,false,false,false,false,POST,request.json,,,false,false,,,,false,DYNAMIC_SEGMENT_NO_GSP|NON_GET_METHOD|READS_REQUEST|NOT_FORCE_STATIC,,,,DYNAMIC_SEGMENT_NO_GSP|NON_GET_METHOD|READS_REQUEST|NOT_FORCE_STATIC,false
compliance-tracker,route,/api/dpdp/obligations/review,src/app/api/dpdp/obligations/review/route.ts,16,,,false,true,false,false,false,,0,false,0,,,,,,false,false,false,false,GET,,,,false,false,,,,false,NOT_FORCE_STATIC,,,,NOT_FORCE_STATIC,false
compliance-tracker,route,/api/dpdp/obligations,src/app/api/dpdp/obligations/route.ts,23,,,false,true,false,false,false,,0,false,0,,,,,,false,false,false,false,GET,request.url|new URL(request.url),,,false,false,,,,false,READS_REQUEST|NOT_FORCE_STATIC,,,,READS_REQUEST|NOT_FORCE_STATIC,false
compliance-tracker,route,/api/dpdp/organisations,src/app/api/dpdp/organisations/route.ts,68,,,false,true,false,false,false,,0,false,0,,,,,,false,false,false,false,GET|POST,request.json|request.nextUrl,,,false,false,,,,false,NON_GET_METHOD|READS_REQUEST|NOT_FORCE_STATIC,,,,NON_GET_METHOD|READS_REQUEST|NOT_FORCE_STATIC,false
compliance-tracker,route,/api/dpdp/organisations/switch,src/app/api/dpdp/organisations/switch/route.ts,17,,,false,true,false,false,false,,0,false,0,,,,,,false,false,false,false,POST,request.json,,,false,false,,,,false,NON_GET_METHOD|READS_REQUEST|NOT_FORCE_STATIC,,,,NON_GET_METHOD|READS_REQUEST|NOT_FORCE_STATIC,false
compliance-tracker,route,/api/dpdp/p/[token]/consent,src/app/api/dpdp/p/[token]/consent/route.ts,15,[token],,false,false,false,false,false,,0,false,0,,,,,,false,false,false,false,POST,request.json,,,false,false,,,,false,DYNAMIC_SEGMENT_NO_GSP|NON_GET_METHOD|READS_REQUEST|NOT_FORCE_STATIC,,,,DYNAMIC_SEGMENT_NO_GSP|NON_GET_METHOD|READS_REQUEST|NOT_FORCE_STATIC,false
compliance-tracker,route,/api/dpdp/p/[token]/grievance,src/app/api/dpdp/p/[token]/grievance/route.ts,17,[token],,false,false,false,false,false,,0,false,0,,,,,,false,false,false,false,POST,request.json,,,false,false,,,,false,DYNAMIC_SEGMENT_NO_GSP|NON_GET_METHOD|READS_REQUEST|NOT_FORCE_STATIC,,,,DYNAMIC_SEGMENT_NO_GSP|NON_GET_METHOD|READS_REQUEST|NOT_FORCE_STATIC,false
compliance-tracker,route,/api/dpdp/p/[token]/rights-request,src/app/api/dpdp/p/[token]/rights-request/route.ts,19,[token],,false,false,false,false,false,,0,false,0,,,,,,false,false,false,false,POST,request.json,,,false,false,,,,false,DYNAMIC_SEGMENT_NO_GSP|NON_GET_METHOD|READS_REQUEST|NOT_FORCE_STATIC,,,,DYNAMIC_SEGMENT_NO_GSP|NON_GET_METHOD|READS_REQUEST|NOT_FORCE_STATIC,false
compliance-tracker,route,/api/dpdp/p/[token],src/app/api/dpdp/p/[token]/route.ts,19,[token],,false,false,false,false,false,,0,false,0,,,,,,false,false,false,false,GET,,,,false,false,,,,false,DYNAMIC_SEGMENT_NO_GSP|NOT_FORCE_STATIC,,,,DYNAMIC_SEGMENT_NO_GSP|NOT_FORCE_STATIC,false
compliance-tracker,route,/api/dpdp/partner,src/app/api/dpdp/partner/route.ts,36,,,false,true,false,false,false,,0,false,0,,,,,,false,false,false,false,GET|POST,request.json,,,false,false,,,,false,NON_GET_METHOD|READS_REQUEST|NOT_FORCE_STATIC,,,,NON_GET_METHOD|READS_REQUEST|NOT_FORCE_STATIC,false
compliance-tracker,route,/api/dpdp/principal-groups,src/app/api/dpdp/principal-groups/route.ts,33,,,false,true,false,false,false,,0,false,0,,,,,,false,false,false,false,GET|POST,request.json,,,false,false,,,,false,NON_GET_METHOD|READS_REQUEST|NOT_FORCE_STATIC,,,,NON_GET_METHOD|READS_REQUEST|NOT_FORCE_STATIC,false
compliance-tracker,route,/api/dpdp/proof,src/app/api/dpdp/proof/route.ts,53,,,false,true,false,false,false,,0,false,0,,,,,,false,false,false,false,GET,,,,false,false,,,,false,NOT_FORCE_STATIC,,,,NOT_FORCE_STATIC,false
compliance-tracker,route,/api/dpdp/public-page/publish,src/app/api/dpdp/public-page/publish/route.ts,18,,,false,true,false,false,false,,0,false,0,,,,,,false,false,false,false,POST,request.json,,,false,false,,,,false,NON_GET_METHOD|READS_REQUEST|NOT_FORCE_STATIC,,,,NON_GET_METHOD|READS_REQUEST|NOT_FORCE_STATIC,false
compliance-tracker,route,/api/dpdp/referral,src/app/api/dpdp/referral/route.ts,30,,,false,true,false,false,false,,0,false,0,,,,,,false,false,false,false,GET|POST,,,,false,false,,,,false,NON_GET_METHOD|NOT_FORCE_STATIC,,,,NON_GET_METHOD|NOT_FORCE_STATIC,false
compliance-tracker,route,/api/dpdp/relationships/[relationshipId]/sign,src/app/api/dpdp/relationships/[relationshipId]/sign/route.ts,17,[relationshipId],,false,false,false,false,false,,0,false,0,,,,,,false,false,false,false,POST,"NextRequest (typed, no member read detected)",,,false,false,,,,false,DYNAMIC_SEGMENT_NO_GSP|NON_GET_METHOD|NOT_FORCE_STATIC,,,,DYNAMIC_SEGMENT_NO_GSP|NON_GET_METHOD|NOT_FORCE_STATIC,false
compliance-tracker,route,/api/dpdp/relationships,src/app/api/dpdp/relationships/route.ts,37,,,false,true,false,false,false,,0,false,0,,,,,,false,false,false,false,GET|POST,request.url|request.json|new URL(request.url),,,false,false,,,,false,NON_GET_METHOD|READS_REQUEST|NOT_FORCE_STATIC,,,,NON_GET_METHOD|READS_REQUEST|NOT_FORCE_STATIC,false
compliance-tracker,route,/api/dpdp/rights-requests/[requestId]/answer,src/app/api/dpdp/rights-requests/[requestId]/answer/route.ts,18,[requestId],,false,false,false,false,false,,0,false,0,,,,,,false,false,false,false,POST,request.json,,,false,false,,,,false,DYNAMIC_SEGMENT_NO_GSP|NON_GET_METHOD|READS_REQUEST|NOT_FORCE_STATIC,,,,DYNAMIC_SEGMENT_NO_GSP|NON_GET_METHOD|READS_REQUEST|NOT_FORCE_STATIC,false
compliance-tracker,route,/api/dpdp/rights-requests,src/app/api/dpdp/rights-requests/route.ts,16,,,false,true,false,false,false,,0,false,0,,,,,,false,false,false,false,GET,,,,false,false,,,,false,NOT_FORCE_STATIC,,,,NOT_FORCE_STATIC,false
compliance-tracker,route,/api/dpdp/task-link/[token],src/app/api/dpdp/task-link/[token]/route.ts,71,[token],,false,false,false,false,false,,0,false,0,,,,,,false,false,false,false,GET|POST,,,,false,false,,,,false,DYNAMIC_SEGMENT_NO_GSP|NON_GET_METHOD|NOT_FORCE_STATIC,,,,DYNAMIC_SEGMENT_NO_GSP|NON_GET_METHOD|NOT_FORCE_STATIC,false
compliance-tracker,route,/api/drafted-communications/[id]/approve,src/app/api/drafted-communications/[id]/approve/route.ts,29,[id],,false,false,false,false,false,,0,false,0,,,,,,false,false,false,false,POST,request.json,,,false,false,,,,false,DYNAMIC_SEGMENT_NO_GSP|NON_GET_METHOD|READS_REQUEST|NOT_FORCE_STATIC,,,,DYNAMIC_SEGMENT_NO_GSP|NON_GET_METHOD|READS_REQUEST|NOT_FORCE_STATIC,false
compliance-tracker,route,/api/drafted-communications/[id]/reject,src/app/api/drafted-communications/[id]/reject/route.ts,33,[id],,false,false,false,false,false,,0,false,0,,,,,,false,false,false,false,POST,request.json,,,false,false,,,,false,DYNAMIC_SEGMENT_NO_GSP|NON_GET_METHOD|READS_REQUEST|NOT_FORCE_STATIC,,,,DYNAMIC_SEGMENT_NO_GSP|NON_GET_METHOD|READS_REQUEST|NOT_FORCE_STATIC,false
compliance-tracker,route,/api/drafted-communications/[id],src/app/api/drafted-communications/[id]/route.ts,22,[id],,false,false,false,false,false,,0,false,0,,,,,,false,false,false,false,GET,"NextRequest (typed, no member read detected)",,,false,false,,,,false,DYNAMIC_SEGMENT_NO_GSP|NOT_FORCE_STATIC,,,,DYNAMIC_SEGMENT_NO_GSP|NOT_FORCE_STATIC,false
compliance-tracker,route,/api/drafted-communications,src/app/api/drafted-communications/route.ts,47,,,false,true,false,false,false,,0,false,0,,,,,,false,false,false,false,GET|POST,request.nextUrl|request.json,,,false,false,,,,false,NON_GET_METHOD|READS_REQUEST|NOT_FORCE_STATIC,,,,NON_GET_METHOD|READS_REQUEST|NOT_FORCE_STATIC,false
compliance-tracker,route,/api/dynamic-chains/[id]/versions,src/app/api/dynamic-chains/[id]/versions/route.ts,66,[id],,false,false,false,false,false,,0,false,0,,,,,,false,false,false,false,GET|POST,request.json,,,false,false,,,,false,DYNAMIC_SEGMENT_NO_GSP|NON_GET_METHOD|READS_REQUEST|NOT_FORCE_STATIC,,,,DYNAMIC_SEGMENT_NO_GSP|NON_GET_METHOD|READS_REQUEST|NOT_FORCE_STATIC,false
compliance-tracker,route,/api/dynamic-chains/my-library,src/app/api/dynamic-chains/my-library/route.ts,29,,,false,true,false,false,false,,0,false,0,,,,,,false,false,false,false,GET,request.nextUrl,,,false,false,,,,false,READS_REQUEST|NOT_FORCE_STATIC,,,,READS_REQUEST|NOT_FORCE_STATIC,false
compliance-tracker,route,/api/dynamic-chains,src/app/api/dynamic-chains/route.ts,41,,,false,true,false,false,false,,0,false,0,,,,,,false,false,false,false,GET,request.nextUrl,,,false,false,,,,false,READS_REQUEST|NOT_FORCE_STATIC,,,,READS_REQUEST|NOT_FORCE_STATIC,false
compliance-tracker,route,/api/email-intelligence/[id]/dismiss,src/app/api/email-intelligence/[id]/dismiss/route.ts,33,[id],,false,false,false,false,false,,0,false,0,,,,,,false,false,false,false,POST,"NextRequest (typed, no member read detected)",,,false,false,,,,false,DYNAMIC_SEGMENT_NO_GSP|NON_GET_METHOD|NOT_FORCE_STATIC,,,,DYNAMIC_SEGMENT_NO_GSP|NON_GET_METHOD|NOT_FORCE_STATIC,false
compliance-tracker,route,/api/email-intelligence/[id]/promote,src/app/api/email-intelligence/[id]/promote/route.ts,36,[id],,false,false,false,false,false,,0,false,0,,,,,,false,false,false,false,POST,request.json,,,false,false,,,,false,DYNAMIC_SEGMENT_NO_GSP|NON_GET_METHOD|READS_REQUEST|NOT_FORCE_STATIC,,,,DYNAMIC_SEGMENT_NO_GSP|NON_GET_METHOD|READS_REQUEST|NOT_FORCE_STATIC,false
compliance-tracker,route,/api/email-intelligence/[id]/promote-to-ticket,src/app/api/email-intelligence/[id]/promote-to-ticket/route.ts,37,[id],,false,false,false,false,false,,0,false,0,,,,,,false,false,false,false,POST,request.json,,,false,false,,,,false,DYNAMIC_SEGMENT_NO_GSP|NON_GET_METHOD|READS_REQUEST|NOT_FORCE_STATIC,,,,DYNAMIC_SEGMENT_NO_GSP|NON_GET_METHOD|READS_REQUEST|NOT_FORCE_STATIC,false
compliance-tracker,route,/api/email-intelligence/[id],src/app/api/email-intelligence/[id]/route.ts,22,[id],,false,false,false,false,false,,0,false,0,,,,,,false,false,false,false,GET,"NextRequest (typed, no member read detected)",,,false,false,,,,false,DYNAMIC_SEGMENT_NO_GSP|NOT_FORCE_STATIC,,,,DYNAMIC_SEGMENT_NO_GSP|NOT_FORCE_STATIC,false
compliance-tracker,route,/api/email-intelligence,src/app/api/email-intelligence/route.ts,50,,,false,true,false,false,false,,0,false,0,,,,,,false,false,false,false,GET|POST,request.json,,,false,false,,,,false,NON_GET_METHOD|READS_REQUEST|NOT_FORCE_STATIC,,,,NON_GET_METHOD|READS_REQUEST|NOT_FORCE_STATIC,false
compliance-tracker,route,/api/erp/accounts,src/app/api/erp/accounts/route.ts,47,,,false,true,false,false,false,,0,false,0,,,,,,false,false,false,false,GET|POST,request.json,,,false,false,,,,false,NON_GET_METHOD|READS_REQUEST|NOT_FORCE_STATIC,,,,NON_GET_METHOD|READS_REQUEST|NOT_FORCE_STATIC,false
compliance-tracker,route,/api/erp/auctions/[id]/bids,src/app/api/erp/auctions/[id]/bids/route.ts,20,[id],,false,false,false,false,false,,0,false,0,,,,,,false,false,false,false,GET,"NextRequest (typed, no member read detected)",,,false,false,,,,false,DYNAMIC_SEGMENT_NO_GSP|NOT_FORCE_STATIC,,,,DYNAMIC_SEGMENT_NO_GSP|NOT_FORCE_STATIC,false
compliance-tracker,route,/api/erp/auctions/[id]/close,src/app/api/erp/auctions/[id]/close/route.ts,22,[id],,false,false,false,false,false,,0,false,0,,,,,,false,false,false,false,POST,"NextRequest (typed, no member read detected)",,,false,false,,,,false,DYNAMIC_SEGMENT_NO_GSP|NON_GET_METHOD|NOT_FORCE_STATIC,,,,DYNAMIC_SEGMENT_NO_GSP|NON_GET_METHOD|NOT_FORCE_STATIC,false
compliance-tracker,route,/api/erp/bank-accounts,src/app/api/erp/bank-accounts/route.ts,19,,,false,true,false,false,false,,0,false,0,,,,,,false,false,false,false,GET,,,,false,false,,,,false,NOT_FORCE_STATIC,,,,NOT_FORCE_STATIC,false
compliance-tracker,route,/api/erp/bank-reconciliation/[id]/lines,src/app/api/erp/bank-reconciliation/[id]/lines/route.ts,20,[id],,false,false,false,false,false,,0,false,0,,,,,,false,false,false,false,GET,,,,false,false,,,,false,DYNAMIC_SEGMENT_NO_GSP|NOT_FORCE_STATIC,,,,DYNAMIC_SEGMENT_NO_GSP|NOT_FORCE_STATIC,false
compliance-tracker,route,/api/erp/bank-reconciliation/import,src/app/api/erp/bank-reconciliation/import/route.ts,39,,,false,true,false,false,false,,0,false,0,,,,,,false,false,false,false,POST,request.formData,,,false,false,,,,false,NON_GET_METHOD|READS_REQUEST|NOT_FORCE_STATIC,,,,NON_GET_METHOD|READS_REQUEST|NOT_FORCE_STATIC,false
compliance-tracker,route,/api/erp/bank-reconciliation/lines/[id]/ignore,src/app/api/erp/bank-reconciliation/lines/[id]/ignore/route.ts,30,[id],,false,false,false,false,false,,0,false,0,,,,,,false,false,false,false,POST,,,,false,false,,,,false,DYNAMIC_SEGMENT_NO_GSP|NON_GET_METHOD|NOT_FORCE_STATIC,,,,DYNAMIC_SEGMENT_NO_GSP|NON_GET_METHOD|NOT_FORCE_STATIC,false
compliance-tracker,route,/api/erp/bank-reconciliation/lines/[id]/match,src/app/api/erp/bank-reconciliation/lines/[id]/match/route.ts,33,[id],,false,false,false,false,false,,0,false,0,,,,,,false,false,false,false,POST,request.json,,,false,false,,,,false,DYNAMIC_SEGMENT_NO_GSP|NON_GET_METHOD|READS_REQUEST|NOT_FORCE_STATIC,,,,DYNAMIC_SEGMENT_NO_GSP|NON_GET_METHOD|READS_REQUEST|NOT_FORCE_STATIC,false
compliance-tracker,route,/api/erp/bank-reconciliation/lines/[id]/suggest,src/app/api/erp/bank-reconciliation/lines/[id]/suggest/route.ts,22,[id],,false,false,false,false,false,,0,false,0,,,,,,false,false,false,false,GET,request.nextUrl,,,false,false,,,,false,DYNAMIC_SEGMENT_NO_GSP|READS_REQUEST|NOT_FORCE_STATIC,,,,DYNAMIC_SEGMENT_NO_GSP|READS_REQUEST|NOT_FORCE_STATIC,false
compliance-tracker,route,/api/erp/bank-reconciliation,src/app/api/erp/bank-reconciliation/route.ts,19,,,false,true,false,false,false,,0,false,0,,,,,,false,false,false,false,GET,,,,false,false,,,,false,NOT_FORCE_STATIC,,,,NOT_FORCE_STATIC,false
compliance-tracker,route,/api/erp/budgets/[id]/cancel,src/app/api/erp/budgets/[id]/cancel/route.ts,22,[id],,false,false,false,false,false,,0,false,0,,,,,,false,false,false,false,POST,,,,false,false,,,,false,DYNAMIC_SEGMENT_NO_GSP|NON_GET_METHOD|NOT_FORCE_STATIC,,,,DYNAMIC_SEGMENT_NO_GSP|NON_GET_METHOD|NOT_FORCE_STATIC,false
compliance-tracker,route,/api/erp/budgets/[id],src/app/api/erp/budgets/[id]/route.ts,39,[id],,false,false,false,false,false,,0,false,0,,,,,,false,false,false,false,GET|PATCH,request.json,,,false,false,,,,false,DYNAMIC_SEGMENT_NO_GSP|NON_GET_METHOD|READS_REQUEST|NOT_FORCE_STATIC,,,,DYNAMIC_SEGMENT_NO_GSP|NON_GET_METHOD|READS_REQUEST|NOT_FORCE_STATIC,false
compliance-tracker,route,/api/erp/budgets/[id]/submit,src/app/api/erp/budgets/[id]/submit/route.ts,22,[id],,false,false,false,false,false,,0,false,0,,,,,,false,false,false,false,POST,,,,false,false,,,,false,DYNAMIC_SEGMENT_NO_GSP|NON_GET_METHOD|NOT_FORCE_STATIC,,,,DYNAMIC_SEGMENT_NO_GSP|NON_GET_METHOD|NOT_FORCE_STATIC,false
compliance-tracker,route,/api/erp/budgets/[id]/variance,src/app/api/erp/budgets/[id]/variance/route.ts,21,[id],,false,false,false,false,false,,0,false,0,,,,,,false,false,false,false,GET,request.nextUrl,,,false,false,,,,false,DYNAMIC_SEGMENT_NO_GSP|READS_REQUEST|NOT_FORCE_STATIC,,,,DYNAMIC_SEGMENT_NO_GSP|READS_REQUEST|NOT_FORCE_STATIC,false
compliance-tracker,route,/api/erp/budgets,src/app/api/erp/budgets/route.ts,37,,,false,true,false,false,false,,0,false,0,,,,,,false,false,false,false,GET|POST,request.json,,,false,false,,,,false,NON_GET_METHOD|READS_REQUEST|NOT_FORCE_STATIC,,,,NON_GET_METHOD|READS_REQUEST|NOT_FORCE_STATIC,false
compliance-tracker,route,/api/erp/buying/goods-receipts/[id]/landed-costs,src/app/api/erp/buying/goods-receipts/[id]/landed-costs/route.ts,41,[id],,false,false,false,false,false,,0,false,0,,,,,,false,false,false,false,GET|POST,request.json,,,false,false,,,,false,DYNAMIC_SEGMENT_NO_GSP|NON_GET_METHOD|READS_REQUEST|NOT_FORCE_STATIC,,,,DYNAMIC_SEGMENT_NO_GSP|NON_GET_METHOD|READS_REQUEST|NOT_FORCE_STATIC,false
compliance-tracker,route,/api/erp/buying/goods-receipts/[id]/putaway,src/app/api/erp/buying/goods-receipts/[id]/putaway/route.ts,24,[id],,false,false,false,false,false,,0,false,0,,,,,,false,false,false,false,POST,,,,false,false,,,,false,DYNAMIC_SEGMENT_NO_GSP|NON_GET_METHOD|NOT_FORCE_STATIC,,,,DYNAMIC_SEGMENT_NO_GSP|NON_GET_METHOD|NOT_FORCE_STATIC,false
compliance-tracker,route,/api/erp/buying/goods-receipts/[id],src/app/api/erp/buying/goods-receipts/[id]/route.ts,20,[id],,false,false,false,false,false,,0,false,0,,,,,,false,false,false,false,GET,,,,false,false,,,,false,DYNAMIC_SEGMENT_NO_GSP|NOT_FORCE_STATIC,,,,DYNAMIC_SEGMENT_NO_GSP|NOT_FORCE_STATIC,false
compliance-tracker,route,/api/erp/buying/goods-receipts/[id]/submit,src/app/api/erp/buying/goods-receipts/[id]/submit/route.ts,24,[id],,false,false,false,false,false,,0,false,0,,,,,,false,false,false,false,POST,,,,false,false,,,,false,DYNAMIC_SEGMENT_NO_GSP|NON_GET_METHOD|NOT_FORCE_STATIC,,,,DYNAMIC_SEGMENT_NO_GSP|NON_GET_METHOD|NOT_FORCE_STATIC,false
compliance-tracker,route,/api/erp/buying/goods-receipts/items/[itemId]/putaway,src/app/api/erp/buying/goods-receipts/items/[itemId]/putaway/route.ts,25,[itemId],,false,false,false,false,false,,0,false,0,,,,,,false,false,false,false,PATCH,request.json,,,false,false,,,,false,DYNAMIC_SEGMENT_NO_GSP|NON_GET_METHOD|READS_REQUEST|NOT_FORCE_STATIC,,,,DYNAMIC_SEGMENT_NO_GSP|NON_GET_METHOD|READS_REQUEST|NOT_FORCE_STATIC,false
compliance-tracker,route,/api/erp/buying/goods-receipts,src/app/api/erp/buying/goods-receipts/route.ts,39,,,false,true,false,false,false,,0,false,0,,,,,,false,false,false,false,GET|POST,request.json,,,false,false,,,,false,NON_GET_METHOD|READS_REQUEST|NOT_FORCE_STATIC,,,,NON_GET_METHOD|READS_REQUEST|NOT_FORCE_STATIC,false
compliance-tracker,route,/api/erp/buying/purchase-orders/[id],src/app/api/erp/buying/purchase-orders/[id]/route.ts,20,[id],,false,false,false,false,false,,0,false,0,,,,,,false,false,false,false,GET,,,,false,false,,,,false,DYNAMIC_SEGMENT_NO_GSP|NOT_FORCE_STATIC,,,,DYNAMIC_SEGMENT_NO_GSP|NOT_FORCE_STATIC,false
compliance-tracker,route,/api/erp/buying/purchase-orders/[id]/submit,src/app/api/erp/buying/purchase-orders/[id]/submit/route.ts,22,[id],,false,false,false,false,false,,0,false,0,,,,,,false,false,false,false,POST,,,,false,false,,,,false,DYNAMIC_SEGMENT_NO_GSP|NON_GET_METHOD|NOT_FORCE_STATIC,,,,DYNAMIC_SEGMENT_NO_GSP|NON_GET_METHOD|NOT_FORCE_STATIC,false
compliance-tracker,route,/api/erp/buying/purchase-orders/[id]/three-way-match,src/app/api/erp/buying/purchase-orders/[id]/three-way-match/route.ts,20,[id],,false,false,false,false,false,,0,false,0,,,,,,false,false,false,false,GET,,,,false,false,,,,false,DYNAMIC_SEGMENT_NO_GSP|NOT_FORCE_STATIC,,,,DYNAMIC_SEGMENT_NO_GSP|NOT_FORCE_STATIC,false
compliance-tracker,route,/api/erp/buying/purchase-orders,src/app/api/erp/buying/purchase-orders/route.ts,39,,,false,true,false,false,false,,0,false,0,,,,,,false,false,false,false,GET|POST,request.json,,,false,false,,,,false,NON_GET_METHOD|READS_REQUEST|NOT_FORCE_STATIC,,,,NON_GET_METHOD|READS_REQUEST|NOT_FORCE_STATIC,false
compliance-tracker,route,/api/erp/buying/suppliers/[id]/bank-accounts,src/app/api/erp/buying/suppliers/[id]/bank-accounts/route.ts,44,[id],,false,false,false,false,false,,0,false,0,,,,,,false,false,false,false,GET|POST,request.json,,,false,false,,,,false,DYNAMIC_SEGMENT_NO_GSP|NON_GET_METHOD|READS_REQUEST|NOT_FORCE_STATIC,,,,DYNAMIC_SEGMENT_NO_GSP|NON_GET_METHOD|READS_REQUEST|NOT_FORCE_STATIC,false
compliance-tracker,route,/api/erp/buying/suppliers/[id]/portal-links,src/app/api/erp/buying/suppliers/[id]/portal-links/route.ts,41,[id],,false,false,false,false,false,,0,false,0,,,,,,false,false,false,false,GET|POST,request.json,,,false,false,,,,false,DYNAMIC_SEGMENT_NO_GSP|NON_GET_METHOD|READS_REQUEST|NOT_FORCE_STATIC,,,,DYNAMIC_SEGMENT_NO_GSP|NON_GET_METHOD|READS_REQUEST|NOT_FORCE_STATIC,false
compliance-tracker,route,/api/erp/buying/suppliers/[id]/qualifications,src/app/api/erp/buying/suppliers/[id]/qualifications/route.ts,43,[id],,false,false,false,false,false,,0,false,0,,,,,,false,false,false,false,GET|POST,request.json,,,false,false,,,,false,DYNAMIC_SEGMENT_NO_GSP|NON_GET_METHOD|READS_REQUEST|NOT_FORCE_STATIC,,,,DYNAMIC_SEGMENT_NO_GSP|NON_GET_METHOD|READS_REQUEST|NOT_FORCE_STATIC,false
compliance-tracker,route,/api/erp/buying/suppliers/[id],src/app/api/erp/buying/suppliers/[id]/route.ts,24,[id],,false,false,false,false,false,,0,false,0,,,,,,false,false,false,false,PATCH,request.json,,,false,false,,,,false,DYNAMIC_SEGMENT_NO_GSP|NON_GET_METHOD|READS_REQUEST|NOT_FORCE_STATIC,,,,DYNAMIC_SEGMENT_NO_GSP|NON_GET_METHOD|READS_REQUEST|NOT_FORCE_STATIC,false
compliance-tracker,route,/api/erp/buying/suppliers/[id]/sanction-checks,src/app/api/erp/buying/suppliers/[id]/sanction-checks/route.ts,47,[id],,false,false,false,false,false,,0,false,0,,,,,,false,false,false,false,GET|POST,request.json,,,false,false,,,,false,DYNAMIC_SEGMENT_NO_GSP|NON_GET_METHOD|READS_REQUEST|NOT_FORCE_STATIC,,,,DYNAMIC_SEGMENT_NO_GSP|NON_GET_METHOD|READS_REQUEST|NOT_FORCE_STATIC,false
compliance-tracker,route,/api/erp/buying/suppliers/[id]/scorecard,src/app/api/erp/buying/suppliers/[id]/scorecard/route.ts,22,[id],,false,false,false,false,false,,0,false,0,,,,,,false,false,false,false,GET,,,,false,false,,,,false,DYNAMIC_SEGMENT_NO_GSP|NOT_FORCE_STATIC,,,,DYNAMIC_SEGMENT_NO_GSP|NOT_FORCE_STATIC,false
compliance-tracker,route,/api/erp/buying/suppliers/[id]/tax-withholding,src/app/api/erp/buying/suppliers/[id]/tax-withholding/route.ts,23,[id],,false,false,false,false,false,,0,false,0,,,,,,false,false,false,false,POST,request.json,,,false,false,,,,false,DYNAMIC_SEGMENT_NO_GSP|NON_GET_METHOD|READS_REQUEST|NOT_FORCE_STATIC,,,,DYNAMIC_SEGMENT_NO_GSP|NON_GET_METHOD|READS_REQUEST|NOT_FORCE_STATIC,false
compliance-tracker,route,/api/erp/buying/suppliers/portal-links/[linkId],src/app/api/erp/buying/suppliers/portal-links/[linkId]/route.ts,24,[linkId],,false,false,false,false,false,,0,false,0,,,,,,false,false,false,false,DELETE,"NextRequest (typed, no member read detected)",,,false,false,,,,false,DYNAMIC_SEGMENT_NO_GSP|NON_GET_METHOD|NOT_FORCE_STATIC,,,,DYNAMIC_SEGMENT_NO_GSP|NON_GET_METHOD|NOT_FORCE_STATIC,false
compliance-tracker,route,/api/erp/buying/suppliers,src/app/api/erp/buying/suppliers/route.ts,38,,,false,true,false,false,false,,0,false,0,,,,,,false,false,false,false,GET|POST,request.json,,,false,false,,,,false,NON_GET_METHOD|READS_REQUEST|NOT_FORCE_STATIC,,,,NON_GET_METHOD|READS_REQUEST|NOT_FORCE_STATIC,false
compliance-tracker,route,/api/erp/buying/suppliers/scorecards,src/app/api/erp/buying/suppliers/scorecards/route.ts,19,,,false,true,false,false,false,,0,false,0,,,,,,false,false,false,false,GET,,,,false,false,,,,false,NOT_FORCE_STATIC,,,,NOT_FORCE_STATIC,false
compliance-tracker,route,/api/erp/cash-accounts,src/app/api/erp/cash-accounts/route.ts,39,,,false,true,false,false,false,,0,false,0,,,,,,false,false,false,false,GET|POST,request.json,,,false,false,,,,false,NON_GET_METHOD|READS_REQUEST|NOT_FORCE_STATIC,,,,NON_GET_METHOD|READS_REQUEST|NOT_FORCE_STATIC,false
compliance-tracker,route,/api/erp/cash-vouchers,src/app/api/erp/cash-vouchers/route.ts,48,,,false,true,false,false,false,,0,false,0,,,,,,false,false,false,false,GET|POST,request.nextUrl|request.json,,,false,false,,,,false,NON_GET_METHOD|READS_REQUEST|NOT_FORCE_STATIC,,,,NON_GET_METHOD|READS_REQUEST|NOT_FORCE_STATIC,false
compliance-tracker,route,/api/erp/companies/[id],src/app/api/erp/companies/[id]/route.ts,23,[id],,false,false,false,false,false,,0,false,0,,,,,,false,false,false,false,PATCH,request.json,,,false,false,,,,false,DYNAMIC_SEGMENT_NO_GSP|NON_GET_METHOD|READS_REQUEST|NOT_FORCE_STATIC,,,,DYNAMIC_SEGMENT_NO_GSP|NON_GET_METHOD|READS_REQUEST|NOT_FORCE_STATIC,false
compliance-tracker,route,/api/erp/companies,src/app/api/erp/companies/route.ts,38,,,false,true,false,false,false,,0,false,0,,,,,,false,false,false,false,GET|POST,request.json,,,false,false,,,,false,NON_GET_METHOD|READS_REQUEST|NOT_FORCE_STATIC,,,,NON_GET_METHOD|READS_REQUEST|NOT_FORCE_STATIC,false
compliance-tracker,route,/api/erp/contracts/[id]/amendments,src/app/api/erp/contracts/[id]/amendments/route.ts,23,[id],,false,false,false,false,false,,0,false,0,,,,,,false,false,false,false,POST,request.json,,,false,false,,,,false,DYNAMIC_SEGMENT_NO_GSP|NON_GET_METHOD|READS_REQUEST|NOT_FORCE_STATIC,,,,DYNAMIC_SEGMENT_NO_GSP|NON_GET_METHOD|READS_REQUEST|NOT_FORCE_STATIC,false
compliance-tracker,route,/api/erp/contracts/[id]/billing-schedules/[scheduleId]/generate-invoice,src/app/api/erp/contracts/[id]/billing-schedules/[scheduleId]/generate-invoice/route.ts,27,[id]|[scheduleId],,false,false,false,false,false,,0,false,0,,,,,,false,false,false,false,POST,,,,false,false,,,,false,DYNAMIC_SEGMENT_NO_GSP|NON_GET_METHOD|NOT_FORCE_STATIC,,,,DYNAMIC_SEGMENT_NO_GSP|NON_GET_METHOD|NOT_FORCE_STATIC,false
compliance-tracker,route,/api/erp/contracts/[id]/billing-schedules,src/app/api/erp/contracts/[id]/billing-schedules/route.ts,23,[id],,false,false,false,false,false,,0,false,0,,,,,,false,false,false,false,POST,request.json,,,false,false,,,,false,DYNAMIC_SEGMENT_NO_GSP|NON_GET_METHOD|READS_REQUEST|NOT_FORCE_STATIC,,,,DYNAMIC_SEGMENT_NO_GSP|NON_GET_METHOD|READS_REQUEST|NOT_FORCE_STATIC,false
compliance-tracker,route,/api/erp/contracts/[id]/generate-from-template,src/app/api/erp/contracts/[id]/generate-from-template/route.ts,24,[id],,false,false,false,false,false,,0,false,0,,,,,,false,false,false,false,POST,request.json,,,false,false,,,,false,DYNAMIC_SEGMENT_NO_GSP|NON_GET_METHOD|READS_REQUEST|NOT_FORCE_STATIC,,,,DYNAMIC_SEGMENT_NO_GSP|NON_GET_METHOD|READS_REQUEST|NOT_FORCE_STATIC,false
compliance-tracker,route,/api/erp/contracts/[id]/negotiation-rounds,src/app/api/erp/contracts/[id]/negotiation-rounds/route.ts,33,[id],,false,false,false,false,false,,0,false,0,,,,,,false,false,false,false,GET|POST,request.json,,,false,false,,,,false,DYNAMIC_SEGMENT_NO_GSP|NON_GET_METHOD|READS_REQUEST|NOT_FORCE_STATIC,,,,DYNAMIC_SEGMENT_NO_GSP|NON_GET_METHOD|READS_REQUEST|NOT_FORCE_STATIC,false
compliance-tracker,route,/api/erp/contracts/[id]/obligations,src/app/api/erp/contracts/[id]/obligations/route.ts,24,[id],,false,false,false,false,false,,0,false,0,,,,,,false,false,false,false,POST,request.json,,,false,false,,,,false,DYNAMIC_SEGMENT_NO_GSP|NON_GET_METHOD|READS_REQUEST|NOT_FORCE_STATIC,,,,DYNAMIC_SEGMENT_NO_GSP|NON_GET_METHOD|READS_REQUEST|NOT_FORCE_STATIC,false
compliance-tracker,route,/api/erp/contracts/[id]/revenue-schedules,src/app/api/erp/contracts/[id]/revenue-schedules/route.ts,23,[id],,false,false,false,false,false,,0,false,0,,,,,,false,false,false,false,POST,request.json,,,false,false,,,,false,DYNAMIC_SEGMENT_NO_GSP|NON_GET_METHOD|READS_REQUEST|NOT_FORCE_STATIC,,,,DYNAMIC_SEGMENT_NO_GSP|NON_GET_METHOD|READS_REQUEST|NOT_FORCE_STATIC,false
compliance-tracker,route,/api/erp/contracts/[id],src/app/api/erp/contracts/[id]/route.ts,39,[id],,false,false,false,false,false,,0,false,0,,,,,,false,false,false,false,GET|PATCH,request.json,,,false,false,,,,false,DYNAMIC_SEGMENT_NO_GSP|NON_GET_METHOD|READS_REQUEST|NOT_FORCE_STATIC,,,,DYNAMIC_SEGMENT_NO_GSP|NON_GET_METHOD|READS_REQUEST|NOT_FORCE_STATIC,false
compliance-tracker,route,/api/erp/contracts/obligations/[id]/complete,src/app/api/erp/contracts/obligations/[id]/complete/route.ts,23,[id],,false,false,false,false,false,,0,false,0,,,,,,false,false,false,false,POST,,,,false,false,,,,false,DYNAMIC_SEGMENT_NO_GSP|NON_GET_METHOD|NOT_FORCE_STATIC,,,,DYNAMIC_SEGMENT_NO_GSP|NON_GET_METHOD|NOT_FORCE_STATIC,false
compliance-tracker,route,/api/erp/contracts,src/app/api/erp/contracts/route.ts,37,,,false,true,false,false,false,,0,false,0,,,,,,false,false,false,false,GET|POST,request.json,,,false,false,,,,false,NON_GET_METHOD|READS_REQUEST|NOT_FORCE_STATIC,,,,NON_GET_METHOD|READS_REQUEST|NOT_FORCE_STATIC,false
compliance-tracker,route,/api/erp/cost-centers,src/app/api/erp/cost-centers/route.ts,39,,,false,true,false,false,false,,0,false,0,,,,,,false,false,false,false,GET|POST,request.json,,,false,false,,,,false,NON_GET_METHOD|READS_REQUEST|NOT_FORCE_STATIC,,,,NON_GET_METHOD|READS_REQUEST|NOT_FORCE_STATIC,false
compliance-tracker,route,/api/erp/currencies,src/app/api/erp/currencies/route.ts,38,,,false,true,false,false,false,,0,false,0,,,,,,false,false,false,false,GET|POST,request.json,,,false,false,,,,false,NON_GET_METHOD|READS_REQUEST|NOT_FORCE_STATIC,,,,NON_GET_METHOD|READS_REQUEST|NOT_FORCE_STATIC,false
compliance-tracker,route,/api/erp/e-invoice-logs/[id]/cancel,src/app/api/erp/e-invoice-logs/[id]/cancel/route.ts,23,[id],,false,false,false,false,false,,0,false,0,,,,,,false,false,false,false,POST,request.json,,,false,false,,,,false,DYNAMIC_SEGMENT_NO_GSP|NON_GET_METHOD|READS_REQUEST|NOT_FORCE_STATIC,,,,DYNAMIC_SEGMENT_NO_GSP|NON_GET_METHOD|READS_REQUEST|NOT_FORCE_STATIC,false
compliance-tracker,route,/api/erp/e-invoice-logs/[id]/generate,src/app/api/erp/e-invoice-logs/[id]/generate/route.ts,23,[id],,false,false,false,false,false,,0,false,0,,,,,,false,false,false,false,POST,request.json,,,false,false,,,,false,DYNAMIC_SEGMENT_NO_GSP|NON_GET_METHOD|READS_REQUEST|NOT_FORCE_STATIC,,,,DYNAMIC_SEGMENT_NO_GSP|NON_GET_METHOD|READS_REQUEST|NOT_FORCE_STATIC,false
compliance-tracker,route,/api/erp/enablement,src/app/api/erp/enablement/route.ts,49,,,false,true,false,false,false,,0,false,0,,,,,,false,false,false,false,GET|POST|DELETE,,,,false,false,,,,false,NON_GET_METHOD|NOT_FORCE_STATIC,,,,NON_GET_METHOD|NOT_FORCE_STATIC,false
compliance-tracker,route,/api/erp/exchange-rates/latest,src/app/api/erp/exchange-rates/latest/route.ts,30,,,false,true,false,false,false,,0,false,0,,,,,,false,false,false,false,GET,request.url|new URL(request.url),,,false,false,,,,false,READS_REQUEST|NOT_FORCE_STATIC,,,,READS_REQUEST|NOT_FORCE_STATIC,false
compliance-tracker,route,/api/erp/exchange-rates/refresh,src/app/api/erp/exchange-rates/refresh/route.ts,24,,,false,true,false,false,false,,0,false,0,,,,,,false,false,false,false,POST,,,,false,false,,,,false,NON_GET_METHOD|NOT_FORCE_STATIC,,,,NON_GET_METHOD|NOT_FORCE_STATIC,false
compliance-tracker,route,/api/erp/exchange-rates,src/app/api/erp/exchange-rates/route.ts,38,,,false,true,false,false,false,,0,false,0,,,,,,false,false,false,false,GET|POST,request.json,,,false,false,,,,false,NON_GET_METHOD|READS_REQUEST|NOT_FORCE_STATIC,,,,NON_GET_METHOD|READS_REQUEST|NOT_FORCE_STATIC,false
compliance-tracker,route,/api/erp/fiscal-years,src/app/api/erp/fiscal-years/route.ts,44,,,false,true,false,false,false,,0,false,0,,,,,,false,false,false,false,GET|POST,request.json,,,false,false,,,,false,NON_GET_METHOD|READS_REQUEST|NOT_FORCE_STATIC,,,,NON_GET_METHOD|READS_REQUEST|NOT_FORCE_STATIC,false
compliance-tracker,route,/api/erp/fixed-assets/[id]/disposals,src/app/api/erp/fixed-assets/[id]/disposals/route.ts,57,[id],,false,false,false,false,false,,0,false,0,,,,,,false,false,false,false,GET|POST,request.json,,,false,false,,,,false,DYNAMIC_SEGMENT_NO_GSP|NON_GET_METHOD|READS_REQUEST|NOT_FORCE_STATIC,,,,DYNAMIC_SEGMENT_NO_GSP|NON_GET_METHOD|READS_REQUEST|NOT_FORCE_STATIC,false
compliance-tracker,route,/api/erp/fixed-assets/[id]/movements,src/app/api/erp/fixed-assets/[id]/movements/route.ts,47,[id],,false,false,false,false,false,,0,false,0,,,,,,false,false,false,false,GET|POST,request.json,,,false,false,,,,false,DYNAMIC_SEGMENT_NO_GSP|NON_GET_METHOD|READS_REQUEST|NOT_FORCE_STATIC,,,,DYNAMIC_SEGMENT_NO_GSP|NON_GET_METHOD|READS_REQUEST|NOT_FORCE_STATIC,false
compliance-tracker,route,/api/erp/fixed-assets/[id],src/app/api/erp/fixed-assets/[id]/route.ts,46,[id],,false,false,false,false,false,,0,false,0,,,,,,false,false,false,false,GET|PATCH,request.json,,,false,false,,,,false,DYNAMIC_SEGMENT_NO_GSP|NON_GET_METHOD|READS_REQUEST|NOT_FORCE_STATIC,,,,DYNAMIC_SEGMENT_NO_GSP|NON_GET_METHOD|READS_REQUEST|NOT_FORCE_STATIC,false
compliance-tracker,route,/api/erp/fixed-assets/[id]/schedule,src/app/api/erp/fixed-assets/[id]/schedule/route.ts,20,[id],,false,false,false,false,false,,0,false,0,,,,,,false,false,false,false,GET,,,,false,false,,,,false,DYNAMIC_SEGMENT_NO_GSP|NOT_FORCE_STATIC,,,,DYNAMIC_SEGMENT_NO_GSP|NOT_FORCE_STATIC,false
compliance-tracker,route,/api/erp/fixed-assets/[id]/submit,src/app/api/erp/fixed-assets/[id]/submit/route.ts,31,[id],,false,false,false,false,false,,0,false,0,,,,,,false,false,false,false,POST,request.json,,,false,false,,,,false,DYNAMIC_SEGMENT_NO_GSP|NON_GET_METHOD|READS_REQUEST|NOT_FORCE_STATIC,,,,DYNAMIC_SEGMENT_NO_GSP|NON_GET_METHOD|READS_REQUEST|NOT_FORCE_STATIC,false
compliance-tracker,route,/api/erp/fixed-assets/categories/[id],src/app/api/erp/fixed-assets/categories/[id]/route.ts,28,[id],,false,false,false,false,false,,0,false,0,,,,,,false,false,false,false,PATCH,request.json,,,false,false,,,,false,DYNAMIC_SEGMENT_NO_GSP|NON_GET_METHOD|READS_REQUEST|NOT_FORCE_STATIC,,,,DYNAMIC_SEGMENT_NO_GSP|NON_GET_METHOD|READS_REQUEST|NOT_FORCE_STATIC,false
compliance-tracker,route,/api/erp/fixed-assets/categories,src/app/api/erp/fixed-assets/categories/route.ts,45,,,false,true,false,false,false,,0,false,0,,,,,,false,false,false,false,GET|POST,request.json,,,false,false,,,,false,NON_GET_METHOD|READS_REQUEST|NOT_FORCE_STATIC,,,,NON_GET_METHOD|READS_REQUEST|NOT_FORCE_STATIC,false
compliance-tracker,route,/api/erp/fixed-assets/depreciation-runs,src/app/api/erp/fixed-assets/depreciation-runs/route.ts,46,,,false,true,false,false,false,,0,false,0,,,,,,false,false,false,false,POST,request.json,,,false,false,,,,false,NON_GET_METHOD|READS_REQUEST|NOT_FORCE_STATIC,,,,NON_GET_METHOD|READS_REQUEST|NOT_FORCE_STATIC,false
compliance-tracker,route,/api/erp/fixed-assets,src/app/api/erp/fixed-assets/route.ts,47,,,false,true,false,false,false,,0,false,0,,,,,,false,false,false,false,GET|POST,request.nextUrl|request.json,,,false,false,,,,false,NON_GET_METHOD|READS_REQUEST|NOT_FORCE_STATIC,,,,NON_GET_METHOD|READS_REQUEST|NOT_FORCE_STATIC,false
compliance-tracker,route,/api/erp/inventory/abc-classification,src/app/api/erp/inventory/abc-classification/route.ts,38,,,false,true,false,false,false,,0,false,0,,,,,,false,false,false,false,GET|POST,,,,false,false,,,,false,NON_GET_METHOD|NOT_FORCE_STATIC,,,,NON_GET_METHOD|NOT_FORCE_STATIC,false
compliance-tracker,route,/api/erp/inventory/cycle-count-lines/[id]/adjust,src/app/api/erp/inventory/cycle-count-lines/[id]/adjust/route.ts,22,[id],,false,false,false,false,false,,0,false,0,,,,,,false,false,false,false,POST,,,,false,false,,,,false,DYNAMIC_SEGMENT_NO_GSP|NON_GET_METHOD|NOT_FORCE_STATIC,,,,DYNAMIC_SEGMENT_NO_GSP|NON_GET_METHOD|NOT_FORCE_STATIC,false
compliance-tracker,route,/api/erp/inventory/cycle-count-lines/[id]/count,src/app/api/erp/inventory/cycle-count-lines/[id]/count/route.ts,25,[id],,false,false,false,false,false,,0,false,0,,,,,,false,false,false,false,POST,request.json,,,false,false,,,,false,DYNAMIC_SEGMENT_NO_GSP|NON_GET_METHOD|READS_REQUEST|NOT_FORCE_STATIC,,,,DYNAMIC_SEGMENT_NO_GSP|NON_GET_METHOD|READS_REQUEST|NOT_FORCE_STATIC,false
compliance-tracker,route,/api/erp/inventory/cycle-count-plans/[id],src/app/api/erp/inventory/cycle-count-plans/[id]/route.ts,20,[id],,false,false,false,false,false,,0,false,0,,,,,,false,false,false,false,GET,,,,false,false,,,,false,DYNAMIC_SEGMENT_NO_GSP|NOT_FORCE_STATIC,,,,DYNAMIC_SEGMENT_NO_GSP|NOT_FORCE_STATIC,false
compliance-tracker,route,/api/erp/inventory/cycle-count-plans,src/app/api/erp/inventory/cycle-count-plans/route.ts,39,,,false,true,false,false,false,,0,false,0,,,,,,false,false,false,false,GET|POST,request.json,,,false,false,,,,false,NON_GET_METHOD|READS_REQUEST|NOT_FORCE_STATIC,,,,NON_GET_METHOD|READS_REQUEST|NOT_FORCE_STATIC,false
compliance-tracker,route,/api/erp/inventory/issues,src/app/api/erp/inventory/issues/route.ts,24,,,false,true,false,false,false,,0,false,0,,,,,,false,false,false,false,POST,request.json,,,false,false,,,,false,NON_GET_METHOD|READS_REQUEST|NOT_FORCE_STATIC,,,,NON_GET_METHOD|READS_REQUEST|NOT_FORCE_STATIC,false
compliance-tracker,route,/api/erp/inventory/ledger,src/app/api/erp/inventory/ledger/route.ts,21,,,false,true,false,false,false,,0,false,0,,,,,,false,false,false,false,GET,request.nextUrl,,,false,false,,,,false,READS_REQUEST|NOT_FORCE_STATIC,,,,READS_REQUEST|NOT_FORCE_STATIC,false
compliance-tracker,route,/api/erp/inventory/receipts,src/app/api/erp/inventory/receipts/route.ts,24,,,false,true,false,false,false,,0,false,0,,,,,,false,false,false,false,POST,request.json,,,false,false,,,,false,NON_GET_METHOD|READS_REQUEST|NOT_FORCE_STATIC,,,,NON_GET_METHOD|READS_REQUEST|NOT_FORCE_STATIC,false
compliance-tracker,route,/api/erp/inventory/reorder-levels,src/app/api/erp/inventory/reorder-levels/route.ts,39,,,false,true,false,false,false,,0,false,0,,,,,,false,false,false,false,GET|POST,request.json,,,false,false,,,,false,NON_GET_METHOD|READS_REQUEST|NOT_FORCE_STATIC,,,,NON_GET_METHOD|READS_REQUEST|NOT_FORCE_STATIC,false
compliance-tracker,route,/api/erp/inventory/reorder-suggestions,src/app/api/erp/inventory/reorder-suggestions/route.ts,19,,,false,true,false,false,false,,0,false,0,,,,,,false,false,false,false,GET,,,,false,false,,,,false,NOT_FORCE_STATIC,,,,NOT_FORCE_STATIC,false
compliance-tracker,route,/api/erp/inventory/valuation,src/app/api/erp/inventory/valuation/route.ts,22,,,false,true,false,false,false,,0,false,0,,,,,,false,false,false,false,GET,request.nextUrl,,,false,false,,,,false,READS_REQUEST|NOT_FORCE_STATIC,,,,READS_REQUEST|NOT_FORCE_STATIC,false
compliance-tracker,route,/api/erp/journal-entries/[id],src/app/api/erp/journal-entries/[id]/route.ts,20,[id],,false,false,false,false,false,,0,false,0,,,,,,false,false,false,false,GET,,,,false,false,,,,false,DYNAMIC_SEGMENT_NO_GSP|NOT_FORCE_STATIC,,,,DYNAMIC_SEGMENT_NO_GSP|NOT_FORCE_STATIC,false
compliance-tracker,route,/api/erp/journal-entries/[id]/submit,src/app/api/erp/journal-entries/[id]/submit/route.ts,42,[id],,false,false,false,false,false,,0,false,0,,,,,,false,false,false,false,POST,,,,false,false,,,,false,DYNAMIC_SEGMENT_NO_GSP|NON_GET_METHOD|NOT_FORCE_STATIC,,,,DYNAMIC_SEGMENT_NO_GSP|NON_GET_METHOD|NOT_FORCE_STATIC,false
compliance-tracker,route,/api/erp/journal-entries,src/app/api/erp/journal-entries/route.ts,48,,,false,true,false,false,false,,0,false,0,,,,,,false,false,false,false,GET|POST,request.nextUrl|request.json,,,false,false,,,,false,NON_GET_METHOD|READS_REQUEST|NOT_FORCE_STATIC,,,,NON_GET_METHOD|READS_REQUEST|NOT_FORCE_STATIC,false
compliance-tracker,route,/api/erp/parties/[type]/[id]/addresses/[addressId],src/app/api/erp/parties/[type]/[id]/addresses/[addressId]/route.ts,23,[type]|[id]|[addressId],,false,false,false,false,false,,0,false,0,,,,,,false,false,false,false,DELETE,"NextRequest (typed, no member read detected)",,,false,false,,,,false,DYNAMIC_SEGMENT_NO_GSP|NON_GET_METHOD|NOT_FORCE_STATIC,,,,DYNAMIC_SEGMENT_NO_GSP|NON_GET_METHOD|NOT_FORCE_STATIC,false
compliance-tracker,route,/api/erp/parties/[type]/[id]/addresses,src/app/api/erp/parties/[type]/[id]/addresses/route.ts,43,[type]|[id],,false,false,false,false,false,,0,false,0,,,,,,false,false,false,false,GET|POST,request.json,,,false,false,,,,false,DYNAMIC_SEGMENT_NO_GSP|NON_GET_METHOD|READS_REQUEST|NOT_FORCE_STATIC,,,,DYNAMIC_SEGMENT_NO_GSP|NON_GET_METHOD|READS_REQUEST|NOT_FORCE_STATIC,false
compliance-tracker,route,/api/erp/parties/[type]/[id]/contacts/[contactId],src/app/api/erp/parties/[type]/[id]/contacts/[contactId]/route.ts,23,[type]|[id]|[contactId],,false,false,false,false,false,,0,false,0,,,,,,false,false,false,false,DELETE,"NextRequest (typed, no member read detected)",,,false,false,,,,false,DYNAMIC_SEGMENT_NO_GSP|NON_GET_METHOD|NOT_FORCE_STATIC,,,,DYNAMIC_SEGMENT_NO_GSP|NON_GET_METHOD|NOT_FORCE_STATIC,false
compliance-tracker,route,/api/erp/parties/[type]/[id]/contacts,src/app/api/erp/parties/[type]/[id]/contacts/route.ts,43,[type]|[id],,false,false,false,false,false,,0,false,0,,,,,,false,false,false,false,GET|POST,request.json,,,false,false,,,,false,DYNAMIC_SEGMENT_NO_GSP|NON_GET_METHOD|READS_REQUEST|NOT_FORCE_STATIC,,,,DYNAMIC_SEGMENT_NO_GSP|NON_GET_METHOD|READS_REQUEST|NOT_FORCE_STATIC,false
compliance-tracker,route,/api/erp/payment-entries/[id]/audit-log,src/app/api/erp/payment-entries/[id]/audit-log/route.ts,20,[id],,false,false,false,false,false,,0,false,0,,,,,,false,false,false,false,GET,,,,false,false,,,,false,DYNAMIC_SEGMENT_NO_GSP|NOT_FORCE_STATIC,,,,DYNAMIC_SEGMENT_NO_GSP|NOT_FORCE_STATIC,false
compliance-tracker,route,/api/erp/payment-entries/[id]/cancel,src/app/api/erp/payment-entries/[id]/cancel/route.ts,23,[id],,false,false,false,false,false,,0,false,0,,,,,,false,false,false,false,POST,,,,false,false,,,,false,DYNAMIC_SEGMENT_NO_GSP|NON_GET_METHOD|NOT_FORCE_STATIC,,,,DYNAMIC_SEGMENT_NO_GSP|NON_GET_METHOD|NOT_FORCE_STATIC,false
compliance-tracker,route,/api/erp/payment-entries/[id]/decide,src/app/api/erp/payment-entries/[id]/decide/route.ts,30,[id],,false,false,false,false,false,,0,false,0,,,,,,false,false,false,false,POST,request.json,,,false,false,,,,false,DYNAMIC_SEGMENT_NO_GSP|NON_GET_METHOD|READS_REQUEST|NOT_FORCE_STATIC,,,,DYNAMIC_SEGMENT_NO_GSP|NON_GET_METHOD|READS_REQUEST|NOT_FORCE_STATIC,false
compliance-tracker,route,/api/erp/payment-entries/[id],src/app/api/erp/payment-entries/[id]/route.ts,20,[id],,false,false,false,false,false,,0,false,0,,,,,,false,false,false,false,GET,,,,false,false,,,,false,DYNAMIC_SEGMENT_NO_GSP|NOT_FORCE_STATIC,,,,DYNAMIC_SEGMENT_NO_GSP|NOT_FORCE_STATIC,false
compliance-tracker,route,/api/erp/payment-entries/[id]/submit,src/app/api/erp/payment-entries/[id]/submit/route.ts,23,[id],,false,false,false,false,false,,0,false,0,,,,,,false,false,false,false,POST,,,,false,false,,,,false,DYNAMIC_SEGMENT_NO_GSP|NON_GET_METHOD|NOT_FORCE_STATIC,,,,DYNAMIC_SEGMENT_NO_GSP|NON_GET_METHOD|NOT_FORCE_STATIC,false
compliance-tracker,route,/api/erp/payment-entries/pending-approvals,src/app/api/erp/payment-entries/pending-approvals/route.ts,20,,,false,true,false,false,false,,0,false,0,,,,,,false,false,false,false,GET,,,,false,false,,,,false,NOT_FORCE_STATIC,,,,NOT_FORCE_STATIC,false
compliance-tracker,route,/api/erp/payment-entries,src/app/api/erp/payment-entries/route.ts,46,,,false,true,false,false,false,,0,false,0,,,,,,false,false,false,false,GET|POST,request.nextUrl|request.json,,,false,false,,,,false,NON_GET_METHOD|READS_REQUEST|NOT_FORCE_STATIC,,,,NON_GET_METHOD|READS_REQUEST|NOT_FORCE_STATIC,false
compliance-tracker,route,/api/erp/payroll/employees/[id]/income-tax-slab,src/app/api/erp/payroll/employees/[id]/income-tax-slab/route.ts,23,[id],,false,false,false,false,false,,0,false,0,,,,,,false,false,false,false,POST,request.json,,,false,false,,,,false,DYNAMIC_SEGMENT_NO_GSP|NON_GET_METHOD|READS_REQUEST|NOT_FORCE_STATIC,,,,DYNAMIC_SEGMENT_NO_GSP|NON_GET_METHOD|READS_REQUEST|NOT_FORCE_STATIC,false
compliance-tracker,route,/api/erp/payroll/employees/[id]/tax-exemptions,src/app/api/erp/payroll/employees/[id]/tax-exemptions/route.ts,41,[id],,false,false,false,false,false,,0,false,0,,,,,,false,false,false,false,GET|POST,request.nextUrl|request.json,,,false,false,,,,false,DYNAMIC_SEGMENT_NO_GSP|NON_GET_METHOD|READS_REQUEST|NOT_FORCE_STATIC,,,,DYNAMIC_SEGMENT_NO_GSP|NON_GET_METHOD|READS_REQUEST|NOT_FORCE_STATIC,false
compliance-tracker,route,/api/erp/payroll/income-tax-slabs,src/app/api/erp/payroll/income-tax-slabs/route.ts,38,,,false,true,false,false,false,,0,false,0,,,,,,false,false,false,false,GET|POST,request.json,,,false,false,,,,false,NON_GET_METHOD|READS_REQUEST|NOT_FORCE_STATIC,,,,NON_GET_METHOD|READS_REQUEST|NOT_FORCE_STATIC,false
compliance-tracker,route,/api/erp/payroll/payslips/[id]/finalize,src/app/api/erp/payroll/payslips/[id]/finalize/route.ts,31,[id],,false,false,false,false,false,,0,false,0,,,,,,false,false,false,false,POST,,,,false,false,,,,false,DYNAMIC_SEGMENT_NO_GSP|NON_GET_METHOD|NOT_FORCE_STATIC,,,,DYNAMIC_SEGMENT_NO_GSP|NON_GET_METHOD|NOT_FORCE_STATIC,false
compliance-tracker,route,/api/erp/payroll/payslips/[id]/tds,src/app/api/erp/payroll/payslips/[id]/tds/route.ts,24,[id],,false,false,false,false,false,,0,false,0,,,,,,false,false,false,false,POST,request.json,,,false,false,,,,false,DYNAMIC_SEGMENT_NO_GSP|NON_GET_METHOD|READS_REQUEST|NOT_FORCE_STATIC,,,,DYNAMIC_SEGMENT_NO_GSP|NON_GET_METHOD|READS_REQUEST|NOT_FORCE_STATIC,false
compliance-tracker,route,/api/erp/payroll/runs/[id]/payslips,src/app/api/erp/payroll/runs/[id]/payslips/route.ts,20,[id],,false,false,false,false,false,,0,false,0,,,,,,false,false,false,false,GET,,,,false,false,,,,false,DYNAMIC_SEGMENT_NO_GSP|NOT_FORCE_STATIC,,,,DYNAMIC_SEGMENT_NO_GSP|NOT_FORCE_STATIC,false
compliance-tracker,route,/api/erp/payroll/runs/[id]/process,src/app/api/erp/payroll/runs/[id]/process/route.ts,23,[id],,false,false,false,false,false,,0,false,0,,,,,,false,false,false,false,POST,,,,false,false,,,,false,DYNAMIC_SEGMENT_NO_GSP|NON_GET_METHOD|NOT_FORCE_STATIC,,,,DYNAMIC_SEGMENT_NO_GSP|NON_GET_METHOD|NOT_FORCE_STATIC,false
compliance-tracker,route,/api/erp/payroll/runs,src/app/api/erp/payroll/runs/route.ts,38,,,false,true,false,false,false,,0,false,0,,,,,,false,false,false,false,GET|POST,request.json,,,false,false,,,,false,NON_GET_METHOD|READS_REQUEST|NOT_FORCE_STATIC,,,,NON_GET_METHOD|READS_REQUEST|NOT_FORCE_STATIC,false
compliance-tracker,route,/api/erp/payroll/salary-components,src/app/api/erp/payroll/salary-components/route.ts,38,,,false,true,false,false,false,,0,false,0,,,,,,false,false,false,false,GET|POST,request.json,,,false,false,,,,false,NON_GET_METHOD|READS_REQUEST|NOT_FORCE_STATIC,,,,NON_GET_METHOD|READS_REQUEST|NOT_FORCE_STATIC,false
compliance-tracker,route,/api/erp/payroll/salary-structures,src/app/api/erp/payroll/salary-structures/route.ts,38,,,false,true,false,false,false,,0,false,0,,,,,,false,false,false,false,GET|POST,request.json,,,false,false,,,,false,NON_GET_METHOD|READS_REQUEST|NOT_FORCE_STATIC,,,,NON_GET_METHOD|READS_REQUEST|NOT_FORCE_STATIC,false
compliance-tracker,route,/api/erp/payroll/statutory-rules,src/app/api/erp/payroll/statutory-rules/route.ts,38,,,false,true,false,false,false,,0,false,0,,,,,,false,false,false,false,GET|POST,request.json,,,false,false,,,,false,NON_GET_METHOD|READS_REQUEST|NOT_FORCE_STATIC,,,,NON_GET_METHOD|READS_REQUEST|NOT_FORCE_STATIC,false
compliance-tracker,route,/api/erp/periods/[id]/checklist,src/app/api/erp/periods/[id]/checklist/route.ts,41,[id],,false,false,false,false,false,,0,false,0,,,,,,false,false,false,false,GET|POST,request.json,,,false,false,,,,false,DYNAMIC_SEGMENT_NO_GSP|NON_GET_METHOD|READS_REQUEST|NOT_FORCE_STATIC,,,,DYNAMIC_SEGMENT_NO_GSP|NON_GET_METHOD|READS_REQUEST|NOT_FORCE_STATIC,false
compliance-tracker,route,/api/erp/periods/[id]/close,src/app/api/erp/periods/[id]/close/route.ts,30,[id],,false,false,false,false,false,,0,false,0,,,,,,false,false,false,false,POST,,,,false,false,,,,false,DYNAMIC_SEGMENT_NO_GSP|NON_GET_METHOD|NOT_FORCE_STATIC,,,,DYNAMIC_SEGMENT_NO_GSP|NON_GET_METHOD|NOT_FORCE_STATIC,false
compliance-tracker,route,/api/erp/periods/[id]/reopen,src/app/api/erp/periods/[id]/reopen/route.ts,33,[id],,false,false,false,false,false,,0,false,0,,,,,,false,false,false,false,POST,,,,false,false,,,,false,DYNAMIC_SEGMENT_NO_GSP|NON_GET_METHOD|NOT_FORCE_STATIC,,,,DYNAMIC_SEGMENT_NO_GSP|NON_GET_METHOD|NOT_FORCE_STATIC,false
compliance-tracker,route,/api/erp/periods/[id]/sign-off,src/app/api/erp/periods/[id]/sign-off/route.ts,29,[id],,false,false,false,false,false,,0,false,0,,,,,,false,false,false,false,POST,"NextRequest (typed, no member read detected)",,,false,false,,,,false,DYNAMIC_SEGMENT_NO_GSP|NON_GET_METHOD|NOT_FORCE_STATIC,,,,DYNAMIC_SEGMENT_NO_GSP|NON_GET_METHOD|NOT_FORCE_STATIC,false
compliance-tracker,route,/api/erp/periods/checklist/[itemId]/complete,src/app/api/erp/periods/checklist/[itemId]/complete/route.ts,33,[itemId],,false,false,false,false,false,,0,false,0,,,,,,false,false,false,false,POST,request.json,,,false,false,,,,false,DYNAMIC_SEGMENT_NO_GSP|NON_GET_METHOD|READS_REQUEST|NOT_FORCE_STATIC,,,,DYNAMIC_SEGMENT_NO_GSP|NON_GET_METHOD|READS_REQUEST|NOT_FORCE_STATIC,false
compliance-tracker,route,/api/erp/periods/generate,src/app/api/erp/periods/generate/route.ts,30,,,false,true,false,false,false,,0,false,0,,,,,,false,false,false,false,POST,request.json,,,false,false,,,,false,NON_GET_METHOD|READS_REQUEST|NOT_FORCE_STATIC,,,,NON_GET_METHOD|READS_REQUEST|NOT_FORCE_STATIC,false
compliance-tracker,route,/api/erp/periods,src/app/api/erp/periods/route.ts,20,,,false,true,false,false,false,,0,false,0,,,,,,false,false,false,false,GET,request.nextUrl,,,false,false,,,,false,READS_REQUEST|NOT_FORCE_STATIC,,,,READS_REQUEST|NOT_FORCE_STATIC,false
compliance-tracker,route,/api/erp/pricing-rules,src/app/api/erp/pricing-rules/route.ts,38,,,false,true,false,false,false,,0,false,0,,,,,,false,false,false,false,GET|POST,request.json,,,false,false,,,,false,NON_GET_METHOD|READS_REQUEST|NOT_FORCE_STATIC,,,,NON_GET_METHOD|READS_REQUEST|NOT_FORCE_STATIC,false
compliance-tracker,route,/api/erp/procurement/quotations,src/app/api/erp/procurement/quotations/route.ts,40,,,false,true,false,false,false,,0,false,0,,,,,,false,false,false,false,GET|POST,request.url|request.json|new URL(request.url),,,false,false,,,,false,NON_GET_METHOD|READS_REQUEST|NOT_FORCE_STATIC,,,,NON_GET_METHOD|READS_REQUEST|NOT_FORCE_STATIC,false
compliance-tracker,route,/api/erp/procurement/requisitions/[id]/submit,src/app/api/erp/procurement/requisitions/[id]/submit/route.ts,33,[id],,false,false,false,false,false,,0,false,0,,,,,,false,false,false,false,POST,,,,false,false,,,,false,DYNAMIC_SEGMENT_NO_GSP|NON_GET_METHOD|NOT_FORCE_STATIC,,,,DYNAMIC_SEGMENT_NO_GSP|NON_GET_METHOD|NOT_FORCE_STATIC,false
compliance-tracker,route,/api/erp/procurement/requisitions,src/app/api/erp/procurement/requisitions/route.ts,38,,,false,true,false,false,false,,0,false,0,,,,,,false,false,false,false,GET|POST,request.json,,,false,false,,,,false,NON_GET_METHOD|READS_REQUEST|NOT_FORCE_STATIC,,,,NON_GET_METHOD|READS_REQUEST|NOT_FORCE_STATIC,false
compliance-tracker,route,/api/erp/procurement/rfqs/[id]/quotations,src/app/api/erp/procurement/rfqs/[id]/quotations/route.ts,20,[id],,false,false,false,false,false,,0,false,0,,,,,,false,false,false,false,GET,,,,false,false,,,,false,DYNAMIC_SEGMENT_NO_GSP|NOT_FORCE_STATIC,,,,DYNAMIC_SEGMENT_NO_GSP|NOT_FORCE_STATIC,false
compliance-tracker,route,/api/erp/procurement/rfqs/[id]/send,src/app/api/erp/procurement/rfqs/[id]/send/route.ts,24,[id],,false,false,false,false,false,,0,false,0,,,,,,false,false,false,false,POST,,,,false,false,,,,false,DYNAMIC_SEGMENT_NO_GSP|NON_GET_METHOD|NOT_FORCE_STATIC,,,,DYNAMIC_SEGMENT_NO_GSP|NON_GET_METHOD|NOT_FORCE_STATIC,false
compliance-tracker,route,/api/erp/procurement/rfqs,src/app/api/erp/procurement/rfqs/route.ts,39,,,false,true,false,false,false,,0,false,0,,,,,,false,false,false,false,GET|POST,request.json,,,false,false,,,,false,NON_GET_METHOD|READS_REQUEST|NOT_FORCE_STATIC,,,,NON_GET_METHOD|READS_REQUEST|NOT_FORCE_STATIC,false
compliance-tracker,route,/api/erp/purchase-credit-notes/[id]/submit,src/app/api/erp/purchase-credit-notes/[id]/submit/route.ts,24,[id],,false,false,false,false,false,,0,false,0,,,,,,false,false,false,false,POST,,,,false,false,,,,false,DYNAMIC_SEGMENT_NO_GSP|NON_GET_METHOD|NOT_FORCE_STATIC,,,,DYNAMIC_SEGMENT_NO_GSP|NON_GET_METHOD|NOT_FORCE_STATIC,false
compliance-tracker,route,/api/erp/purchase-credit-notes,src/app/api/erp/purchase-credit-notes/route.ts,39,,,false,true,false,false,false,,0,false,0,,,,,,false,false,false,false,GET|POST,request.json,,,false,false,,,,false,NON_GET_METHOD|READS_REQUEST|NOT_FORCE_STATIC,,,,NON_GET_METHOD|READS_REQUEST|NOT_FORCE_STATIC,false
compliance-tracker,route,/api/erp/purchase-invoices/[id]/submit,src/app/api/erp/purchase-invoices/[id]/submit/route.ts,32,[id],,false,false,false,false,false,,0,false,0,,,,,,false,false,false,false,POST,request.json,,,false,false,,,,false,DYNAMIC_SEGMENT_NO_GSP|NON_GET_METHOD|READS_REQUEST|NOT_FORCE_STATIC,,,,DYNAMIC_SEGMENT_NO_GSP|NON_GET_METHOD|READS_REQUEST|NOT_FORCE_STATIC,false
compliance-tracker,route,/api/erp/purchase-invoices,src/app/api/erp/purchase-invoices/route.ts,38,,,false,true,false,false,false,,0,false,0,,,,,,false,false,false,false,GET|POST,request.json,,,false,false,,,,false,NON_GET_METHOD|READS_REQUEST|NOT_FORCE_STATIC,,,,NON_GET_METHOD|READS_REQUEST|NOT_FORCE_STATIC,false
compliance-tracker,route,/api/erp/quotations/[id]/negotiation-rounds,src/app/api/erp/quotations/[id]/negotiation-rounds/route.ts,41,[id],,false,false,false,false,false,,0,false,0,,,,,,false,false,false,false,GET|POST,request.json,,,false,false,,,,false,DYNAMIC_SEGMENT_NO_GSP|NON_GET_METHOD|READS_REQUEST|NOT_FORCE_STATIC,,,,DYNAMIC_SEGMENT_NO_GSP|NON_GET_METHOD|READS_REQUEST|NOT_FORCE_STATIC,false
compliance-tracker,route,/api/erp/quotations/[id]/scores,src/app/api/erp/quotations/[id]/scores/route.ts,41,[id],,false,false,false,false,false,,0,false,0,,,,,,false,false,false,false,GET|POST,request.json,,,false,false,,,,false,DYNAMIC_SEGMENT_NO_GSP|NON_GET_METHOD|READS_REQUEST|NOT_FORCE_STATIC,,,,DYNAMIC_SEGMENT_NO_GSP|NON_GET_METHOD|READS_REQUEST|NOT_FORCE_STATIC,false
compliance-tracker,route,/api/erp/reports/balance-sheet,src/app/api/erp/reports/balance-sheet/route.ts,22,,,false,true,false,false,false,,0,false,0,,,,,,false,false,false,false,GET,request.nextUrl,,,false,false,,,,false,READS_REQUEST|NOT_FORCE_STATIC,,,,READS_REQUEST|NOT_FORCE_STATIC,false
compliance-tracker,route,/api/erp/reports/cash-flow,src/app/api/erp/reports/cash-flow/route.ts,25,,,false,true,false,false,false,,0,false,0,,,,,,false,false,false,false,GET,request.nextUrl,,,false,false,,,,false,READS_REQUEST|NOT_FORCE_STATIC,,,,READS_REQUEST|NOT_FORCE_STATIC,false
compliance-tracker,route,/api/erp/reports/gl-account-balance-display,src/app/api/erp/reports/gl-account-balance-display/route.ts,31,,,false,true,false,false,false,,0,false,0,,,,,,false,false,false,false,GET,request.nextUrl,,,false,false,,,,false,READS_REQUEST|NOT_FORCE_STATIC,,,,READS_REQUEST|NOT_FORCE_STATIC,false
compliance-tracker,route,/api/erp/reports/gl-account-group-balances,src/app/api/erp/reports/gl-account-group-balances/route.ts,27,,,false,true,false,false,false,,0,false,0,,,,,,false,false,false,false,GET,request.nextUrl,,,false,false,,,,false,READS_REQUEST|NOT_FORCE_STATIC,,,,READS_REQUEST|NOT_FORCE_STATIC,false
compliance-tracker,route,/api/erp/reports/profit-and-loss,src/app/api/erp/reports/profit-and-loss/route.ts,25,,,false,true,false,false,false,,0,false,0,,,,,,false,false,false,false,GET,request.nextUrl,,,false,false,,,,false,READS_REQUEST|NOT_FORCE_STATIC,,,,READS_REQUEST|NOT_FORCE_STATIC,false
compliance-tracker,route,/api/erp/reports/subledger-gl-reconciliation,src/app/api/erp/reports/subledger-gl-reconciliation/route.ts,30,,,false,true,false,false,false,,0,false,0,,,,,,false,false,false,false,GET,request.nextUrl,,,false,false,,,,false,READS_REQUEST|NOT_FORCE_STATIC,,,,READS_REQUEST|NOT_FORCE_STATIC,false
compliance-tracker,route,/api/erp/reports/trial-balance,src/app/api/erp/reports/trial-balance/route.ts,22,,,false,true,false,false,false,,0,false,0,,,,,,false,false,false,false,GET,request.nextUrl,,,false,false,,,,false,READS_REQUEST|NOT_FORCE_STATIC,,,,READS_REQUEST|NOT_FORCE_STATIC,false
compliance-tracker,route,/api/erp/returns/purchase/[id]/approve,src/app/api/erp/returns/purchase/[id]/approve/route.ts,24,[id],,false,false,false,false,false,,0,false,0,,,,,,false,false,false,false,POST,"NextRequest (typed, no member read detected)",,,false,false,,,,false,DYNAMIC_SEGMENT_NO_GSP|NON_GET_METHOD|NOT_FORCE_STATIC,,,,DYNAMIC_SEGMENT_NO_GSP|NON_GET_METHOD|NOT_FORCE_STATIC,false
compliance-tracker,route,/api/erp/returns/purchase/[id]/credit-note,src/app/api/erp/returns/purchase/[id]/credit-note/route.ts,27,[id],,false,false,false,false,false,,0,false,0,,,,,,false,false,false,false,POST,request.json,,,false,false,,,,false,DYNAMIC_SEGMENT_NO_GSP|NON_GET_METHOD|READS_REQUEST|NOT_FORCE_STATIC,,,,DYNAMIC_SEGMENT_NO_GSP|NON_GET_METHOD|READS_REQUEST|NOT_FORCE_STATIC,false
compliance-tracker,route,/api/erp/returns/purchase/[id]/dispatch,src/app/api/erp/returns/purchase/[id]/dispatch/route.ts,25,[id],,false,false,false,false,false,,0,false,0,,,,,,false,false,false,false,POST,"NextRequest (typed, no member read detected)",,,false,false,,,,false,DYNAMIC_SEGMENT_NO_GSP|NON_GET_METHOD|NOT_FORCE_STATIC,,,,DYNAMIC_SEGMENT_NO_GSP|NON_GET_METHOD|NOT_FORCE_STATIC,false
compliance-tracker,route,/api/erp/returns/purchase/[id]/reject,src/app/api/erp/returns/purchase/[id]/reject/route.ts,24,[id],,false,false,false,false,false,,0,false,0,,,,,,false,false,false,false,POST,"NextRequest (typed, no member read detected)",,,false,false,,,,false,DYNAMIC_SEGMENT_NO_GSP|NON_GET_METHOD|NOT_FORCE_STATIC,,,,DYNAMIC_SEGMENT_NO_GSP|NON_GET_METHOD|NOT_FORCE_STATIC,false
compliance-tracker,route,/api/erp/returns/purchase,src/app/api/erp/returns/purchase/route.ts,38,,,false,true,false,false,false,,0,false,0,,,,,,false,false,false,false,GET|POST,request.json,,,false,false,,,,false,NON_GET_METHOD|READS_REQUEST|NOT_FORCE_STATIC,,,,NON_GET_METHOD|READS_REQUEST|NOT_FORCE_STATIC,false
compliance-tracker,route,/api/erp/returns/sales/[id]/approve,src/app/api/erp/returns/sales/[id]/approve/route.ts,24,[id],,false,false,false,false,false,,0,false,0,,,,,,false,false,false,false,POST,"NextRequest (typed, no member read detected)",,,false,false,,,,false,DYNAMIC_SEGMENT_NO_GSP|NON_GET_METHOD|NOT_FORCE_STATIC,,,,DYNAMIC_SEGMENT_NO_GSP|NON_GET_METHOD|NOT_FORCE_STATIC,false
compliance-tracker,route,/api/erp/returns/sales/[id]/credit-note,src/app/api/erp/returns/sales/[id]/credit-note/route.ts,27,[id],,false,false,false,false,false,,0,false,0,,,,,,false,false,false,false,POST,request.json,,,false,false,,,,false,DYNAMIC_SEGMENT_NO_GSP|NON_GET_METHOD|READS_REQUEST|NOT_FORCE_STATIC,,,,DYNAMIC_SEGMENT_NO_GSP|NON_GET_METHOD|READS_REQUEST|NOT_FORCE_STATIC,false
compliance-tracker,route,/api/erp/returns/sales/[id]/receive,src/app/api/erp/returns/sales/[id]/receive/route.ts,25,[id],,false,false,false,false,false,,0,false,0,,,,,,false,false,false,false,POST,"NextRequest (typed, no member read detected)",,,false,false,,,,false,DYNAMIC_SEGMENT_NO_GSP|NON_GET_METHOD|NOT_FORCE_STATIC,,,,DYNAMIC_SEGMENT_NO_GSP|NON_GET_METHOD|NOT_FORCE_STATIC,false
compliance-tracker,route,/api/erp/returns/sales/[id]/reject,src/app/api/erp/returns/sales/[id]/reject/route.ts,24,[id],,false,false,false,false,false,,0,false,0,,,,,,false,false,false,false,POST,"NextRequest (typed, no member read detected)",,,false,false,,,,false,DYNAMIC_SEGMENT_NO_GSP|NON_GET_METHOD|NOT_FORCE_STATIC,,,,DYNAMIC_SEGMENT_NO_GSP|NON_GET_METHOD|NOT_FORCE_STATIC,false
compliance-tracker,route,/api/erp/returns/sales,src/app/api/erp/returns/sales/route.ts,38,,,false,true,false,false,false,,0,false,0,,,,,,false,false,false,false,GET|POST,request.json,,,false,false,,,,false,NON_GET_METHOD|READS_REQUEST|NOT_FORCE_STATIC,,,,NON_GET_METHOD|READS_REQUEST|NOT_FORCE_STATIC,false
compliance-tracker,route,/api/erp/rfqs/[id]/auctions,src/app/api/erp/rfqs/[id]/auctions/route.ts,41,[id],,false,false,false,false,false,,0,false,0,,,,,,false,false,false,false,GET|POST,request.json,,,false,false,,,,false,DYNAMIC_SEGMENT_NO_GSP|NON_GET_METHOD|READS_REQUEST|NOT_FORCE_STATIC,,,,DYNAMIC_SEGMENT_NO_GSP|NON_GET_METHOD|READS_REQUEST|NOT_FORCE_STATIC,false
compliance-tracker,route,/api/erp/rfqs/[id]/scoring-criteria,src/app/api/erp/rfqs/[id]/scoring-criteria/route.ts,41,[id],,false,false,false,false,false,,0,false,0,,,,,,false,false,false,false,GET|POST,request.json,,,false,false,,,,false,DYNAMIC_SEGMENT_NO_GSP|NON_GET_METHOD|READS_REQUEST|NOT_FORCE_STATIC,,,,DYNAMIC_SEGMENT_NO_GSP|NON_GET_METHOD|READS_REQUEST|NOT_FORCE_STATIC,false
compliance-tracker,route,/api/erp/sales-credit-notes/[id]/submit,src/app/api/erp/sales-credit-notes/[id]/submit/route.ts,24,[id],,false,false,false,false,false,,0,false,0,,,,,,false,false,false,false,POST,,,,false,false,,,,false,DYNAMIC_SEGMENT_NO_GSP|NON_GET_METHOD|NOT_FORCE_STATIC,,,,DYNAMIC_SEGMENT_NO_GSP|NON_GET_METHOD|NOT_FORCE_STATIC,false
compliance-tracker,route,/api/erp/sales-credit-notes,src/app/api/erp/sales-credit-notes/route.ts,39,,,false,true,false,false,false,,0,false,0,,,,,,false,false,false,false,GET|POST,request.json,,,false,false,,,,false,NON_GET_METHOD|READS_REQUEST|NOT_FORCE_STATIC,,,,NON_GET_METHOD|READS_REQUEST|NOT_FORCE_STATIC,false
compliance-tracker,route,/api/erp/sales-invoices/[id]/e-invoice,src/app/api/erp/sales-invoices/[id]/e-invoice/route.ts,40,[id],,false,false,false,false,false,,0,false,0,,,,,,false,false,false,false,GET|POST,,,,false,false,,,,false,DYNAMIC_SEGMENT_NO_GSP|NON_GET_METHOD|NOT_FORCE_STATIC,,,,DYNAMIC_SEGMENT_NO_GSP|NON_GET_METHOD|NOT_FORCE_STATIC,false
compliance-tracker,route,/api/erp/sales-invoices/[id]/submit,src/app/api/erp/sales-invoices/[id]/submit/route.ts,33,[id],,false,false,false,false,false,,0,false,0,,,,,,false,false,false,false,POST,request.json,,,false,false,,,,false,DYNAMIC_SEGMENT_NO_GSP|NON_GET_METHOD|READS_REQUEST|NOT_FORCE_STATIC,,,,DYNAMIC_SEGMENT_NO_GSP|NON_GET_METHOD|READS_REQUEST|NOT_FORCE_STATIC,false
compliance-tracker,route,/api/erp/sales-invoices,src/app/api/erp/sales-invoices/route.ts,39,,,false,true,false,false,false,,0,false,0,,,,,,false,false,false,false,GET|POST,request.json,,,false,false,,,,false,NON_GET_METHOD|READS_REQUEST|NOT_FORCE_STATIC,,,,NON_GET_METHOD|READS_REQUEST|NOT_FORCE_STATIC,false
compliance-tracker,route,/api/erp/selling/customers/[id],src/app/api/erp/selling/customers/[id]/route.ts,24,[id],,false,false,false,false,false,,0,false,0,,,,,,false,false,false,false,PATCH,request.json,,,false,false,,,,false,DYNAMIC_SEGMENT_NO_GSP|NON_GET_METHOD|READS_REQUEST|NOT_FORCE_STATIC,,,,DYNAMIC_SEGMENT_NO_GSP|NON_GET_METHOD|READS_REQUEST|NOT_FORCE_STATIC,false
compliance-tracker,route,/api/erp/selling/customers,src/app/api/erp/selling/customers/route.ts,38,,,false,true,false,false,false,,0,false,0,,,,,,false,false,false,false,GET|POST,request.json,,,false,false,,,,false,NON_GET_METHOD|READS_REQUEST|NOT_FORCE_STATIC,,,,NON_GET_METHOD|READS_REQUEST|NOT_FORCE_STATIC,false
compliance-tracker,route,/api/erp/statistical-key-figure-postings,src/app/api/erp/statistical-key-figure-postings/route.ts,27,,,false,true,false,false,false,,0,false,0,,,,,,false,false,false,false,POST,request.json,,,false,false,,,,false,NON_GET_METHOD|READS_REQUEST|NOT_FORCE_STATIC,,,,NON_GET_METHOD|READS_REQUEST|NOT_FORCE_STATIC,false
compliance-tracker,route,/api/erp/statistical-key-figure-types,src/app/api/erp/statistical-key-figure-types/route.ts,40,,,false,true,false,false,false,,0,false,0,,,,,,false,false,false,false,GET|POST,request.json,,,false,false,,,,false,NON_GET_METHOD|READS_REQUEST|NOT_FORCE_STATIC,,,,NON_GET_METHOD|READS_REQUEST|NOT_FORCE_STATIC,false
compliance-tracker,route,/api/erp/stock/batches,src/app/api/erp/stock/batches/route.ts,39,,,false,true,false,false,false,,0,false,0,,,,,,false,false,false,false,GET|POST,request.url|request.json|new URL(request.url),,,false,false,,,,false,NON_GET_METHOD|READS_REQUEST|NOT_FORCE_STATIC,,,,NON_GET_METHOD|READS_REQUEST|NOT_FORCE_STATIC,false
compliance-tracker,route,/api/erp/stock/items,src/app/api/erp/stock/items/route.ts,38,,,false,true,false,false,false,,0,false,0,,,,,,false,false,false,false,GET|POST,request.json,,,false,false,,,,false,NON_GET_METHOD|READS_REQUEST|NOT_FORCE_STATIC,,,,NON_GET_METHOD|READS_REQUEST|NOT_FORCE_STATIC,false
compliance-tracker,route,/api/erp/stock/serials/[id]/status,src/app/api/erp/stock/serials/[id]/status/route.ts,27,[id],,false,false,false,false,false,,0,false,0,,,,,,false,false,false,false,POST,request.json,,,false,false,,,,false,DYNAMIC_SEGMENT_NO_GSP|NON_GET_METHOD|READS_REQUEST|NOT_FORCE_STATIC,,,,DYNAMIC_SEGMENT_NO_GSP|NON_GET_METHOD|READS_REQUEST|NOT_FORCE_STATIC,false
compliance-tracker,route,/api/erp/stock/serials,src/app/api/erp/stock/serials/route.ts,39,,,false,true,false,false,false,,0,false,0,,,,,,false,false,false,false,GET|POST,request.url|request.json|new URL(request.url),,,false,false,,,,false,NON_GET_METHOD|READS_REQUEST|NOT_FORCE_STATIC,,,,NON_GET_METHOD|READS_REQUEST|NOT_FORCE_STATIC,false
compliance-tracker,route,/api/erp/stock/uom-conversions,src/app/api/erp/stock/uom-conversions/route.ts,39,,,false,true,false,false,false,,0,false,0,,,,,,false,false,false,false,GET|POST,request.url|request.json|new URL(request.url),,,false,false,,,,false,NON_GET_METHOD|READS_REQUEST|NOT_FORCE_STATIC,,,,NON_GET_METHOD|READS_REQUEST|NOT_FORCE_STATIC,false
compliance-tracker,route,/api/erp/stock/warehouses,src/app/api/erp/stock/warehouses/route.ts,38,,,false,true,false,false,false,,0,false,0,,,,,,false,false,false,false,GET|POST,request.json,,,false,false,,,,false,NON_GET_METHOD|READS_REQUEST|NOT_FORCE_STATIC,,,,NON_GET_METHOD|READS_REQUEST|NOT_FORCE_STATIC,false
compliance-tracker,route,/api/erp/subscription-plans,src/app/api/erp/subscription-plans/route.ts,37,,,false,true,false,false,false,,0,false,0,,,,,,false,false,false,false,GET|POST,request.json,,,false,false,,,,false,NON_GET_METHOD|READS_REQUEST|NOT_FORCE_STATIC,,,,NON_GET_METHOD|READS_REQUEST|NOT_FORCE_STATIC,false
compliance-tracker,route,/api/erp/subscriptions/[id],src/app/api/erp/subscriptions/[id]/route.ts,23,[id],,false,false,false,false,false,,0,false,0,,,,,,false,false,false,false,PATCH,request.json,,,false,false,,,,false,DYNAMIC_SEGMENT_NO_GSP|NON_GET_METHOD|READS_REQUEST|NOT_FORCE_STATIC,,,,DYNAMIC_SEGMENT_NO_GSP|NON_GET_METHOD|READS_REQUEST|NOT_FORCE_STATIC,false
compliance-tracker,route,/api/erp/subscriptions,src/app/api/erp/subscriptions/route.ts,37,,,false,true,false,false,false,,0,false,0,,,,,,false,false,false,false,GET|POST,request.json,,,false,false,,,,false,NON_GET_METHOD|READS_REQUEST|NOT_FORCE_STATIC,,,,NON_GET_METHOD|READS_REQUEST|NOT_FORCE_STATIC,false
compliance-tracker,route,/api/erp/tax-templates,src/app/api/erp/tax-templates/route.ts,38,,,false,true,false,false,false,,0,false,0,,,,,,false,false,false,false,GET|POST,request.json,,,false,false,,,,false,NON_GET_METHOD|READS_REQUEST|NOT_FORCE_STATIC,,,,NON_GET_METHOD|READS_REQUEST|NOT_FORCE_STATIC,false
compliance-tracker,route,/api/erp/tax-withholding-categories,src/app/api/erp/tax-withholding-categories/route.ts,38,,,false,true,false,false,false,,0,false,0,,,,,,false,false,false,false,GET|POST,request.json,,,false,false,,,,false,NON_GET_METHOD|READS_REQUEST|NOT_FORCE_STATIC,,,,NON_GET_METHOD|READS_REQUEST|NOT_FORCE_STATIC,false
compliance-tracker,route,/api/escalation-rules,src/app/api/escalation-rules/route.ts,49,,,false,true,false,false,false,,0,false,0,,,,,,false,false,false,false,GET|POST,request.nextUrl|request.json,,,false,false,,,,false,NON_GET_METHOD|READS_REQUEST|NOT_FORCE_STATIC,,,,NON_GET_METHOD|READS_REQUEST|NOT_FORCE_STATIC,false
compliance-tracker,route,/api/esg,src/app/api/esg/route.ts,45,,,false,true,false,false,false,,0,false,0,,,,,,false,false,false,false,GET,,,,false,false,,,,false,NOT_FORCE_STATIC,,,,NOT_FORCE_STATIC,false
compliance-tracker,route,/api/esignature/requests/[id],src/app/api/esignature/requests/[id]/route.ts,20,[id],,false,false,false,false,false,,0,false,0,,,,,,false,false,false,false,GET,,,,false,false,,,,false,DYNAMIC_SEGMENT_NO_GSP|NOT_FORCE_STATIC,,,,DYNAMIC_SEGMENT_NO_GSP|NOT_FORCE_STATIC,false
compliance-tracker,route,/api/esignature/requests/[id]/void,src/app/api/esignature/requests/[id]/void/route.ts,23,[id],,false,false,false,false,false,,0,false,0,,,,,,false,false,false,false,POST,,,,false,false,,,,false,DYNAMIC_SEGMENT_NO_GSP|NON_GET_METHOD|NOT_FORCE_STATIC,,,,DYNAMIC_SEGMENT_NO_GSP|NON_GET_METHOD|NOT_FORCE_STATIC,false
compliance-tracker,route,/api/esignature/requests,src/app/api/esignature/requests/route.ts,41,,,false,true,false,false,false,,0,false,0,,,,,,false,false,false,false,GET|POST,request.url|request.json|new URL(request.url),,,false,false,,,,false,NON_GET_METHOD|READS_REQUEST|NOT_FORCE_STATIC,,,,NON_GET_METHOD|READS_REQUEST|NOT_FORCE_STATIC,false
compliance-tracker,route,/api/esignature/sign/[token]/decline,src/app/api/esignature/sign/[token]/decline/route.ts,16,[token],,false,false,false,false,false,,0,false,0,,,,,,false,false,false,false,POST,request.json,,,false,false,,,,false,DYNAMIC_SEGMENT_NO_GSP|NON_GET_METHOD|READS_REQUEST|NOT_FORCE_STATIC,,,,DYNAMIC_SEGMENT_NO_GSP|NON_GET_METHOD|READS_REQUEST|NOT_FORCE_STATIC,false
compliance-tracker,route,/api/esignature/sign/[token],src/app/api/esignature/sign/[token]/route.ts,17,[token],,false,false,false,false,false,,0,false,0,,,,,,false,false,false,false,GET,"NextRequest (typed, no member read detected)",,,false,false,,,,false,DYNAMIC_SEGMENT_NO_GSP|NOT_FORCE_STATIC,,,,DYNAMIC_SEGMENT_NO_GSP|NOT_FORCE_STATIC,false
compliance-tracker,route,/api/esignature/sign/[token]/submit,src/app/api/esignature/sign/[token]/submit/route.ts,29,[token],,false,false,false,false,false,,0,false,0,,,,,,false,false,false,false,POST,request.headers|request.json|request passed to helper,,,false,false,,,,false,DYNAMIC_SEGMENT_NO_GSP|NON_GET_METHOD|READS_REQUEST|NOT_FORCE_STATIC,,,,DYNAMIC_SEGMENT_NO_GSP|NON_GET_METHOD|READS_REQUEST|NOT_FORCE_STATIC,false
compliance-tracker,route,/api/fde/requests,src/app/api/fde/requests/route.ts,38,,,false,true,false,false,false,,0,false,0,,,,,,false,false,false,false,GET|POST,request.json,,,false,false,,,,false,NON_GET_METHOD|READS_REQUEST|NOT_FORCE_STATIC,,,,NON_GET_METHOD|READS_REQUEST|NOT_FORCE_STATIC,false
compliance-tracker,route,/api/field-service-dispatches/[dispatchId],src/app/api/field-service-dispatches/[dispatchId]/route.ts,32,[dispatchId],,false,false,false,false,false,,0,false,0,,,,,,false,false,false,false,PATCH,request.json,,,false,false,,,,false,DYNAMIC_SEGMENT_NO_GSP|NON_GET_METHOD|READS_REQUEST|NOT_FORCE_STATIC,,,,DYNAMIC_SEGMENT_NO_GSP|NON_GET_METHOD|READS_REQUEST|NOT_FORCE_STATIC,false
compliance-tracker,route,/api/finance/ai-cost-reconciliation,src/app/api/finance/ai-cost-reconciliation/route.ts,66,,,false,true,false,false,false,,0,false,0,,,,,,false,false,false,false,GET|POST,request.json,,,false,false,,,,false,NON_GET_METHOD|READS_REQUEST|NOT_FORCE_STATIC,,,,NON_GET_METHOD|READS_REQUEST|NOT_FORCE_STATIC,false
compliance-tracker,route,/api/fm/register-digitization/[batchId]/rows,src/app/api/fm/register-digitization/[batchId]/rows/route.ts,24,[batchId],,false,false,false,false,false,,0,false,0,,,,,,false,false,false,false,GET,"NextRequest (typed, no member read detected)",,,false,false,,,,false,DYNAMIC_SEGMENT_NO_GSP|NOT_FORCE_STATIC,,,,DYNAMIC_SEGMENT_NO_GSP|NOT_FORCE_STATIC,false
compliance-tracker,route,/api/fm/register-digitization/photo,src/app/api/fm/register-digitization/photo/route.ts,38,,,false,true,false,false,false,,0,false,0,,,,,,false,false,false,false,POST,request.json,,,false,false,,,,false,NON_GET_METHOD|READS_REQUEST|NOT_FORCE_STATIC,,,,NON_GET_METHOD|READS_REQUEST|NOT_FORCE_STATIC,false
compliance-tracker,route,/api/forge/captcha,src/app/api/forge/captcha/route.ts,28,,,false,true,false,false,false,,0,false,0,,,,,,false,false,false,false,GET,,,,false,false,,,,false,NOT_FORCE_STATIC,,,,NOT_FORCE_STATIC,false
compliance-tracker,route,/api/forge/confirm,src/app/api/forge/confirm/route.ts,13,,,false,true,false,false,false,,0,false,0,,,,,,false,false,false,false,GET,request.nextUrl,,,false,false,,,,false,READS_REQUEST|NOT_FORCE_STATIC,,,,READS_REQUEST|NOT_FORCE_STATIC,false
compliance-tracker,route,/api/forge/submit,src/app/api/forge/submit/route.ts,20,,,false,true,false,false,false,,0,false,0,,,,,,false,false,false,false,POST,request.json,,,false,false,,,,false,NON_GET_METHOD|READS_REQUEST|NOT_FORCE_STATIC,,,,NON_GET_METHOD|READS_REQUEST|NOT_FORCE_STATIC,false
compliance-tracker,route,/api/frameworks/controls/[id],src/app/api/frameworks/controls/[id]/route.ts,68,[id],,false,false,false,false,false,,0,false,0,,,,,,false,false,false,false,PATCH,"NextRequest (typed, no member read detected)",,,false,false,,,,false,DYNAMIC_SEGMENT_NO_GSP|NON_GET_METHOD|NOT_FORCE_STATIC,,,,DYNAMIC_SEGMENT_NO_GSP|NON_GET_METHOD|NOT_FORCE_STATIC,false
compliance-tracker,route,/api/frameworks/controls,src/app/api/frameworks/controls/route.ts,24,,,false,true,false,false,false,,0,false,0,,,,,,false,false,false,false,POST,request.json,,,false,false,,,,false,NON_GET_METHOD|READS_REQUEST|NOT_FORCE_STATIC,,,,NON_GET_METHOD|READS_REQUEST|NOT_FORCE_STATIC,false
compliance-tracker,route,/api/frameworks,src/app/api/frameworks/route.ts,44,,,false,true,false,false,false,,0,false,0,,,,,,false,false,false,false,GET,"NextRequest (typed, no member read detected)",,,false,false,,,,false,NOT_FORCE_STATIC,,,,NOT_FORCE_STATIC,false
compliance-tracker,route,/api/fraud-cases/[id],src/app/api/fraud-cases/[id]/route.ts,40,[id],,false,false,false,false,false,,0,false,0,,,,,,false,false,false,false,GET|PATCH,request.json,,,false,false,,,,false,DYNAMIC_SEGMENT_NO_GSP|NON_GET_METHOD|READS_REQUEST|NOT_FORCE_STATIC,,,,DYNAMIC_SEGMENT_NO_GSP|NON_GET_METHOD|READS_REQUEST|NOT_FORCE_STATIC,false
compliance-tracker,route,/api/fraud-cases,src/app/api/fraud-cases/route.ts,31,,,false,true,false,false,false,,0,false,0,,,,,,false,false,false,false,GET|POST,request.json,,,false,false,,,,false,NON_GET_METHOD|READS_REQUEST|NOT_FORCE_STATIC,,,,NON_GET_METHOD|READS_REQUEST|NOT_FORCE_STATIC,false
compliance-tracker,route,/api/glossary/[id],src/app/api/glossary/[id]/route.ts,50,[id],,false,false,false,false,false,,0,false,0,,,,,,false,false,false,false,PATCH|DELETE,request.json,,,false,false,,,,false,DYNAMIC_SEGMENT_NO_GSP|NON_GET_METHOD|READS_REQUEST|NOT_FORCE_STATIC,,,,DYNAMIC_SEGMENT_NO_GSP|NON_GET_METHOD|READS_REQUEST|NOT_FORCE_STATIC,false
compliance-tracker,route,/api/glossary/lookup,src/app/api/glossary/lookup/route.ts,23,,,false,true,false,false,false,,0,false,0,,,,,,false,false,false,false,GET,request.nextUrl,,,false,false,,,,false,READS_REQUEST|NOT_FORCE_STATIC,,,,READS_REQUEST|NOT_FORCE_STATIC,false
compliance-tracker,route,/api/glossary,src/app/api/glossary/route.ts,48,,,false,true,false,false,false,,0,false,0,,,,,,false,false,false,false,GET|POST,request.json,,,false,false,,,,false,NON_GET_METHOD|READS_REQUEST|NOT_FORCE_STATIC,,,,NON_GET_METHOD|READS_REQUEST|NOT_FORCE_STATIC,false
compliance-tracker,route,/api/governance/abac-policies/[id],src/app/api/governance/abac-policies/[id]/route.ts,27,[id],,false,false,false,false,false,,0,false,0,,,,,,false,false,false,false,PATCH,request.json,,,false,false,,,,false,DYNAMIC_SEGMENT_NO_GSP|NON_GET_METHOD|READS_REQUEST|NOT_FORCE_STATIC,,,,DYNAMIC_SEGMENT_NO_GSP|NON_GET_METHOD|READS_REQUEST|NOT_FORCE_STATIC,false
compliance-tracker,route,/api/governance/abac-policies,src/app/api/governance/abac-policies/route.ts,42,,,false,true,false,false,false,,0,false,0,,,,,,false,false,false,false,GET|POST,request.nextUrl|request.json,,,false,false,,,,false,NON_GET_METHOD|READS_REQUEST|NOT_FORCE_STATIC,,,,NON_GET_METHOD|READS_REQUEST|NOT_FORCE_STATIC,false
compliance-tracker,route,/api/governance/audit-search,src/app/api/governance/audit-search/route.ts,44,,,false,true,false,false,false,,0,false,0,,,,,,false,false,false,false,GET,request.nextUrl,,,false,false,,,,false,READS_REQUEST|NOT_FORCE_STATIC,,,,READS_REQUEST|NOT_FORCE_STATIC,false
compliance-tracker,route,/api/gst-reconciliation/import/[batchId]/confirm,src/app/api/gst-reconciliation/import/[batchId]/confirm/route.ts,23,[batchId],,false,false,false,false,false,,0,false,0,,,,,,false,false,false,false,POST,"NextRequest (typed, no member read detected)",,,false,false,,,,false,DYNAMIC_SEGMENT_NO_GSP|NON_GET_METHOD|NOT_FORCE_STATIC,,,,DYNAMIC_SEGMENT_NO_GSP|NON_GET_METHOD|NOT_FORCE_STATIC,false
compliance-tracker,route,/api/gst-reconciliation/import/[batchId]/findings,src/app/api/gst-reconciliation/import/[batchId]/findings/route.ts,14,[batchId],,false,false,false,false,false,,0,false,0,,,,,,false,false,false,false,GET,"NextRequest (typed, no member read detected)",,,false,false,,,,false,DYNAMIC_SEGMENT_NO_GSP|NOT_FORCE_STATIC,,,,DYNAMIC_SEGMENT_NO_GSP|NOT_FORCE_STATIC,false
compliance-tracker,route,/api/gst-reconciliation/import/[batchId]/mapping,src/app/api/gst-reconciliation/import/[batchId]/mapping/route.ts,26,[batchId],,false,false,false,false,false,,0,false,0,,,,,,false,false,false,false,PUT,req.json,,,false,false,,,,false,DYNAMIC_SEGMENT_NO_GSP|NON_GET_METHOD|READS_REQUEST|NOT_FORCE_STATIC,,,,DYNAMIC_SEGMENT_NO_GSP|NON_GET_METHOD|READS_REQUEST|NOT_FORCE_STATIC,false
compliance-tracker,route,/api/gst-reconciliation/import/[batchId],src/app/api/gst-reconciliation/import/[batchId]/route.ts,41,[batchId],,false,false,false,false,false,,0,false,0,,,,,,false,false,false,false,GET|DELETE,"NextRequest (typed, no member read detected)",,,false,false,,,,false,DYNAMIC_SEGMENT_NO_GSP|NON_GET_METHOD|NOT_FORCE_STATIC,,,,DYNAMIC_SEGMENT_NO_GSP|NON_GET_METHOD|NOT_FORCE_STATIC,false
compliance-tracker,route,/api/gst-reconciliation/import,src/app/api/gst-reconciliation/import/route.ts,53,,,false,true,false,false,false,,0,false,0,,,,,,false,false,false,false,GET|POST,request.formData,,,false,false,,,,false,NON_GET_METHOD|READS_REQUEST|NOT_FORCE_STATIC,,,,NON_GET_METHOD|READS_REQUEST|NOT_FORCE_STATIC,false
compliance-tracker,route,/api/gst-reconciliation/reconcile/[runId],src/app/api/gst-reconciliation/reconcile/[runId]/route.ts,20,[runId],,false,false,false,false,false,,0,false,0,,,,,,false,false,false,false,GET,"NextRequest (typed, no member read detected)",,,false,false,,,,false,DYNAMIC_SEGMENT_NO_GSP|NOT_FORCE_STATIC,,,,DYNAMIC_SEGMENT_NO_GSP|NOT_FORCE_STATIC,false
compliance-tracker,route,/api/gst-reconciliation/reconcile,src/app/api/gst-reconciliation/reconcile/route.ts,46,,,false,true,false,false,false,,0,false,0,,,,,,false,false,false,false,GET|POST,req.json,,,false,false,,,,false,NON_GET_METHOD|READS_REQUEST|NOT_FORCE_STATIC,,,,NON_GET_METHOD|READS_REQUEST|NOT_FORCE_STATIC,false
compliance-tracker,route,/api/gst-reconciliation/returns/[returnPeriodId]/ai-review,src/app/api/gst-reconciliation/returns/[returnPeriodId]/ai-review/route.ts,44,[returnPeriodId],,false,false,false,false,false,,0,false,0,,,,,,false,false,false,false,GET|POST,"NextRequest (typed, no member read detected)",,,false,false,,,,false,DYNAMIC_SEGMENT_NO_GSP|NON_GET_METHOD|NOT_FORCE_STATIC,,,,DYNAMIC_SEGMENT_NO_GSP|NON_GET_METHOD|NOT_FORCE_STATIC,false
compliance-tracker,route,/api/gst-reconciliation/returns/[returnPeriodId],src/app/api/gst-reconciliation/returns/[returnPeriodId]/route.ts,20,[returnPeriodId],,false,false,false,false,false,,0,false,0,,,,,,false,false,false,false,GET,"NextRequest (typed, no member read detected)",,,false,false,,,,false,DYNAMIC_SEGMENT_NO_GSP|NOT_FORCE_STATIC,,,,DYNAMIC_SEGMENT_NO_GSP|NOT_FORCE_STATIC,false
compliance-tracker,route,/api/gst-reconciliation/returns,src/app/api/gst-reconciliation/returns/route.ts,35,,,false,true,false,false,false,,0,false,0,,,,,,false,false,false,false,GET|POST,req.json,,,false,false,,,,false,NON_GET_METHOD|READS_REQUEST|NOT_FORCE_STATIC,,,,NON_GET_METHOD|READS_REQUEST|NOT_FORCE_STATIC,false
compliance-tracker,route,/api/guest-chat/[token]/messages,src/app/api/guest-chat/[token]/messages/route.ts,21,[token],,false,false,false,false,false,,0,false,0,,,,,,false,false,false,false,POST,request.json,,,false,false,,,,false,DYNAMIC_SEGMENT_NO_GSP|NON_GET_METHOD|READS_REQUEST|NOT_FORCE_STATIC,,,,DYNAMIC_SEGMENT_NO_GSP|NON_GET_METHOD|READS_REQUEST|NOT_FORCE_STATIC,false
compliance-tracker,route,/api/guest-chat/[token],src/app/api/guest-chat/[token]/route.ts,23,[token],,false,false,false,false,false,,0,false,0,,,,,,false,false,false,false,GET,,,,false,false,,,,false,DYNAMIC_SEGMENT_NO_GSP|NOT_FORCE_STATIC,,,,DYNAMIC_SEGMENT_NO_GSP|NOT_FORCE_STATIC,false
compliance-tracker,route,/api/guest-chat/[token]/survey,src/app/api/guest-chat/[token]/survey/route.ts,25,[token],,false,false,false,false,false,,0,false,0,,,,,,false,false,false,false,POST,request.json,,,false,false,,,,false,DYNAMIC_SEGMENT_NO_GSP|NON_GET_METHOD|READS_REQUEST|NOT_FORCE_STATIC,,,,DYNAMIC_SEGMENT_NO_GSP|NON_GET_METHOD|READS_REQUEST|NOT_FORCE_STATIC,false
compliance-tracker,route,/api/health,src/app/api/health/route.ts,71,,,false,true,false,false,false,,0,false,0,force-dynamic,,nodejs,,,false,false,false,false,GET,,,,false,false,,,,false,FORCE_DYNAMIC|NOT_FORCE_STATIC,,,,FORCE_DYNAMIC|NOT_FORCE_STATIC,false
compliance-tracker,route,/api/help/ask,src/app/api/help/ask/route.ts,186,,,false,true,false,false,false,,0,false,0,,,,,,false,false,false,false,POST,request.json,,,false,false,,,,false,NON_GET_METHOD|READS_REQUEST|NOT_FORCE_STATIC,,,,NON_GET_METHOD|READS_REQUEST|NOT_FORCE_STATIC,false
compliance-tracker,route,/api/home/analytics,src/app/api/home/analytics/route.ts,20,,,false,true,false,false,false,,0,false,0,,,,,,false,false,false,false,GET,,,,false,false,,,,false,NOT_FORCE_STATIC,,,,NOT_FORCE_STATIC,false
compliance-tracker,route,/api/home/assigned-by-me,src/app/api/home/assigned-by-me/route.ts,18,,,false,true,false,false,false,,0,false,0,,,,,,false,false,false,false,GET,,,,false,false,,,,false,NOT_FORCE_STATIC,,,,NOT_FORCE_STATIC,false
compliance-tracker,route,/api/home/todos,src/app/api/home/todos/route.ts,23,,,false,true,false,false,false,,0,false,0,,,,,,false,false,false,false,GET,,,,false,false,,,,false,NOT_FORCE_STATIC,,,,NOT_FORCE_STATIC,false
compliance-tracker,route,/api/hr/attendance/bulk,src/app/api/hr/attendance/bulk/route.ts,31,,,false,true,false,false,false,,0,false,0,,,,,,false,false,false,false,POST,request.json,,,false,false,,,,false,NON_GET_METHOD|READS_REQUEST|NOT_FORCE_STATIC,,,,NON_GET_METHOD|READS_REQUEST|NOT_FORCE_STATIC,false
compliance-tracker,route,/api/hr/attendance/check-in,src/app/api/hr/attendance/check-in/route.ts,20,,,false,true,false,false,false,,0,false,0,,,,,,false,false,false,false,POST,request.json,,,false,false,,,,false,NON_GET_METHOD|READS_REQUEST|NOT_FORCE_STATIC,,,,NON_GET_METHOD|READS_REQUEST|NOT_FORCE_STATIC,false
compliance-tracker,route,/api/hr/attendance/check-out,src/app/api/hr/attendance/check-out/route.ts,20,,,false,true,false,false,false,,0,false,0,,,,,,false,false,false,false,POST,request.json,,,false,false,,,,false,NON_GET_METHOD|READS_REQUEST|NOT_FORCE_STATIC,,,,NON_GET_METHOD|READS_REQUEST|NOT_FORCE_STATIC,false
compliance-tracker,route,/api/hr/attendance/holidays/[id],src/app/api/hr/attendance/holidays/[id]/route.ts,25,[id],,false,false,false,false,false,,0,false,0,,,,,,false,false,false,false,DELETE,"NextRequest (typed, no member read detected)",,,false,false,,,,false,DYNAMIC_SEGMENT_NO_GSP|NON_GET_METHOD|NOT_FORCE_STATIC,,,,DYNAMIC_SEGMENT_NO_GSP|NON_GET_METHOD|NOT_FORCE_STATIC,false
compliance-tracker,route,/api/hr/attendance/holidays,src/app/api/hr/attendance/holidays/route.ts,39,,,false,true,false,false,false,,0,false,0,,,,,,false,false,false,false,GET|POST,request.nextUrl|request.json,,,false,false,,,,false,NON_GET_METHOD|READS_REQUEST|NOT_FORCE_STATIC,,,,NON_GET_METHOD|READS_REQUEST|NOT_FORCE_STATIC,false
compliance-tracker,route,/api/hr/attendance,src/app/api/hr/attendance/route.ts,64,,,false,true,false,false,false,,0,false,0,,,,,,false,false,false,false,GET|POST,request.nextUrl|request.json,,,false,false,,,,false,NON_GET_METHOD|READS_REQUEST|NOT_FORCE_STATIC,,,,NON_GET_METHOD|READS_REQUEST|NOT_FORCE_STATIC,false
compliance-tracker,route,/api/hr/attendance/summary,src/app/api/hr/attendance/summary/route.ts,34,,,false,true,false,false,false,,0,false,0,,,,,,false,false,false,false,GET,request.nextUrl,,,false,false,,,,false,READS_REQUEST|NOT_FORCE_STATIC,,,,READS_REQUEST|NOT_FORCE_STATIC,false
compliance-tracker,route,/api/hr/dashboard,src/app/api/hr/dashboard/route.ts,24,,,false,true,false,false,false,,0,false,0,,,,,,false,false,false,false,GET,request passed to helper,,,false,false,,,,false,READS_REQUEST|NOT_FORCE_STATIC,,,,READS_REQUEST|NOT_FORCE_STATIC,false
compliance-tracker,route,/api/hr/employees/[userId],src/app/api/hr/employees/[userId]/route.ts,26,[userId],,false,false,false,false,false,,0,false,0,,,,,,false,false,false,false,PATCH,request.json,,,false,false,,,,false,DYNAMIC_SEGMENT_NO_GSP|NON_GET_METHOD|READS_REQUEST|NOT_FORCE_STATIC,,,,DYNAMIC_SEGMENT_NO_GSP|NON_GET_METHOD|READS_REQUEST|NOT_FORCE_STATIC,false
compliance-tracker,route,/api/hr/employees,src/app/api/hr/employees/route.ts,19,,,false,true,false,false,false,,0,false,0,,,,,,false,false,false,false,GET,,,,false,false,,,,false,NOT_FORCE_STATIC,,,,NOT_FORCE_STATIC,false
compliance-tracker,route,/api/hr/expenses/[id],src/app/api/hr/expenses/[id]/route.ts,28,[id],,false,false,false,false,false,,0,false,0,,,,,,false,false,false,false,PATCH,request.json,,,false,false,,,,false,DYNAMIC_SEGMENT_NO_GSP|NON_GET_METHOD|READS_REQUEST|NOT_FORCE_STATIC,,,,DYNAMIC_SEGMENT_NO_GSP|NON_GET_METHOD|READS_REQUEST|NOT_FORCE_STATIC,false
compliance-tracker,route,/api/hr/expenses,src/app/api/hr/expenses/route.ts,37,,,false,true,false,false,false,,0,false,0,,,,,,false,false,false,false,GET|POST,request.nextUrl|request.json,,,false,false,,,,false,NON_GET_METHOD|READS_REQUEST|NOT_FORCE_STATIC,,,,NON_GET_METHOD|READS_REQUEST|NOT_FORCE_STATIC,false
compliance-tracker,route,/api/hr/leave-balances,src/app/api/hr/leave-balances/route.ts,38,,,false,true,false,false,false,,0,false,0,,,,,,false,false,false,false,GET|POST,request.nextUrl|request.json,,,false,false,,,,false,NON_GET_METHOD|READS_REQUEST|NOT_FORCE_STATIC,,,,NON_GET_METHOD|READS_REQUEST|NOT_FORCE_STATIC,false
compliance-tracker,route,/api/hr/leave-requests/[id],src/app/api/hr/leave-requests/[id]/route.ts,28,[id],,false,false,false,false,false,,0,false,0,,,,,,false,false,false,false,PATCH,request.json,,,false,false,,,,false,DYNAMIC_SEGMENT_NO_GSP|NON_GET_METHOD|READS_REQUEST|NOT_FORCE_STATIC,,,,DYNAMIC_SEGMENT_NO_GSP|NON_GET_METHOD|READS_REQUEST|NOT_FORCE_STATIC,false
compliance-tracker,route,/api/hr/leave-requests,src/app/api/hr/leave-requests/route.ts,36,,,false,true,false,false,false,,0,false,0,,,,,,false,false,false,false,GET|POST,request.nextUrl|request.json,,,false,false,,,,false,NON_GET_METHOD|READS_REQUEST|NOT_FORCE_STATIC,,,,NON_GET_METHOD|READS_REQUEST|NOT_FORCE_STATIC,false
compliance-tracker,route,/api/hr/loans/[id]/installments,src/app/api/hr/loans/[id]/installments/route.ts,22,[id],,false,false,false,false,false,,0,false,0,,,,,,false,false,false,false,GET,"NextRequest (typed, no member read detected)",,,false,false,,,,false,DYNAMIC_SEGMENT_NO_GSP|NOT_FORCE_STATIC,,,,DYNAMIC_SEGMENT_NO_GSP|NOT_FORCE_STATIC,false
compliance-tracker,route,/api/hr/loans/[id],src/app/api/hr/loans/[id]/route.ts,28,[id],,false,false,false,false,false,,0,false,0,,,,,,false,false,false,false,PATCH,request.json,,,false,false,,,,false,DYNAMIC_SEGMENT_NO_GSP|NON_GET_METHOD|READS_REQUEST|NOT_FORCE_STATIC,,,,DYNAMIC_SEGMENT_NO_GSP|NON_GET_METHOD|READS_REQUEST|NOT_FORCE_STATIC,false
compliance-tracker,route,/api/hr/loans,src/app/api/hr/loans/route.ts,37,,,false,true,false,false,false,,0,false,0,,,,,,false,false,false,false,GET|POST,request.nextUrl|request.json,,,false,false,,,,false,NON_GET_METHOD|READS_REQUEST|NOT_FORCE_STATIC,,,,NON_GET_METHOD|READS_REQUEST|NOT_FORCE_STATIC,false
compliance-tracker,route,/api/hr/org-chart,src/app/api/hr/org-chart/route.ts,19,,,false,true,false,false,false,,0,false,0,,,,,,false,false,false,false,GET,,,,false,false,,,,false,NOT_FORCE_STATIC,,,,NOT_FORCE_STATIC,false
compliance-tracker,route,/api/hr/shifts/roster,src/app/api/hr/shifts/roster/route.ts,38,,,false,true,false,false,false,,0,false,0,,,,,,false,false,false,false,GET|POST,request.nextUrl|request.json,,,false,false,,,,false,NON_GET_METHOD|READS_REQUEST|NOT_FORCE_STATIC,,,,NON_GET_METHOD|READS_REQUEST|NOT_FORCE_STATIC,false
compliance-tracker,route,/api/hr/shifts,src/app/api/hr/shifts/route.ts,37,,,false,true,false,false,false,,0,false,0,,,,,,false,false,false,false,GET|POST,request.json,,,false,false,,,,false,NON_GET_METHOD|READS_REQUEST|NOT_FORCE_STATIC,,,,NON_GET_METHOD|READS_REQUEST|NOT_FORCE_STATIC,false
compliance-tracker,route,/api/hr-compliance/[id],src/app/api/hr-compliance/[id]/route.ts,28,[id],,false,false,false,false,false,,0,false,0,,,,,,false,false,false,false,PATCH,"NextRequest (typed, no member read detected)",,,false,false,,,,false,DYNAMIC_SEGMENT_NO_GSP|NON_GET_METHOD|NOT_FORCE_STATIC,,,,DYNAMIC_SEGMENT_NO_GSP|NON_GET_METHOD|NOT_FORCE_STATIC,false
compliance-tracker,route,/api/hr-compliance,src/app/api/hr-compliance/route.ts,39,,,false,true,false,false,false,,0,false,0,,,,,,false,false,false,false,GET|POST,request.json,,,false,false,,,,false,NON_GET_METHOD|READS_REQUEST|NOT_FORCE_STATIC,,,,NON_GET_METHOD|READS_REQUEST|NOT_FORCE_STATIC,false
compliance-tracker,route,/api/incidents/[id],src/app/api/incidents/[id]/route.ts,94,[id],,false,false,false,false,false,,0,false,0,,,,,,false,false,false,false,PATCH,request.json,,,false,false,,,,false,DYNAMIC_SEGMENT_NO_GSP|NON_GET_METHOD|READS_REQUEST|NOT_FORCE_STATIC,,,,DYNAMIC_SEGMENT_NO_GSP|NON_GET_METHOD|READS_REQUEST|NOT_FORCE_STATIC,false
compliance-tracker,route,/api/incidents,src/app/api/incidents/route.ts,82,,,false,true,false,false,false,,0,false,0,,,,,,false,false,false,false,GET|POST,request.json,,,false,false,,,,false,NON_GET_METHOD|READS_REQUEST|NOT_FORCE_STATIC,,,,NON_GET_METHOD|READS_REQUEST|NOT_FORCE_STATIC,false
compliance-tracker,route,/api/ingest/[batchId]/confirm,src/app/api/ingest/[batchId]/confirm/route.ts,178,[batchId],,false,false,false,false,false,,0,false,0,,,,,,false,false,false,false,POST,req.json,,,false,false,,,,false,DYNAMIC_SEGMENT_NO_GSP|NON_GET_METHOD|READS_REQUEST|NOT_FORCE_STATIC,,,,DYNAMIC_SEGMENT_NO_GSP|NON_GET_METHOD|READS_REQUEST|NOT_FORCE_STATIC,false
compliance-tracker,route,/api/ingest/[batchId]/items/[itemId],src/app/api/ingest/[batchId]/items/[itemId]/route.ts,138,[batchId]|[itemId],,false,false,false,false,false,,0,false,0,,,,,,false,false,false,false,PATCH,req.json,,,false,false,,,,false,DYNAMIC_SEGMENT_NO_GSP|NON_GET_METHOD|READS_REQUEST|NOT_FORCE_STATIC,,,,DYNAMIC_SEGMENT_NO_GSP|NON_GET_METHOD|READS_REQUEST|NOT_FORCE_STATIC,false
compliance-tracker,route,/api/ingest/[batchId],src/app/api/ingest/[batchId]/route.ts,119,[batchId],,false,false,false,false,false,,0,false,0,,,,,,false,false,false,false,GET|DELETE,"NextRequest (typed, no member read detected)",,,false,false,,,,false,DYNAMIC_SEGMENT_NO_GSP|NON_GET_METHOD|NOT_FORCE_STATIC,,,,DYNAMIC_SEGMENT_NO_GSP|NON_GET_METHOD|NOT_FORCE_STATIC,false
compliance-tracker,route,/api/ingest,src/app/api/ingest/route.ts,168,,,false,true,false,false,false,,0,false,0,,,,,,false,false,false,false,GET|POST,req.formData,,,false,false,,,,false,NON_GET_METHOD|READS_REQUEST|NOT_FORCE_STATIC,,,,NON_GET_METHOD|READS_REQUEST|NOT_FORCE_STATIC,false
compliance-tracker,route,/api/installed-products,src/app/api/installed-products/route.ts,39,,,false,true,false,false,false,,0,false,0,,,,,,false,false,false,false,GET|POST,request.nextUrl|request.json,,,false,false,,,,false,NON_GET_METHOD|READS_REQUEST|NOT_FORCE_STATIC,,,,NON_GET_METHOD|READS_REQUEST|NOT_FORCE_STATIC,false
compliance-tracker,route,/api/instruction-mismatches/[id],src/app/api/instruction-mismatches/[id]/route.ts,21,[id],,false,false,false,false,false,,0,false,0,,,,,,false,false,false,false,PATCH,request.json,,,false,false,,,,false,DYNAMIC_SEGMENT_NO_GSP|NON_GET_METHOD|READS_REQUEST|NOT_FORCE_STATIC,,,,DYNAMIC_SEGMENT_NO_GSP|NON_GET_METHOD|READS_REQUEST|NOT_FORCE_STATIC,false
compliance-tracker,route,/api/instruction-mismatches,src/app/api/instruction-mismatches/route.ts,18,,,false,true,false,false,false,,0,false,0,,,,,,false,false,false,false,GET,,,,false,false,,,,false,NOT_FORCE_STATIC,,,,NOT_FORCE_STATIC,false
compliance-tracker,route,/api/internal/ai-performance-report/run,src/app/api/internal/ai-performance-report/run/route.ts,40,,,false,true,false,false,false,,0,false,0,,,,,,false,false,false,false,GET|POST,request.headers|request passed to helper,,,false,false,,,,false,NON_GET_METHOD|READS_REQUEST|NOT_FORCE_STATIC,,,,NON_GET_METHOD|READS_REQUEST|NOT_FORCE_STATIC,false
compliance-tracker,route,/api/internal/ai-reduction-snapshot/run,src/app/api/internal/ai-reduction-snapshot/run/route.ts,34,,,false,true,false,false,false,,0,false,0,,,,,,false,false,false,false,GET|POST,request.headers|request passed to helper,,,false,false,,,,false,NON_GET_METHOD|READS_REQUEST|NOT_FORCE_STATIC,,,,NON_GET_METHOD|READS_REQUEST|NOT_FORCE_STATIC,false
compliance-tracker,route,/api/internal/audit-cadence/run,src/app/api/internal/audit-cadence/run/route.ts,38,,,false,true,false,false,false,,0,false,0,,,,,,false,false,false,false,GET|POST,request.headers|request passed to helper,,,false,false,,,,false,NON_GET_METHOD|READS_REQUEST|NOT_FORCE_STATIC,,,,NON_GET_METHOD|READS_REQUEST|NOT_FORCE_STATIC,false
compliance-tracker,route,/api/internal/capability-audit/run,src/app/api/internal/capability-audit/run/route.ts,83,,,false,true,false,false,false,,0,false,0,,,,,,false,false,false,false,GET|POST,request.headers|request passed to helper,,,false,false,,,,false,NON_GET_METHOD|READS_REQUEST|NOT_FORCE_STATIC,,,,NON_GET_METHOD|READS_REQUEST|NOT_FORCE_STATIC,false
compliance-tracker,route,/api/internal/cost-anomalies/run,src/app/api/internal/cost-anomalies/run/route.ts,38,,,false,true,false,false,false,,0,false,0,,,,,,false,false,false,false,GET|POST,request.headers|request passed to helper,,,false,false,,,,false,NON_GET_METHOD|READS_REQUEST|NOT_FORCE_STATIC,,,,NON_GET_METHOD|READS_REQUEST|NOT_FORCE_STATIC,false
compliance-tracker,route,/api/internal/crm-data-integrity/run,src/app/api/internal/crm-data-integrity/run/route.ts,38,,,false,true,false,false,false,,0,false,0,,,,,,false,false,false,false,GET|POST,request.headers|request passed to helper,,,false,false,,,,false,NON_GET_METHOD|READS_REQUEST|NOT_FORCE_STATIC,,,,NON_GET_METHOD|READS_REQUEST|NOT_FORCE_STATIC,false
compliance-tracker,route,/api/internal/crm-lead-followup-alerts/run,src/app/api/internal/crm-lead-followup-alerts/run/route.ts,33,,,false,true,false,false,false,,0,false,0,,,,,,false,false,false,false,GET|POST,request.headers|request passed to helper,,,false,false,,,,false,NON_GET_METHOD|READS_REQUEST|NOT_FORCE_STATIC,,,,NON_GET_METHOD|READS_REQUEST|NOT_FORCE_STATIC,false
compliance-tracker,route,/api/internal/crm-lead-scoring/run,src/app/api/internal/crm-lead-scoring/run/route.ts,34,,,false,true,false,false,false,,0,false,0,,,,,,false,false,false,false,GET|POST,request.headers|request passed to helper,,,false,false,,,,false,NON_GET_METHOD|READS_REQUEST|NOT_FORCE_STATIC,,,,NON_GET_METHOD|READS_REQUEST|NOT_FORCE_STATIC,false
compliance-tracker,route,/api/internal/crr-catchup-worker/run,src/app/api/internal/crr-catchup-worker/run/route.ts,198,,,false,true,false,false,false,,0,false,0,,,,,,false,false,false,false,GET|POST,request.headers|request.nextUrl|request passed to helper,,,false,false,,,,false,NON_GET_METHOD|READS_REQUEST|NOT_FORCE_STATIC,,,,NON_GET_METHOD|READS_REQUEST|NOT_FORCE_STATIC,false
compliance-tracker,route,/api/internal/dispatch-completion-monitor/run,src/app/api/internal/dispatch-completion-monitor/run/route.ts,134,,,false,true,false,false,false,,0,false,0,,,,,,false,false,false,false,GET|POST,request.headers|request passed to helper,,,false,false,,,,false,NON_GET_METHOD|READS_REQUEST|NOT_FORCE_STATIC,,,,NON_GET_METHOD|READS_REQUEST|NOT_FORCE_STATIC,false
compliance-tracker,route,/api/internal/escalations-report/run,src/app/api/internal/escalations-report/run/route.ts,37,,,false,true,false,false,false,,0,false,0,,,,,,false,false,false,false,GET|POST,request.headers|request passed to helper,,,false,false,,,,false,NON_GET_METHOD|READS_REQUEST|NOT_FORCE_STATIC,,,,NON_GET_METHOD|READS_REQUEST|NOT_FORCE_STATIC,false
compliance-tracker,route,/api/internal/exchange-rate-refresh/run,src/app/api/internal/exchange-rate-refresh/run/route.ts,33,,,false,true,false,false,false,,0,false,0,,,,,,false,false,false,false,GET|POST,request.headers|request passed to helper,,,false,false,,,,false,NON_GET_METHOD|READS_REQUEST|NOT_FORCE_STATIC,,,,NON_GET_METHOD|READS_REQUEST|NOT_FORCE_STATIC,false
compliance-tracker,route,/api/internal/fm-ppm/generate-occurrences/run,src/app/api/internal/fm-ppm/generate-occurrences/run/route.ts,35,,,false,true,false,false,false,,0,false,0,,,,,,false,false,false,false,GET|POST,request.headers|request passed to helper,,,false,false,,,,false,NON_GET_METHOD|READS_REQUEST|NOT_FORCE_STATIC,,,,NON_GET_METHOD|READS_REQUEST|NOT_FORCE_STATIC,false
compliance-tracker,route,/api/internal/idle-ai-capacity/run,src/app/api/internal/idle-ai-capacity/run/route.ts,40,,,false,true,false,false,false,,0,false,0,,,,,,false,false,false,false,GET|POST,request.headers|request passed to helper,,,false,false,,,,false,NON_GET_METHOD|READS_REQUEST|NOT_FORCE_STATIC,,,,NON_GET_METHOD|READS_REQUEST|NOT_FORCE_STATIC,false
compliance-tracker,route,/api/internal/instruction-audit/run,src/app/api/internal/instruction-audit/run/route.ts,33,,,false,true,false,false,false,,0,false,0,,,,,,false,false,false,false,GET|POST,request.headers|request passed to helper,,,false,false,,,,false,NON_GET_METHOD|READS_REQUEST|NOT_FORCE_STATIC,,,,NON_GET_METHOD|READS_REQUEST|NOT_FORCE_STATIC,false
compliance-tracker,route,/api/internal/l2-phrase-promotion/run,src/app/api/internal/l2-phrase-promotion/run/route.ts,33,,,false,true,false,false,false,,0,false,0,,,,,,false,false,false,false,GET|POST,request.headers|request passed to helper,,,false,false,,,,false,NON_GET_METHOD|READS_REQUEST|NOT_FORCE_STATIC,,,,NON_GET_METHOD|READS_REQUEST|NOT_FORCE_STATIC,false
compliance-tracker,route,/api/internal/loops/run,src/app/api/internal/loops/run/route.ts,156,,,false,true,false,false,false,,0,false,0,,,,,,false,false,false,false,GET|POST,request.headers|request passed to helper,,,false,false,,,,false,NON_GET_METHOD|READS_REQUEST|NOT_FORCE_STATIC,,,,NON_GET_METHOD|READS_REQUEST|NOT_FORCE_STATIC,false
compliance-tracker,route,/api/internal/metric-alerts/run,src/app/api/internal/metric-alerts/run/route.ts,69,,,false,true,false,false,false,,0,false,0,,,,,,false,false,false,false,GET|POST,request.headers|request passed to helper,,,false,false,,,,false,NON_GET_METHOD|READS_REQUEST|NOT_FORCE_STATIC,,,,NON_GET_METHOD|READS_REQUEST|NOT_FORCE_STATIC,false
compliance-tracker,route,/api/internal/ops-task-sync,src/app/api/internal/ops-task-sync/route.ts,93,,,false,true,false,false,false,,0,false,0,,,,,,false,false,false,false,POST,request.headers|request.json|request passed to helper,,,false,false,,,,false,NON_GET_METHOD|READS_REQUEST|NOT_FORCE_STATIC,,,,NON_GET_METHOD|READS_REQUEST|NOT_FORCE_STATIC,false
compliance-tracker,route,/api/internal/orchestra-log-purge/run,src/app/api/internal/orchestra-log-purge/run/route.ts,42,,,false,true,false,false,false,,0,false,0,,,,,,false,false,false,false,GET|POST,request.headers|request passed to helper,,,false,false,,,,false,NON_GET_METHOD|READS_REQUEST|NOT_FORCE_STATIC,,,,NON_GET_METHOD|READS_REQUEST|NOT_FORCE_STATIC,false
compliance-tracker,route,/api/internal/pipeline-stuck-deal-digest/run,src/app/api/internal/pipeline-stuck-deal-digest/run/route.ts,32,,,false,true,false,false,false,,0,false,0,,,,,,false,false,false,false,GET|POST,request.headers|request passed to helper,,,false,false,,,,false,NON_GET_METHOD|READS_REQUEST|NOT_FORCE_STATIC,,,,NON_GET_METHOD|READS_REQUEST|NOT_FORCE_STATIC,false
compliance-tracker,route,/api/internal/pool-health,src/app/api/internal/pool-health/route.ts,66,,,false,true,false,false,false,,0,false,0,force-dynamic,,,,,false,false,false,false,GET,,,,false,false,,,,false,FORCE_DYNAMIC|NOT_FORCE_STATIC,,,,FORCE_DYNAMIC|NOT_FORCE_STATIC,false
compliance-tracker,route,/api/internal/recommendations-report/run,src/app/api/internal/recommendations-report/run/route.ts,37,,,false,true,false,false,false,,0,false,0,,,,,,false,false,false,false,GET|POST,request.headers|request passed to helper,,,false,false,,,,false,NON_GET_METHOD|READS_REQUEST|NOT_FORCE_STATIC,,,,NON_GET_METHOD|READS_REQUEST|NOT_FORCE_STATIC,false
compliance-tracker,route,/api/internal/report-schedules/run,src/app/api/internal/report-schedules/run/route.ts,40,,,false,true,false,false,false,,0,false,0,,,,,,false,false,false,false,GET|POST,request.headers|request passed to helper,,,false,false,,,,false,NON_GET_METHOD|READS_REQUEST|NOT_FORCE_STATIC,,,,NON_GET_METHOD|READS_REQUEST|NOT_FORCE_STATIC,false
compliance-tracker,route,/api/internal/risk-trends-report/run,src/app/api/internal/risk-trends-report/run/route.ts,38,,,false,true,false,false,false,,0,false,0,,,,,,false,false,false,false,GET|POST,request.headers|request passed to helper,,,false,false,,,,false,NON_GET_METHOD|READS_REQUEST|NOT_FORCE_STATIC,,,,NON_GET_METHOD|READS_REQUEST|NOT_FORCE_STATIC,false
compliance-tracker,route,/api/internal/role-quality-regression/run,src/app/api/internal/role-quality-regression/run/route.ts,45,,,false,true,false,false,false,,0,false,0,,,,,,false,false,false,false,GET|POST,request.headers|request passed to helper,,,false,false,,,,false,NON_GET_METHOD|READS_REQUEST|NOT_FORCE_STATIC,,,,NON_GET_METHOD|READS_REQUEST|NOT_FORCE_STATIC,false
compliance-tracker,route,/api/internal/routing-accuracy-report/run,src/app/api/internal/routing-accuracy-report/run/route.ts,41,,,false,true,false,false,false,,0,false,0,,,,,,false,false,false,false,GET|POST,request.headers|request passed to helper,,,false,false,,,,false,NON_GET_METHOD|READS_REQUEST|NOT_FORCE_STATIC,,,,NON_GET_METHOD|READS_REQUEST|NOT_FORCE_STATIC,false
compliance-tracker,route,/api/internal/secrets-audit/run,src/app/api/internal/secrets-audit/run/route.ts,76,,,false,true,false,false,false,,0,false,0,,,,,,false,false,false,false,GET|POST,request.headers|request passed to helper,,,false,false,,,,false,NON_GET_METHOD|READS_REQUEST|NOT_FORCE_STATIC,,,,NON_GET_METHOD|READS_REQUEST|NOT_FORCE_STATIC,false
compliance-tracker,route,/api/internal/task-nudge-digest/run,src/app/api/internal/task-nudge-digest/run/route.ts,32,,,false,true,false,false,false,,0,false,0,,,,,,false,false,false,false,GET|POST,request.headers|request passed to helper,,,false,false,,,,false,NON_GET_METHOD|READS_REQUEST|NOT_FORCE_STATIC,,,,NON_GET_METHOD|READS_REQUEST|NOT_FORCE_STATIC,false
compliance-tracker,route,/api/internal/the-firm/deadline-digest/run,src/app/api/internal/the-firm/deadline-digest/run/route.ts,34,,,false,true,false,false,false,,0,false,0,,,,,,false,false,false,false,GET|POST,request.headers|request passed to helper,,,false,false,,,,false,NON_GET_METHOD|READS_REQUEST|NOT_FORCE_STATIC,,,,NON_GET_METHOD|READS_REQUEST|NOT_FORCE_STATIC,false
compliance-tracker,route,/api/internal/the-firm/recur-engagements/run,src/app/api/internal/the-firm/recur-engagements/run/route.ts,35,,,false,true,false,false,false,,0,false,0,,,,,,false,false,false,false,GET|POST,request.headers|request passed to helper,,,false,false,,,,false,NON_GET_METHOD|READS_REQUEST|NOT_FORCE_STATIC,,,,NON_GET_METHOD|READS_REQUEST|NOT_FORCE_STATIC,false
compliance-tracker,route,/api/invite/[token],src/app/api/invite/[token]/route.ts,16,[token],,false,false,false,false,false,,0,false,0,,,,,,false,false,false,false,GET,,,,false,false,,,,false,DYNAMIC_SEGMENT_NO_GSP|NOT_FORCE_STATIC,,,,DYNAMIC_SEGMENT_NO_GSP|NOT_FORCE_STATIC,false
compliance-tracker,route,/api/invite-links/[id],src/app/api/invite-links/[id]/route.ts,23,[id],,false,false,false,false,false,,0,false,0,,,,,,false,false,false,false,DELETE,,,,false,false,,,,false,DYNAMIC_SEGMENT_NO_GSP|NON_GET_METHOD|NOT_FORCE_STATIC,,,,DYNAMIC_SEGMENT_NO_GSP|NON_GET_METHOD|NOT_FORCE_STATIC,false
compliance-tracker,route,/api/invite-links,src/app/api/invite-links/route.ts,91,,,false,true,false,false,false,,0,false,0,,,,,,false,false,false,false,GET|POST,request.json|request.nextUrl,,,false,false,,,,false,NON_GET_METHOD|READS_REQUEST|NOT_FORCE_STATIC,,,,NON_GET_METHOD|READS_REQUEST|NOT_FORCE_STATIC,false
compliance-tracker,route,/api/ip-portfolio,src/app/api/ip-portfolio/route.ts,35,,,false,true,false,false,false,,0,false,0,,,,,,false,false,false,false,GET|POST,request.json,,,false,false,,,,false,NON_GET_METHOD|READS_REQUEST|NOT_FORCE_STATIC,,,,NON_GET_METHOD|READS_REQUEST|NOT_FORCE_STATIC,false
compliance-tracker,route,/api/irdai,src/app/api/irdai/route.ts,37,,,false,true,false,false,false,,0,false,0,,,,,,false,false,false,false,GET|POST,request.json,,,false,false,,,,false,NON_GET_METHOD|READS_REQUEST|NOT_FORCE_STATIC,,,,NON_GET_METHOD|READS_REQUEST|NOT_FORCE_STATIC,false
compliance-tracker,route,/api/it-dr/[id]/backup-verifications,src/app/api/it-dr/[id]/backup-verifications/route.ts,23,[id],,false,false,false,false,false,,0,false,0,,,,,,false,false,false,false,POST,request.json,,,false,false,,,,false,DYNAMIC_SEGMENT_NO_GSP|NON_GET_METHOD|READS_REQUEST|NOT_FORCE_STATIC,,,,DYNAMIC_SEGMENT_NO_GSP|NON_GET_METHOD|READS_REQUEST|NOT_FORCE_STATIC,false
compliance-tracker,route,/api/it-dr/[id]/failover-tests,src/app/api/it-dr/[id]/failover-tests/route.ts,23,[id],,false,false,false,false,false,,0,false,0,,,,,,false,false,false,false,POST,request.json,,,false,false,,,,false,DYNAMIC_SEGMENT_NO_GSP|NON_GET_METHOD|READS_REQUEST|NOT_FORCE_STATIC,,,,DYNAMIC_SEGMENT_NO_GSP|NON_GET_METHOD|READS_REQUEST|NOT_FORCE_STATIC,false
compliance-tracker,route,/api/it-dr/[id],src/app/api/it-dr/[id]/route.ts,20,[id],,false,false,false,false,false,,0,false,0,,,,,,false,false,false,false,GET,,,,false,false,,,,false,DYNAMIC_SEGMENT_NO_GSP|NOT_FORCE_STATIC,,,,DYNAMIC_SEGMENT_NO_GSP|NOT_FORCE_STATIC,false
compliance-tracker,route,/api/it-dr,src/app/api/it-dr/route.ts,31,,,false,true,false,false,false,,0,false,0,,,,,,false,false,false,false,GET|POST,request.json,,,false,false,,,,false,NON_GET_METHOD|READS_REQUEST|NOT_FORCE_STATIC,,,,NON_GET_METHOD|READS_REQUEST|NOT_FORCE_STATIC,false
compliance-tracker,route,/api/join-code/preview,src/app/api/join-code/preview/route.ts,28,,,false,true,false,false,false,,0,false,0,,,,,,false,false,false,false,POST,request.headers|request.json|request passed to helper,,,false,false,,,,false,NON_GET_METHOD|READS_REQUEST|NOT_FORCE_STATIC,,,,NON_GET_METHOD|READS_REQUEST|NOT_FORCE_STATIC,false
compliance-tracker,route,/api/join-codes/[id],src/app/api/join-codes/[id]/route.ts,28,[id],,false,false,false,false,false,,0,false,0,,,,,,false,false,false,false,DELETE,,,,false,false,,,,false,DYNAMIC_SEGMENT_NO_GSP|NON_GET_METHOD|NOT_FORCE_STATIC,,,,DYNAMIC_SEGMENT_NO_GSP|NON_GET_METHOD|NOT_FORCE_STATIC,false
compliance-tracker,route,/api/join-codes,src/app/api/join-codes/route.ts,122,,,false,true,false,false,false,,0,false,0,,,,,,false,false,false,false,GET|POST,request.json,,,false,false,,,,false,NON_GET_METHOD|READS_REQUEST|NOT_FORCE_STATIC,,,,NON_GET_METHOD|READS_REQUEST|NOT_FORCE_STATIC,false
compliance-tracker,route,/api/knowledge-base/pages/[id],src/app/api/knowledge-base/pages/[id]/route.ts,26,[id],,false,false,false,false,false,,0,false,0,,,,,,false,false,false,false,PATCH,request.json,,,false,false,,,,false,DYNAMIC_SEGMENT_NO_GSP|NON_GET_METHOD|READS_REQUEST|NOT_FORCE_STATIC,,,,DYNAMIC_SEGMENT_NO_GSP|NON_GET_METHOD|READS_REQUEST|NOT_FORCE_STATIC,false
compliance-tracker,route,/api/knowledge-base/pages/by-slug,src/app/api/knowledge-base/pages/by-slug/route.ts,22,,,false,true,false,false,false,,0,false,0,,,,,,false,false,false,false,GET,request.nextUrl,,,false,false,,,,false,READS_REQUEST|NOT_FORCE_STATIC,,,,READS_REQUEST|NOT_FORCE_STATIC,false
compliance-tracker,route,/api/knowledge-base/pages,src/app/api/knowledge-base/pages/route.ts,38,,,false,true,false,false,false,,0,false,0,,,,,,false,false,false,false,GET|POST,request.json,,,false,false,,,,false,NON_GET_METHOD|READS_REQUEST|NOT_FORCE_STATIC,,,,NON_GET_METHOD|READS_REQUEST|NOT_FORCE_STATIC,false
compliance-tracker,route,/api/knowledge-base/pages/search,src/app/api/knowledge-base/pages/search/route.ts,20,,,false,true,false,false,false,,0,false,0,,,,,,false,false,false,false,GET,request.nextUrl,,,false,false,,,,false,READS_REQUEST|NOT_FORCE_STATIC,,,,READS_REQUEST|NOT_FORCE_STATIC,false
compliance-tracker,route,/api/kpi-hub,src/app/api/kpi-hub/route.ts,18,,,false,true,false,false,false,,0,false,0,,,,,,false,false,false,false,GET,,,,false,false,,,,false,NOT_FORCE_STATIC,,,,NOT_FORCE_STATIC,false
compliance-tracker,route,/api/leave-holiday,src/app/api/leave-holiday/route.ts,48,,,false,true,false,false,false,,0,false,0,,,,,,false,false,false,false,GET|POST,request.json,,,false,false,,,,false,NON_GET_METHOD|READS_REQUEST|NOT_FORCE_STATIC,,,,NON_GET_METHOD|READS_REQUEST|NOT_FORCE_STATIC,false
compliance-tracker,route,/api/legal-matters/[id]/arbitration,src/app/api/legal-matters/[id]/arbitration/route.ts,23,[id],,false,false,false,false,false,,0,false,0,,,,,,false,false,false,false,POST,request.json,,,false,false,,,,false,DYNAMIC_SEGMENT_NO_GSP|NON_GET_METHOD|READS_REQUEST|NOT_FORCE_STATIC,,,,DYNAMIC_SEGMENT_NO_GSP|NON_GET_METHOD|READS_REQUEST|NOT_FORCE_STATIC,false
compliance-tracker,route,/api/legal-matters/[id]/link,src/app/api/legal-matters/[id]/link/route.ts,25,[id],,false,false,false,false,false,,0,false,0,,,,,,false,false,false,false,POST,request.json,,,false,false,,,,false,DYNAMIC_SEGMENT_NO_GSP|NON_GET_METHOD|READS_REQUEST|NOT_FORCE_STATIC,,,,DYNAMIC_SEGMENT_NO_GSP|NON_GET_METHOD|READS_REQUEST|NOT_FORCE_STATIC,false
compliance-tracker,route,/api/legal-matters/[id],src/app/api/legal-matters/[id]/route.ts,40,[id],,false,false,false,false,false,,0,false,0,,,,,,false,false,false,false,GET|PATCH,request.json,,,false,false,,,,false,DYNAMIC_SEGMENT_NO_GSP|NON_GET_METHOD|READS_REQUEST|NOT_FORCE_STATIC,,,,DYNAMIC_SEGMENT_NO_GSP|NON_GET_METHOD|READS_REQUEST|NOT_FORCE_STATIC,false
compliance-tracker,route,/api/legal-matters/[id]/spend,src/app/api/legal-matters/[id]/spend/route.ts,23,[id],,false,false,false,false,false,,0,false,0,,,,,,false,false,false,false,POST,request.json,,,false,false,,,,false,DYNAMIC_SEGMENT_NO_GSP|NON_GET_METHOD|READS_REQUEST|NOT_FORCE_STATIC,,,,DYNAMIC_SEGMENT_NO_GSP|NON_GET_METHOD|READS_REQUEST|NOT_FORCE_STATIC,false
compliance-tracker,route,/api/legal-matters/arbitration/[arbitrationId],src/app/api/legal-matters/arbitration/[arbitrationId]/route.ts,24,[arbitrationId],,false,false,false,false,false,,0,false,0,,,,,,false,false,false,false,PATCH,request.json,,,false,false,,,,false,DYNAMIC_SEGMENT_NO_GSP|NON_GET_METHOD|READS_REQUEST|NOT_FORCE_STATIC,,,,DYNAMIC_SEGMENT_NO_GSP|NON_GET_METHOD|READS_REQUEST|NOT_FORCE_STATIC,false
compliance-tracker,route,/api/legal-matters,src/app/api/legal-matters/route.ts,39,,,false,true,false,false,false,,0,false,0,,,,,,false,false,false,false,GET|POST,request.json,,,false,false,,,,false,NON_GET_METHOD|READS_REQUEST|NOT_FORCE_STATIC,,,,NON_GET_METHOD|READS_REQUEST|NOT_FORCE_STATIC,false
compliance-tracker,route,/api/legal-opinions/[id]/generate,src/app/api/legal-opinions/[id]/generate/route.ts,24,[id],,false,false,false,false,false,,0,false,0,,,,,,false,false,false,false,POST,req.json,,,false,false,,,,false,DYNAMIC_SEGMENT_NO_GSP|NON_GET_METHOD|READS_REQUEST|NOT_FORCE_STATIC,,,,DYNAMIC_SEGMENT_NO_GSP|NON_GET_METHOD|READS_REQUEST|NOT_FORCE_STATIC,false
compliance-tracker,route,/api/legal-opinions/[id],src/app/api/legal-opinions/[id]/route.ts,17,[id],,false,false,false,false,false,,0,false,0,,,,,,false,false,false,false,GET,"NextRequest (typed, no member read detected)",,,false,false,,,,false,DYNAMIC_SEGMENT_NO_GSP|NOT_FORCE_STATIC,,,,DYNAMIC_SEGMENT_NO_GSP|NOT_FORCE_STATIC,false
compliance-tracker,route,/api/legal-opinions,src/app/api/legal-opinions/route.ts,33,,,false,true,false,false,false,,0,false,0,,,,,,false,false,false,false,GET|POST,request.json,,,false,false,,,,false,NON_GET_METHOD|READS_REQUEST|NOT_FORCE_STATIC,,,,NON_GET_METHOD|READS_REQUEST|NOT_FORCE_STATIC,false
compliance-tracker,route,/api/legal-vendors,src/app/api/legal-vendors/route.ts,36,,,false,true,false,false,false,,0,false,0,,,,,,false,false,false,false,GET|POST,request.json,,,false,false,,,,false,NON_GET_METHOD|READS_REQUEST|NOT_FORCE_STATIC,,,,NON_GET_METHOD|READS_REQUEST|NOT_FORCE_STATIC,false
compliance-tracker,route,/api/litigation/[id],src/app/api/litigation/[id]/route.ts,43,[id],,false,false,false,false,false,,0,false,0,,,,,,false,false,false,false,PATCH,request.json,,,false,false,,,,false,DYNAMIC_SEGMENT_NO_GSP|NON_GET_METHOD|READS_REQUEST|NOT_FORCE_STATIC,,,,DYNAMIC_SEGMENT_NO_GSP|NON_GET_METHOD|READS_REQUEST|NOT_FORCE_STATIC,false
compliance-tracker,route,/api/litigation,src/app/api/litigation/route.ts,39,,,false,true,false,false,false,,0,false,0,,,,,,false,false,false,false,GET|POST,request.json,,,false,false,,,,false,NON_GET_METHOD|READS_REQUEST|NOT_FORCE_STATIC,,,,NON_GET_METHOD|READS_REQUEST|NOT_FORCE_STATIC,false
compliance-tracker,route,/api/mca-filings/[id]/generate,src/app/api/mca-filings/[id]/generate/route.ts,24,[id],,false,false,false,false,false,,0,false,0,,,,,,false,false,false,false,POST,req.json,,,false,false,,,,false,DYNAMIC_SEGMENT_NO_GSP|NON_GET_METHOD|READS_REQUEST|NOT_FORCE_STATIC,,,,DYNAMIC_SEGMENT_NO_GSP|NON_GET_METHOD|READS_REQUEST|NOT_FORCE_STATIC,false
compliance-tracker,route,/api/mca-filings/[id],src/app/api/mca-filings/[id]/route.ts,17,[id],,false,false,false,false,false,,0,false,0,,,,,,false,false,false,false,GET,"NextRequest (typed, no member read detected)",,,false,false,,,,false,DYNAMIC_SEGMENT_NO_GSP|NOT_FORCE_STATIC,,,,DYNAMIC_SEGMENT_NO_GSP|NOT_FORCE_STATIC,false
compliance-tracker,route,/api/mca-filings,src/app/api/mca-filings/route.ts,37,,,false,true,false,false,false,,0,false,0,,,,,,false,false,false,false,GET|POST,request.json,,,false,false,,,,false,NON_GET_METHOD|READS_REQUEST|NOT_FORCE_STATIC,,,,NON_GET_METHOD|READS_REQUEST|NOT_FORCE_STATIC,false
compliance-tracker,route,/api/mcp/[token],src/app/api/mcp/[token]/route.ts,155,[token],,false,false,false,false,false,,0,false,0,,,,,,false,false,false,false,GET|POST,request.json,,,false,false,,,,false,DYNAMIC_SEGMENT_NO_GSP|NON_GET_METHOD|READS_REQUEST|NOT_FORCE_STATIC,,,,DYNAMIC_SEGMENT_NO_GSP|NON_GET_METHOD|READS_REQUEST|NOT_FORCE_STATIC,false
compliance-tracker,route,/api/mcp,src/app/api/mcp/route.ts,625,,,false,true,false,false,false,,0,false,0,force-dynamic,,nodejs,,,false,false,false,false,GET|POST,req.headers|req.json,,,false,false,,,,false,FORCE_DYNAMIC|NON_GET_METHOD|READS_REQUEST|NOT_FORCE_STATIC,,,,FORCE_DYNAMIC|NON_GET_METHOD|READS_REQUEST|NOT_FORCE_STATIC,false
compliance-tracker,route,/api/mcp/tokens,src/app/api/mcp/tokens/route.ts,89,,,false,true,false,false,false,,0,false,0,,,,,,false,false,false,false,GET|POST|DELETE,req.nextUrl,,,false,false,,,,false,NON_GET_METHOD|READS_REQUEST|NOT_FORCE_STATIC,,,,NON_GET_METHOD|READS_REQUEST|NOT_FORCE_STATIC,false
compliance-tracker,route,/api/mdm/duplicates/[id]/merge,src/app/api/mdm/duplicates/[id]/merge/route.ts,24,[id],,false,false,false,false,false,,0,false,0,,,,,,false,false,false,false,POST,request.json,,,false,false,,,,false,DYNAMIC_SEGMENT_NO_GSP|NON_GET_METHOD|READS_REQUEST|NOT_FORCE_STATIC,,,,DYNAMIC_SEGMENT_NO_GSP|NON_GET_METHOD|READS_REQUEST|NOT_FORCE_STATIC,false
compliance-tracker,route,/api/mdm/duplicates/[id]/review,src/app/api/mdm/duplicates/[id]/review/route.ts,26,[id],,false,false,false,false,false,,0,false,0,,,,,,false,false,false,false,PATCH,request.json,,,false,false,,,,false,DYNAMIC_SEGMENT_NO_GSP|NON_GET_METHOD|READS_REQUEST|NOT_FORCE_STATIC,,,,DYNAMIC_SEGMENT_NO_GSP|NON_GET_METHOD|READS_REQUEST|NOT_FORCE_STATIC,false
compliance-tracker,route,/api/mdm/duplicates,src/app/api/mdm/duplicates/route.ts,24,,,false,true,false,false,false,,0,false,0,,,,,,false,false,false,false,GET,request.url|new URL(request.url),,,false,false,,,,false,READS_REQUEST|NOT_FORCE_STATIC,,,,READS_REQUEST|NOT_FORCE_STATIC,false
compliance-tracker,route,/api/mdm/duplicates/scan,src/app/api/mdm/duplicates/scan/route.ts,23,,,false,true,false,false,false,,0,false,0,,,,,,false,false,false,false,POST,request.json,,,false,false,,,,false,NON_GET_METHOD|READS_REQUEST|NOT_FORCE_STATIC,,,,NON_GET_METHOD|READS_REQUEST|NOT_FORCE_STATIC,false
compliance-tracker,route,/api/mdm/quality-scores,src/app/api/mdm/quality-scores/route.ts,21,,,false,true,false,false,false,,0,false,0,,,,,,false,false,false,false,GET,request.url|new URL(request.url),,,false,false,,,,false,READS_REQUEST|NOT_FORCE_STATIC,,,,READS_REQUEST|NOT_FORCE_STATIC,false
compliance-tracker,route,/api/me/onboarding-stage,src/app/api/me/onboarding-stage/route.ts,54,,,false,true,false,false,false,,0,false,0,,,,,,false,false,false,false,PATCH,request.json,,,false,false,,,,false,NON_GET_METHOD|READS_REQUEST|NOT_FORCE_STATIC,,,,NON_GET_METHOD|READS_REQUEST|NOT_FORCE_STATIC,false
compliance-tracker,route,/api/me,src/app/api/me/route.ts,133,,,false,true,false,false,false,,0,false,0,,,,,,false,false,false,false,GET|PATCH,request.json,,,false,false,,,,false,NON_GET_METHOD|READS_REQUEST|NOT_FORCE_STATIC,,,,NON_GET_METHOD|READS_REQUEST|NOT_FORCE_STATIC,false
compliance-tracker,route,/api/metric-alert-rules/[id],src/app/api/metric-alert-rules/[id]/route.ts,46,[id],,false,false,false,false,false,,0,false,0,,,,,,false,false,false,false,PATCH|DELETE,request.json,,,false,false,,,,false,DYNAMIC_SEGMENT_NO_GSP|NON_GET_METHOD|READS_REQUEST|NOT_FORCE_STATIC,,,,DYNAMIC_SEGMENT_NO_GSP|NON_GET_METHOD|READS_REQUEST|NOT_FORCE_STATIC,false
compliance-tracker,route,/api/metric-alert-rules,src/app/api/metric-alert-rules/route.ts,41,,,false,true,false,false,false,,0,false,0,,,,,,false,false,false,false,GET|POST,request.json,,,false,false,,,,false,NON_GET_METHOD|READS_REQUEST|NOT_FORCE_STATIC,,,,NON_GET_METHOD|READS_REQUEST|NOT_FORCE_STATIC,false
compliance-tracker,route,/api/notices/[id]/dispatches,src/app/api/notices/[id]/dispatches/route.ts,103,[id],,false,false,false,false,false,,0,false,0,,,,,,false,false,false,false,GET|POST,request.json|request passed to helper,,,false,false,,,,false,DYNAMIC_SEGMENT_NO_GSP|NON_GET_METHOD|READS_REQUEST|NOT_FORCE_STATIC,,,,DYNAMIC_SEGMENT_NO_GSP|NON_GET_METHOD|READS_REQUEST|NOT_FORCE_STATIC,false
compliance-tracker,route,/api/notices/[id],src/app/api/notices/[id]/route.ts,67,[id],,false,false,false,false,false,,0,false,0,,,,,,false,false,false,false,GET|PATCH|DELETE,request.json|request passed to helper,,,false,false,,,,false,DYNAMIC_SEGMENT_NO_GSP|NON_GET_METHOD|READS_REQUEST|NOT_FORCE_STATIC,,,,DYNAMIC_SEGMENT_NO_GSP|NON_GET_METHOD|READS_REQUEST|NOT_FORCE_STATIC,false
compliance-tracker,route,/api/notices,src/app/api/notices/route.ts,47,,,false,true,false,false,false,,0,false,0,,,,,,false,false,false,false,GET|POST,request.nextUrl|request.json|request passed to helper,,,false,false,,,,false,NON_GET_METHOD|READS_REQUEST|NOT_FORCE_STATIC,,,,NON_GET_METHOD|READS_REQUEST|NOT_FORCE_STATIC,false
compliance-tracker,route,/api/notices/stats,src/app/api/notices/stats/route.ts,20,,,false,true,false,false,false,,0,false,0,,,,,,false,false,false,false,GET,request passed to helper,,,false,false,,,,false,READS_REQUEST|NOT_FORCE_STATIC,,,,READS_REQUEST|NOT_FORCE_STATIC,false
compliance-tracker,route,/api/notifications/[id]/read,src/app/api/notifications/[id]/read/route.ts,36,[id],,false,false,false,false,false,,0,false,0,,,,,,false,false,false,false,PATCH,"NextRequest (typed, no member read detected)",,,false,false,,,,false,DYNAMIC_SEGMENT_NO_GSP|NON_GET_METHOD|NOT_FORCE_STATIC,,,,DYNAMIC_SEGMENT_NO_GSP|NON_GET_METHOD|NOT_FORCE_STATIC,false
compliance-tracker,route,/api/notifications,src/app/api/notifications/route.ts,43,,,false,true,false,false,false,,0,false,0,,,,,,false,false,false,false,GET,,,,false,false,,,,false,NOT_FORCE_STATIC,,,,NOT_FORCE_STATIC,false
compliance-tracker,route,/api/orchestra/ai-reduction-trend,src/app/api/orchestra/ai-reduction-trend/route.ts,26,,,false,true,false,false,false,,0,false,0,,,,,,false,false,false,false,GET,request.nextUrl,,,false,false,,,,false,READS_REQUEST|NOT_FORCE_STATIC,,,,READS_REQUEST|NOT_FORCE_STATIC,false
compliance-tracker,route,/api/orchestra/analytics,src/app/api/orchestra/analytics/route.ts,21,,,false,true,false,false,false,,0,false,0,,,,,,false,false,false,false,GET,request.nextUrl,,,false,false,,,,false,READS_REQUEST|NOT_FORCE_STATIC,,,,READS_REQUEST|NOT_FORCE_STATIC,false
compliance-tracker,route,/api/orchestra/executions/[id],src/app/api/orchestra/executions/[id]/route.ts,25,[id],,false,false,false,false,false,,0,false,0,,,,,,false,false,false,false,GET,"NextRequest (typed, no member read detected)",,,false,false,,,,false,DYNAMIC_SEGMENT_NO_GSP|NOT_FORCE_STATIC,,,,DYNAMIC_SEGMENT_NO_GSP|NOT_FORCE_STATIC,false
compliance-tracker,route,/api/orchestra/routing-accuracy,src/app/api/orchestra/routing-accuracy/route.ts,28,,,false,true,false,false,false,,0,false,0,,,,,,false,false,false,false,GET,request.nextUrl,,,false,false,,,,false,READS_REQUEST|NOT_FORCE_STATIC,,,,READS_REQUEST|NOT_FORCE_STATIC,false
compliance-tracker,route,/api/orchestra/traces/[id],src/app/api/orchestra/traces/[id]/route.ts,22,[id],,false,false,false,false,false,,0,false,0,,,,,,false,false,false,false,GET,"NextRequest (typed, no member read detected)",,,false,false,,,,false,DYNAMIC_SEGMENT_NO_GSP|NOT_FORCE_STATIC,,,,DYNAMIC_SEGMENT_NO_GSP|NOT_FORCE_STATIC,false
compliance-tracker,route,/api/orchestra/traces,src/app/api/orchestra/traces/route.ts,30,,,false,true,false,false,false,,0,false,0,,,,,,false,false,false,false,GET,request.nextUrl,,,false,false,,,,false,READS_REQUEST|NOT_FORCE_STATIC,,,,READS_REQUEST|NOT_FORCE_STATIC,false
compliance-tracker,route,/api/partner/[token],src/app/api/partner/[token]/route.ts,23,[token],,false,false,false,false,false,,0,false,0,,,,,,false,false,false,false,GET,"NextRequest (typed, no member read detected)",,,false,false,,,,false,DYNAMIC_SEGMENT_NO_GSP|NOT_FORCE_STATIC,,,,DYNAMIC_SEGMENT_NO_GSP|NOT_FORCE_STATIC,false
compliance-tracker,route,/api/performance-reviews/cycles/[id]/activate,src/app/api/performance-reviews/cycles/[id]/activate/route.ts,24,[id],,false,false,false,false,false,,0,false,0,,,,,,false,false,false,false,POST,"NextRequest (typed, no member read detected)",,,false,false,,,,false,DYNAMIC_SEGMENT_NO_GSP|NON_GET_METHOD|NOT_FORCE_STATIC,,,,DYNAMIC_SEGMENT_NO_GSP|NON_GET_METHOD|NOT_FORCE_STATIC,false
compliance-tracker,route,/api/performance-reviews/cycles/[id]/close,src/app/api/performance-reviews/cycles/[id]/close/route.ts,24,[id],,false,false,false,false,false,,0,false,0,,,,,,false,false,false,false,POST,"NextRequest (typed, no member read detected)",,,false,false,,,,false,DYNAMIC_SEGMENT_NO_GSP|NON_GET_METHOD|NOT_FORCE_STATIC,,,,DYNAMIC_SEGMENT_NO_GSP|NON_GET_METHOD|NOT_FORCE_STATIC,false
compliance-tracker,route,/api/performance-reviews/cycles,src/app/api/performance-reviews/cycles/route.ts,37,,,false,true,false,false,false,,0,false,0,,,,,,false,false,false,false,GET|POST,request.json,,,false,false,,,,false,NON_GET_METHOD|READS_REQUEST|NOT_FORCE_STATIC,,,,NON_GET_METHOD|READS_REQUEST|NOT_FORCE_STATIC,false
compliance-tracker,route,/api/performance-reviews/reviews/[id]/acknowledge,src/app/api/performance-reviews/reviews/[id]/acknowledge/route.ts,25,[id],,false,false,false,false,false,,0,false,0,,,,,,false,false,false,false,POST,"NextRequest (typed, no member read detected)",,,false,false,,,,false,DYNAMIC_SEGMENT_NO_GSP|NON_GET_METHOD|NOT_FORCE_STATIC,,,,DYNAMIC_SEGMENT_NO_GSP|NON_GET_METHOD|NOT_FORCE_STATIC,false
compliance-tracker,route,/api/performance-reviews/reviews/[id]/goals/[goalId],src/app/api/performance-reviews/reviews/[id]/goals/[goalId]/route.ts,25,[id]|[goalId],,false,false,false,false,false,,0,false,0,,,,,,false,false,false,false,PATCH,request.json,,,false,false,,,,false,DYNAMIC_SEGMENT_NO_GSP|NON_GET_METHOD|READS_REQUEST|NOT_FORCE_STATIC,,,,DYNAMIC_SEGMENT_NO_GSP|NON_GET_METHOD|READS_REQUEST|NOT_FORCE_STATIC,false
compliance-tracker,route,/api/performance-reviews/reviews/[id]/goals,src/app/api/performance-reviews/reviews/[id]/goals/route.ts,42,[id],,false,false,false,false,false,,0,false,0,,,,,,false,false,false,false,GET|POST,request.json,,,false,false,,,,false,DYNAMIC_SEGMENT_NO_GSP|NON_GET_METHOD|READS_REQUEST|NOT_FORCE_STATIC,,,,DYNAMIC_SEGMENT_NO_GSP|NON_GET_METHOD|READS_REQUEST|NOT_FORCE_STATIC,false
compliance-tracker,route,/api/performance-reviews/reviews/[id]/raters/[raterId],src/app/api/performance-reviews/reviews/[id]/raters/[raterId]/route.ts,33,[id]|[raterId],,false,false,false,false,false,,0,false,0,,,,,,false,false,false,false,PATCH,request.json,,,false,false,,,,false,DYNAMIC_SEGMENT_NO_GSP|NON_GET_METHOD|READS_REQUEST|NOT_FORCE_STATIC,,,,DYNAMIC_SEGMENT_NO_GSP|NON_GET_METHOD|READS_REQUEST|NOT_FORCE_STATIC,false
compliance-tracker,route,/api/performance-reviews/reviews/[id]/raters,src/app/api/performance-reviews/reviews/[id]/raters/route.ts,42,[id],,false,false,false,false,false,,0,false,0,,,,,,false,false,false,false,GET|POST,request.json,,,false,false,,,,false,DYNAMIC_SEGMENT_NO_GSP|NON_GET_METHOD|READS_REQUEST|NOT_FORCE_STATIC,,,,DYNAMIC_SEGMENT_NO_GSP|NON_GET_METHOD|READS_REQUEST|NOT_FORCE_STATIC,false
compliance-tracker,route,/api/performance-reviews/reviews/[id],src/app/api/performance-reviews/reviews/[id]/route.ts,26,[id],,false,false,false,false,false,,0,false,0,,,,,,false,false,false,false,PATCH,request.json,,,false,false,,,,false,DYNAMIC_SEGMENT_NO_GSP|NON_GET_METHOD|READS_REQUEST|NOT_FORCE_STATIC,,,,DYNAMIC_SEGMENT_NO_GSP|NON_GET_METHOD|READS_REQUEST|NOT_FORCE_STATIC,false
compliance-tracker,route,/api/performance-reviews/reviews/[id]/submit,src/app/api/performance-reviews/reviews/[id]/submit/route.ts,25,[id],,false,false,false,false,false,,0,false,0,,,,,,false,false,false,false,POST,"NextRequest (typed, no member read detected)",,,false,false,,,,false,DYNAMIC_SEGMENT_NO_GSP|NON_GET_METHOD|NOT_FORCE_STATIC,,,,DYNAMIC_SEGMENT_NO_GSP|NON_GET_METHOD|NOT_FORCE_STATIC,false
compliance-tracker,route,/api/performance-reviews/reviews,src/app/api/performance-reviews/reviews/route.ts,41,,,false,true,false,false,false,,0,false,0,,,,,,false,false,false,false,GET|POST,request.url|request.json|new URL(request.url),,,false,false,,,,false,NON_GET_METHOD|READS_REQUEST|NOT_FORCE_STATIC,,,,NON_GET_METHOD|READS_REQUEST|NOT_FORCE_STATIC,false
compliance-tracker,route,/api/pms/billable-rates,src/app/api/pms/billable-rates/route.ts,40,,,false,true,false,false,false,,0,false,0,,,,,,false,false,false,false,GET|POST,request.json,,,false,false,,,,false,NON_GET_METHOD|READS_REQUEST|NOT_FORCE_STATIC,,,,NON_GET_METHOD|READS_REQUEST|NOT_FORCE_STATIC,false
compliance-tracker,route,/api/pms/budgets/[id]/line-items,src/app/api/pms/budgets/[id]/line-items/route.ts,28,[id],,false,false,false,false,false,,0,false,0,,,,,,false,false,false,false,POST,request.json,,,false,false,,,,false,DYNAMIC_SEGMENT_NO_GSP|NON_GET_METHOD|READS_REQUEST|NOT_FORCE_STATIC,,,,DYNAMIC_SEGMENT_NO_GSP|NON_GET_METHOD|READS_REQUEST|NOT_FORCE_STATIC,false
compliance-tracker,route,/api/pms/budgets/[id],src/app/api/pms/budgets/[id]/route.ts,27,[id],,false,false,false,false,false,,0,false,0,,,,,,false,false,false,false,GET,"NextRequest (typed, no member read detected)",,,false,false,,,,false,DYNAMIC_SEGMENT_NO_GSP|NOT_FORCE_STATIC,,,,DYNAMIC_SEGMENT_NO_GSP|NOT_FORCE_STATIC,false
compliance-tracker,route,/api/pms/budgets,src/app/api/pms/budgets/route.ts,45,,,false,true,false,false,false,,0,false,0,,,,,,false,false,false,false,GET|POST,request.nextUrl|request.json,,,false,false,,,,false,NON_GET_METHOD|READS_REQUEST|NOT_FORCE_STATIC,,,,NON_GET_METHOD|READS_REQUEST|NOT_FORCE_STATIC,false
compliance-tracker,route,/api/pms/enablement,src/app/api/pms/enablement/route.ts,49,,,false,true,false,false,false,,0,false,0,,,,,,false,false,false,false,GET|POST|DELETE,"NextRequest (typed, no member read detected)",,,false,false,,,,false,NON_GET_METHOD|NOT_FORCE_STATIC,,,,NON_GET_METHOD|NOT_FORCE_STATIC,false
compliance-tracker,route,/api/pms/estimate-schemes,src/app/api/pms/estimate-schemes/route.ts,45,,,false,true,false,false,false,,0,false,0,,,,,,false,false,false,false,GET|POST,request.nextUrl|request.json,,,false,false,,,,false,NON_GET_METHOD|READS_REQUEST|NOT_FORCE_STATIC,,,,NON_GET_METHOD|READS_REQUEST|NOT_FORCE_STATIC,false
compliance-tracker,route,/api/pms/invoices/generate,src/app/api/pms/invoices/generate/route.ts,42,,,false,true,false,false,false,,0,false,0,,,,,,false,false,false,false,POST,request.json,,,false,false,,,,false,NON_GET_METHOD|READS_REQUEST|NOT_FORCE_STATIC,,,,NON_GET_METHOD|READS_REQUEST|NOT_FORCE_STATIC,false
compliance-tracker,route,/api/pms/issue-statuses,src/app/api/pms/issue-statuses/route.ts,42,,,false,true,false,false,false,,0,false,0,,,,,,false,false,false,false,GET|POST,request.nextUrl|request.json,,,false,false,,,,false,NON_GET_METHOD|READS_REQUEST|NOT_FORCE_STATIC,,,,NON_GET_METHOD|READS_REQUEST|NOT_FORCE_STATIC,false
compliance-tracker,route,/api/pms/issue-types,src/app/api/pms/issue-types/route.ts,38,,,false,true,false,false,false,,0,false,0,,,,,,false,false,false,false,GET|POST,request.json,,,false,false,,,,false,NON_GET_METHOD|READS_REQUEST|NOT_FORCE_STATIC,,,,NON_GET_METHOD|READS_REQUEST|NOT_FORCE_STATIC,false
compliance-tracker,route,/api/pms/issues/[id]/relations,src/app/api/pms/issues/[id]/relations/route.ts,45,[id],,false,false,false,false,false,,0,false,0,,,,,,false,false,false,false,GET|POST,request.json,,,false,false,,,,false,DYNAMIC_SEGMENT_NO_GSP|NON_GET_METHOD|READS_REQUEST|NOT_FORCE_STATIC,,,,DYNAMIC_SEGMENT_NO_GSP|NON_GET_METHOD|READS_REQUEST|NOT_FORCE_STATIC,false
compliance-tracker,route,/api/pms/issues/[id],src/app/api/pms/issues/[id]/route.ts,45,[id],,false,false,false,false,false,,0,false,0,,,,,,false,false,false,false,GET|PATCH,request.json,,,false,false,,,,false,DYNAMIC_SEGMENT_NO_GSP|NON_GET_METHOD|READS_REQUEST|NOT_FORCE_STATIC,,,,DYNAMIC_SEGMENT_NO_GSP|NON_GET_METHOD|READS_REQUEST|NOT_FORCE_STATIC,false
compliance-tracker,route,/api/pms/issues,src/app/api/pms/issues/route.ts,51,,,false,true,false,false,false,,0,false,0,,,,,,false,false,false,false,GET|POST,request.nextUrl|request.json,,,false,false,,,,false,NON_GET_METHOD|READS_REQUEST|NOT_FORCE_STATIC,,,,NON_GET_METHOD|READS_REQUEST|NOT_FORCE_STATIC,false
compliance-tracker,route,/api/pms/labels,src/app/api/pms/labels/route.ts,45,,,false,true,false,false,false,,0,false,0,,,,,,false,false,false,false,GET|POST,request.nextUrl|request.json,,,false,false,,,,false,NON_GET_METHOD|READS_REQUEST|NOT_FORCE_STATIC,,,,NON_GET_METHOD|READS_REQUEST|NOT_FORCE_STATIC,false
compliance-tracker,route,/api/pms/meetings/[id]/outcomes,src/app/api/pms/meetings/[id]/outcomes/route.ts,28,[id],,false,false,false,false,false,,0,false,0,,,,,,false,false,false,false,POST,request.json,,,false,false,,,,false,DYNAMIC_SEGMENT_NO_GSP|NON_GET_METHOD|READS_REQUEST|NOT_FORCE_STATIC,,,,DYNAMIC_SEGMENT_NO_GSP|NON_GET_METHOD|READS_REQUEST|NOT_FORCE_STATIC,false
compliance-tracker,route,/api/pms/meetings/[id],src/app/api/pms/meetings/[id]/route.ts,24,[id],,false,false,false,false,false,,0,false,0,,,,,,false,false,false,false,GET,"NextRequest (typed, no member read detected)",,,false,false,,,,false,DYNAMIC_SEGMENT_NO_GSP|NOT_FORCE_STATIC,,,,DYNAMIC_SEGMENT_NO_GSP|NOT_FORCE_STATIC,false
compliance-tracker,route,/api/pms/meetings,src/app/api/pms/meetings/route.ts,45,,,false,true,false,false,false,,0,false,0,,,,,,false,false,false,false,GET|POST,request.nextUrl|request.json,,,false,false,,,,false,NON_GET_METHOD|READS_REQUEST|NOT_FORCE_STATIC,,,,NON_GET_METHOD|READS_REQUEST|NOT_FORCE_STATIC,false
compliance-tracker,route,/api/pms/milestones,src/app/api/pms/milestones/route.ts,45,,,false,true,false,false,false,,0,false,0,,,,,,false,false,false,false,GET|POST,request.nextUrl|request.json,,,false,false,,,,false,NON_GET_METHOD|READS_REQUEST|NOT_FORCE_STATIC,,,,NON_GET_METHOD|READS_REQUEST|NOT_FORCE_STATIC,false
compliance-tracker,route,/api/pms/saved-views/[id],src/app/api/pms/saved-views/[id]/route.ts,42,[id],,false,false,false,false,false,,0,false,0,,,,,,false,false,false,false,PATCH|DELETE,request.json,,,false,false,,,,false,DYNAMIC_SEGMENT_NO_GSP|NON_GET_METHOD|READS_REQUEST|NOT_FORCE_STATIC,,,,DYNAMIC_SEGMENT_NO_GSP|NON_GET_METHOD|READS_REQUEST|NOT_FORCE_STATIC,false
compliance-tracker,route,/api/pms/saved-views,src/app/api/pms/saved-views/route.ts,40,,,false,true,false,false,false,,0,false,0,,,,,,false,false,false,false,GET|POST,request.nextUrl|request.json,,,false,false,,,,false,NON_GET_METHOD|READS_REQUEST|NOT_FORCE_STATIC,,,,NON_GET_METHOD|READS_REQUEST|NOT_FORCE_STATIC,false
compliance-tracker,route,/api/pms/schedule/baselines/[id],src/app/api/pms/schedule/baselines/[id]/route.ts,24,[id],,false,false,false,false,false,,0,false,0,,,,,,false,false,false,false,GET,request passed to helper,,,false,false,,,,false,DYNAMIC_SEGMENT_NO_GSP|READS_REQUEST|NOT_FORCE_STATIC,,,,DYNAMIC_SEGMENT_NO_GSP|READS_REQUEST|NOT_FORCE_STATIC,false
compliance-tracker,route,/api/pms/schedule/baselines,src/app/api/pms/schedule/baselines/route.ts,45,,,false,true,false,false,false,,0,false,0,,,,,,false,false,false,false,GET|POST,request.nextUrl|request.json|request passed to helper,,,false,false,,,,false,NON_GET_METHOD|READS_REQUEST|NOT_FORCE_STATIC,,,,NON_GET_METHOD|READS_REQUEST|NOT_FORCE_STATIC,false
compliance-tracker,route,/api/pms/schedule/gantt,src/app/api/pms/schedule/gantt/route.ts,24,,,false,true,false,false,false,,0,false,0,,,,,,false,false,false,false,GET,request.nextUrl|request passed to helper,,,false,false,,,,false,READS_REQUEST|NOT_FORCE_STATIC,,,,READS_REQUEST|NOT_FORCE_STATIC,false
compliance-tracker,route,/api/pms/schedule/resource-allocations,src/app/api/pms/schedule/resource-allocations/route.ts,56,,,false,true,false,false,false,,0,false,0,,,,,,false,false,false,false,GET|POST,request.nextUrl|request.json|request passed to helper,,,false,false,,,,false,NON_GET_METHOD|READS_REQUEST|NOT_FORCE_STATIC,,,,NON_GET_METHOD|READS_REQUEST|NOT_FORCE_STATIC,false
compliance-tracker,route,/api/pms/schedule/resource-conflicts,src/app/api/pms/schedule/resource-conflicts/route.ts,32,,,false,true,false,false,false,,0,false,0,,,,,,false,false,false,false,GET,request.nextUrl|request passed to helper,,,false,false,,,,false,READS_REQUEST|NOT_FORCE_STATIC,,,,READS_REQUEST|NOT_FORCE_STATIC,false
compliance-tracker,route,/api/pms/sprints/[id]/issues,src/app/api/pms/sprints/[id]/issues/route.ts,69,[id],,false,false,false,false,false,,0,false,0,,,,,,false,false,false,false,GET|POST|DELETE,request.json|request.nextUrl,,,false,false,,,,false,DYNAMIC_SEGMENT_NO_GSP|NON_GET_METHOD|READS_REQUEST|NOT_FORCE_STATIC,,,,DYNAMIC_SEGMENT_NO_GSP|NON_GET_METHOD|READS_REQUEST|NOT_FORCE_STATIC,false
compliance-tracker,route,/api/pms/sprints/[id],src/app/api/pms/sprints/[id]/route.ts,28,[id],,false,false,false,false,false,,0,false,0,,,,,,false,false,false,false,PATCH,request.json,,,false,false,,,,false,DYNAMIC_SEGMENT_NO_GSP|NON_GET_METHOD|READS_REQUEST|NOT_FORCE_STATIC,,,,DYNAMIC_SEGMENT_NO_GSP|NON_GET_METHOD|READS_REQUEST|NOT_FORCE_STATIC,false
compliance-tracker,route,/api/pms/sprints,src/app/api/pms/sprints/route.ts,45,,,false,true,false,false,false,,0,false,0,,,,,,false,false,false,false,GET|POST,request.nextUrl|request.json,,,false,false,,,,false,NON_GET_METHOD|READS_REQUEST|NOT_FORCE_STATIC,,,,NON_GET_METHOD|READS_REQUEST|NOT_FORCE_STATIC,false
compliance-tracker,route,/api/pms/time-entries/[id]/approve,src/app/api/pms/time-entries/[id]/approve/route.ts,24,[id],,false,false,false,false,false,,0,false,0,,,,,,false,false,false,false,POST,,,,false,false,,,,false,DYNAMIC_SEGMENT_NO_GSP|NON_GET_METHOD|NOT_FORCE_STATIC,,,,DYNAMIC_SEGMENT_NO_GSP|NON_GET_METHOD|NOT_FORCE_STATIC,false
compliance-tracker,route,/api/pms/time-entries/[id]/reject,src/app/api/pms/time-entries/[id]/reject/route.ts,25,[id],,false,false,false,false,false,,0,false,0,,,,,,false,false,false,false,POST,request.json,,,false,false,,,,false,DYNAMIC_SEGMENT_NO_GSP|NON_GET_METHOD|READS_REQUEST|NOT_FORCE_STATIC,,,,DYNAMIC_SEGMENT_NO_GSP|NON_GET_METHOD|READS_REQUEST|NOT_FORCE_STATIC,false
compliance-tracker,route,/api/pms/time-entries/[id],src/app/api/pms/time-entries/[id]/route.ts,24,[id],,false,false,false,false,false,,0,false,0,,,,,,false,false,false,false,DELETE,"NextRequest (typed, no member read detected)",,,false,false,,,,false,DYNAMIC_SEGMENT_NO_GSP|NON_GET_METHOD|NOT_FORCE_STATIC,,,,DYNAMIC_SEGMENT_NO_GSP|NON_GET_METHOD|NOT_FORCE_STATIC,false
compliance-tracker,route,/api/pms/time-entries/[id]/submit,src/app/api/pms/time-entries/[id]/submit/route.ts,22,[id],,false,false,false,false,false,,0,false,0,,,,,,false,false,false,false,POST,,,,false,false,,,,false,DYNAMIC_SEGMENT_NO_GSP|NON_GET_METHOD|NOT_FORCE_STATIC,,,,DYNAMIC_SEGMENT_NO_GSP|NON_GET_METHOD|NOT_FORCE_STATIC,false
compliance-tracker,route,/api/pms/time-entries,src/app/api/pms/time-entries/route.ts,45,,,false,true,false,false,false,,0,false,0,,,,,,false,false,false,false,GET|POST,request.nextUrl|request.json,,,false,false,,,,false,NON_GET_METHOD|READS_REQUEST|NOT_FORCE_STATIC,,,,NON_GET_METHOD|READS_REQUEST|NOT_FORCE_STATIC,false
compliance-tracker,route,/api/pms/wiki/[id],src/app/api/pms/wiki/[id]/route.ts,28,[id],,false,false,false,false,false,,0,false,0,,,,,,false,false,false,false,PATCH,request.json,,,false,false,,,,false,DYNAMIC_SEGMENT_NO_GSP|NON_GET_METHOD|READS_REQUEST|NOT_FORCE_STATIC,,,,DYNAMIC_SEGMENT_NO_GSP|NON_GET_METHOD|READS_REQUEST|NOT_FORCE_STATIC,false
compliance-tracker,route,/api/pms/wiki/by-slug,src/app/api/pms/wiki/by-slug/route.ts,25,,,false,true,false,false,false,,0,false,0,,,,,,false,false,false,false,GET,request.nextUrl,,,false,false,,,,false,READS_REQUEST|NOT_FORCE_STATIC,,,,READS_REQUEST|NOT_FORCE_STATIC,false
compliance-tracker,route,/api/pms/wiki,src/app/api/pms/wiki/route.ts,45,,,false,true,false,false,false,,0,false,0,,,,,,false,false,false,false,GET|POST,request.nextUrl|request.json,,,false,false,,,,false,NON_GET_METHOD|READS_REQUEST|NOT_FORCE_STATIC,,,,NON_GET_METHOD|READS_REQUEST|NOT_FORCE_STATIC,false
compliance-tracker,route,/api/pms/workflow-transitions,src/app/api/pms/workflow-transitions/route.ts,43,,,false,true,false,false,false,,0,false,0,,,,,,false,false,false,false,GET|POST,request.nextUrl|request.json,,,false,false,,,,false,NON_GET_METHOD|READS_REQUEST|NOT_FORCE_STATIC,,,,NON_GET_METHOD|READS_REQUEST|NOT_FORCE_STATIC,false
compliance-tracker,route,/api/policies/[id],src/app/api/policies/[id]/route.ts,31,[id],,false,false,false,false,false,,0,false,0,,,,,,false,false,false,false,PATCH,request.json,,,false,false,,,,false,DYNAMIC_SEGMENT_NO_GSP|NON_GET_METHOD|READS_REQUEST|NOT_FORCE_STATIC,,,,DYNAMIC_SEGMENT_NO_GSP|NON_GET_METHOD|READS_REQUEST|NOT_FORCE_STATIC,false
compliance-tracker,route,/api/policies,src/app/api/policies/route.ts,33,,,false,true,false,false,false,,0,false,0,,,,,,false,false,false,false,GET|POST,request.json,,,false,false,,,,false,NON_GET_METHOD|READS_REQUEST|NOT_FORCE_STATIC,,,,NON_GET_METHOD|READS_REQUEST|NOT_FORCE_STATIC,false
compliance-tracker,route,/api/posh,src/app/api/posh/route.ts,68,,,false,true,false,false,false,,0,false,0,,,,,,false,false,false,false,GET|POST,"NextRequest (typed, no member read detected)",,,false,false,,,,false,NON_GET_METHOD|NOT_FORCE_STATIC,,,,NON_GET_METHOD|NOT_FORCE_STATIC,false
compliance-tracker,route,/api/problem-records/[id],src/app/api/problem-records/[id]/route.ts,26,[id],,false,false,false,false,false,,0,false,0,,,,,,false,false,false,false,PATCH,request.json,,,false,false,,,,false,DYNAMIC_SEGMENT_NO_GSP|NON_GET_METHOD|READS_REQUEST|NOT_FORCE_STATIC,,,,DYNAMIC_SEGMENT_NO_GSP|NON_GET_METHOD|READS_REQUEST|NOT_FORCE_STATIC,false
compliance-tracker,route,/api/problem-records/[id]/tickets,src/app/api/problem-records/[id]/tickets/route.ts,47,[id],,false,false,false,false,false,,0,false,0,,,,,,false,false,false,false,GET|POST,request.json,,,false,false,,,,false,DYNAMIC_SEGMENT_NO_GSP|NON_GET_METHOD|READS_REQUEST|NOT_FORCE_STATIC,,,,DYNAMIC_SEGMENT_NO_GSP|NON_GET_METHOD|READS_REQUEST|NOT_FORCE_STATIC,false
compliance-tracker,route,/api/problem-records,src/app/api/problem-records/route.ts,38,,,false,true,false,false,false,,0,false,0,,,,,,false,false,false,false,GET|POST,request.json,,,false,false,,,,false,NON_GET_METHOD|READS_REQUEST|NOT_FORCE_STATIC,,,,NON_GET_METHOD|READS_REQUEST|NOT_FORCE_STATIC,false
compliance-tracker,route,/api/products/[id]/projects,src/app/api/products/[id]/projects/route.ts,44,[id],,false,false,false,false,false,,0,false,0,,,,,,false,false,false,false,GET|POST,request.json,,,false,false,,,,false,DYNAMIC_SEGMENT_NO_GSP|NON_GET_METHOD|READS_REQUEST|NOT_FORCE_STATIC,,,,DYNAMIC_SEGMENT_NO_GSP|NON_GET_METHOD|READS_REQUEST|NOT_FORCE_STATIC,false
compliance-tracker,route,/api/products,src/app/api/products/route.ts,40,,,false,true,false,false,false,,0,false,0,,,,,,false,false,false,false,GET|POST,request.json,,,false,false,,,,false,NON_GET_METHOD|READS_REQUEST|NOT_FORCE_STATIC,,,,NON_GET_METHOD|READS_REQUEST|NOT_FORCE_STATIC,false
compliance-tracker,route,/api/projects/[id],src/app/api/projects/[id]/route.ts,37,[id],,false,false,false,false,false,,0,false,0,,,,,,false,false,false,false,GET,"NextRequest (typed, no member read detected)",,,false,false,,,,false,DYNAMIC_SEGMENT_NO_GSP|NOT_FORCE_STATIC,,,,DYNAMIC_SEGMENT_NO_GSP|NOT_FORCE_STATIC,false
compliance-tracker,route,/api/projects,src/app/api/projects/route.ts,49,,,false,true,false,false,false,,0,false,0,,,,,,false,false,false,false,GET|POST,request.json,,,false,false,,,,false,NON_GET_METHOD|READS_REQUEST|NOT_FORCE_STATIC,,,,NON_GET_METHOD|READS_REQUEST|NOT_FORCE_STATIC,false
compliance-tracker,route,/api/prompt-compiler/execute,src/app/api/prompt-compiler/execute/route.ts,119,,,false,true,false,false,false,,0,false,0,,,,,,false,false,false,false,POST,request.json,,,false,false,,,,false,NON_GET_METHOD|READS_REQUEST|NOT_FORCE_STATIC,,,,NON_GET_METHOD|READS_REQUEST|NOT_FORCE_STATIC,false
compliance-tracker,route,/api/prompt-eval/cases/[id]/run,src/app/api/prompt-eval/cases/[id]/run/route.ts,29,[id],,false,false,false,false,false,,0,false,0,,,,,,false,false,false,false,POST,request.json,,,false,false,,,,false,DYNAMIC_SEGMENT_NO_GSP|NON_GET_METHOD|READS_REQUEST|NOT_FORCE_STATIC,,,,DYNAMIC_SEGMENT_NO_GSP|NON_GET_METHOD|READS_REQUEST|NOT_FORCE_STATIC,false
compliance-tracker,route,/api/prompt-eval/cases/[id]/runs,src/app/api/prompt-eval/cases/[id]/runs/route.ts,19,[id],,false,false,false,false,false,,0,false,0,,,,,,false,false,false,false,GET,,,,false,false,,,,false,DYNAMIC_SEGMENT_NO_GSP|NOT_FORCE_STATIC,,,,DYNAMIC_SEGMENT_NO_GSP|NOT_FORCE_STATIC,false
compliance-tracker,route,/api/prompt-eval/cases,src/app/api/prompt-eval/cases/route.ts,35,,,false,true,false,false,false,,0,false,0,,,,,,false,false,false,false,GET|POST,request.nextUrl|request.json,,,false,false,,,,false,NON_GET_METHOD|READS_REQUEST|NOT_FORCE_STATIC,,,,NON_GET_METHOD|READS_REQUEST|NOT_FORCE_STATIC,false
compliance-tracker,route,/api/prompt-marketplace,src/app/api/prompt-marketplace/route.ts,37,,,false,true,false,false,false,,0,false,0,,,,,,false,false,false,false,GET|POST,request.json,,,false,false,,,,false,NON_GET_METHOD|READS_REQUEST|NOT_FORCE_STATIC,,,,NON_GET_METHOD|READS_REQUEST|NOT_FORCE_STATIC,false
compliance-tracker,route,/api/prompt-os/export,src/app/api/prompt-os/export/route.ts,25,,,false,true,false,false,false,,0,false,0,,,,,,false,false,false,false,GET,request.nextUrl,,,false,false,,,,false,READS_REQUEST|NOT_FORCE_STATIC,,,,READS_REQUEST|NOT_FORCE_STATIC,false
compliance-tracker,route,/api/prompt-os/import,src/app/api/prompt-os/import/route.ts,24,,,false,true,false,false,false,,0,false,0,,,,,,false,false,false,false,POST,request.json,,,false,false,,,,false,NON_GET_METHOD|READS_REQUEST|NOT_FORCE_STATIC,,,,NON_GET_METHOD|READS_REQUEST|NOT_FORCE_STATIC,false
compliance-tracker,route,/api/prompt-os/localize,src/app/api/prompt-os/localize/route.ts,21,,,false,true,false,false,false,,0,false,0,,,,,,false,false,false,false,POST,request.json,,,false,false,,,,false,NON_GET_METHOD|READS_REQUEST|NOT_FORCE_STATIC,,,,NON_GET_METHOD|READS_REQUEST|NOT_FORCE_STATIC,false
compliance-tracker,route,/api/prompt-os/translate,src/app/api/prompt-os/translate/route.ts,40,,,false,true,false,false,false,,0,false,0,,,,,,false,false,false,false,GET|POST,request.nextUrl|request.json,,,false,false,,,,false,NON_GET_METHOD|READS_REQUEST|NOT_FORCE_STATIC,,,,NON_GET_METHOD|READS_REQUEST|NOT_FORCE_STATIC,false
compliance-tracker,route,/api/public/portal/[orgSlug]/kb/[slug],src/app/api/public/portal/[orgSlug]/kb/[slug]/route.ts,19,[orgSlug]|[slug],,false,false,false,false,false,,0,false,0,,,,,,false,false,false,false,GET,,,,false,false,,,,false,DYNAMIC_SEGMENT_NO_GSP|NOT_FORCE_STATIC,,,,DYNAMIC_SEGMENT_NO_GSP|NOT_FORCE_STATIC,false
compliance-tracker,route,/api/public/portal/[orgSlug]/kb,src/app/api/public/portal/[orgSlug]/kb/route.ts,22,[orgSlug],,false,false,false,false,false,,0,false,0,,,,,,false,false,false,false,GET,,,,false,false,,,,false,DYNAMIC_SEGMENT_NO_GSP|NOT_FORCE_STATIC,,,,DYNAMIC_SEGMENT_NO_GSP|NOT_FORCE_STATIC,false
compliance-tracker,route,/api/public/portal/[orgSlug]/tickets,src/app/api/public/portal/[orgSlug]/tickets/route.ts,32,[orgSlug],,false,false,false,false,false,,0,false,0,,,,,,false,false,false,false,POST,request.headers|request.json|request passed to helper,,,false,false,,,,false,DYNAMIC_SEGMENT_NO_GSP|NON_GET_METHOD|READS_REQUEST|NOT_FORCE_STATIC,,,,DYNAMIC_SEGMENT_NO_GSP|NON_GET_METHOD|READS_REQUEST|NOT_FORCE_STATIC,false
compliance-tracker,route,/api/rbi,src/app/api/rbi/route.ts,52,,,false,true,false,false,false,,0,false,0,,,,,,false,false,false,false,GET|POST,request.json,,,false,false,,,,false,NON_GET_METHOD|READS_REQUEST|NOT_FORCE_STATIC,,,,NON_GET_METHOD|READS_REQUEST|NOT_FORCE_STATIC,false
compliance-tracker,route,/api/recruitment/applications/[id]/hire,src/app/api/recruitment/applications/[id]/hire/route.ts,28,[id],,false,false,false,false,false,,0,false,0,,,,,,false,false,false,false,POST,request.json,,,false,false,,,,false,DYNAMIC_SEGMENT_NO_GSP|NON_GET_METHOD|READS_REQUEST|NOT_FORCE_STATIC,,,,DYNAMIC_SEGMENT_NO_GSP|NON_GET_METHOD|READS_REQUEST|NOT_FORCE_STATIC,false
compliance-tracker,route,/api/recruitment/applications/[id]/interviews,src/app/api/recruitment/applications/[id]/interviews/route.ts,42,[id],,false,false,false,false,false,,0,false,0,,,,,,false,false,false,false,GET|POST,request.json,,,false,false,,,,false,DYNAMIC_SEGMENT_NO_GSP|NON_GET_METHOD|READS_REQUEST|NOT_FORCE_STATIC,,,,DYNAMIC_SEGMENT_NO_GSP|NON_GET_METHOD|READS_REQUEST|NOT_FORCE_STATIC,false
compliance-tracker,route,/api/recruitment/applications/[id]/stage,src/app/api/recruitment/applications/[id]/stage/route.ts,28,[id],,false,false,false,false,false,,0,false,0,,,,,,false,false,false,false,POST,request.json,,,false,false,,,,false,DYNAMIC_SEGMENT_NO_GSP|NON_GET_METHOD|READS_REQUEST|NOT_FORCE_STATIC,,,,DYNAMIC_SEGMENT_NO_GSP|NON_GET_METHOD|READS_REQUEST|NOT_FORCE_STATIC,false
compliance-tracker,route,/api/recruitment/applications,src/app/api/recruitment/applications/route.ts,41,,,false,true,false,false,false,,0,false,0,,,,,,false,false,false,false,GET|POST,request.url|request.json|new URL(request.url),,,false,false,,,,false,NON_GET_METHOD|READS_REQUEST|NOT_FORCE_STATIC,,,,NON_GET_METHOD|READS_REQUEST|NOT_FORCE_STATIC,false
compliance-tracker,route,/api/recruitment/candidates,src/app/api/recruitment/candidates/route.ts,38,,,false,true,false,false,false,,0,false,0,,,,,,false,false,false,false,GET|POST,request.json,,,false,false,,,,false,NON_GET_METHOD|READS_REQUEST|NOT_FORCE_STATIC,,,,NON_GET_METHOD|READS_REQUEST|NOT_FORCE_STATIC,false
compliance-tracker,route,/api/recruitment/interviews/[id]/feedback,src/app/api/recruitment/interviews/[id]/feedback/route.ts,26,[id],,false,false,false,false,false,,0,false,0,,,,,,false,false,false,false,POST,request.json,,,false,false,,,,false,DYNAMIC_SEGMENT_NO_GSP|NON_GET_METHOD|READS_REQUEST|NOT_FORCE_STATIC,,,,DYNAMIC_SEGMENT_NO_GSP|NON_GET_METHOD|READS_REQUEST|NOT_FORCE_STATIC,false
compliance-tracker,route,/api/recruitment/job-openings/[id],src/app/api/recruitment/job-openings/[id]/route.ts,26,[id],,false,false,false,false,false,,0,false,0,,,,,,false,false,false,false,PATCH,request.json,,,false,false,,,,false,DYNAMIC_SEGMENT_NO_GSP|NON_GET_METHOD|READS_REQUEST|NOT_FORCE_STATIC,,,,DYNAMIC_SEGMENT_NO_GSP|NON_GET_METHOD|READS_REQUEST|NOT_FORCE_STATIC,false
compliance-tracker,route,/api/recruitment/job-openings,src/app/api/recruitment/job-openings/route.ts,38,,,false,true,false,false,false,,0,false,0,,,,,,false,false,false,false,GET|POST,request.json,,,false,false,,,,false,NON_GET_METHOD|READS_REQUEST|NOT_FORCE_STATIC,,,,NON_GET_METHOD|READS_REQUEST|NOT_FORCE_STATIC,false
compliance-tracker,route,/api/reports/ai-builder/analyze,src/app/api/reports/ai-builder/analyze/route.ts,38,,,false,true,false,false,false,,0,false,0,,,,,,false,false,false,false,POST,request.formData,,,false,false,,,,false,NON_GET_METHOD|READS_REQUEST|NOT_FORCE_STATIC,,,,NON_GET_METHOD|READS_REQUEST|NOT_FORCE_STATIC,false
compliance-tracker,route,/api/reports/catalog,src/app/api/reports/catalog/route.ts,28,,,false,true,false,false,false,,0,false,0,,,,,,false,false,false,false,GET,,,,false,false,,,,false,NOT_FORCE_STATIC,,,,NOT_FORCE_STATIC,false
compliance-tracker,route,/api/reports/definitions/[id],src/app/api/reports/definitions/[id]/route.ts,47,[id],,false,false,false,false,false,,0,false,0,,,,,,false,false,false,false,PATCH|DELETE,request.json,,,false,false,,,,false,DYNAMIC_SEGMENT_NO_GSP|NON_GET_METHOD|READS_REQUEST|NOT_FORCE_STATIC,,,,DYNAMIC_SEGMENT_NO_GSP|NON_GET_METHOD|READS_REQUEST|NOT_FORCE_STATIC,false
compliance-tracker,route,/api/reports/definitions/[id]/run,src/app/api/reports/definitions/[id]/run/route.ts,30,[id],,false,false,false,false,false,,0,false,0,,,,,,false,false,false,false,POST,request.json,,,false,false,,,,false,DYNAMIC_SEGMENT_NO_GSP|NON_GET_METHOD|READS_REQUEST|NOT_FORCE_STATIC,,,,DYNAMIC_SEGMENT_NO_GSP|NON_GET_METHOD|READS_REQUEST|NOT_FORCE_STATIC,false
compliance-tracker,route,/api/reports/definitions,src/app/api/reports/definitions/route.ts,51,,,false,true,false,false,false,,0,false,0,,,,,,false,false,false,false,GET|POST,request.nextUrl|request.json,,,false,false,,,,false,NON_GET_METHOD|READS_REQUEST|NOT_FORCE_STATIC,,,,NON_GET_METHOD|READS_REQUEST|NOT_FORCE_STATIC,false
compliance-tracker,route,/api/reports/item-actions,src/app/api/reports/item-actions/route.ts,54,,,false,true,false,false,false,,0,false,0,,,,,,false,false,false,false,GET|POST,request.nextUrl|request.json,,,false,false,,,,false,NON_GET_METHOD|READS_REQUEST|NOT_FORCE_STATIC,,,,NON_GET_METHOD|READS_REQUEST|NOT_FORCE_STATIC,false
compliance-tracker,route,/api/reports/saved/[id],src/app/api/reports/saved/[id]/route.ts,46,[id],,false,false,false,false,false,,0,false,0,,,,,,false,false,false,false,PATCH|DELETE,request.json,,,false,false,,,,false,DYNAMIC_SEGMENT_NO_GSP|NON_GET_METHOD|READS_REQUEST|NOT_FORCE_STATIC,,,,DYNAMIC_SEGMENT_NO_GSP|NON_GET_METHOD|READS_REQUEST|NOT_FORCE_STATIC,false
compliance-tracker,route,/api/reports/saved/[id]/run,src/app/api/reports/saved/[id]/run/route.ts,35,[id],,false,false,false,false,false,,0,false,0,,,,,,false,false,false,false,GET,"NextRequest (typed, no member read detected)",,,false,false,,,,false,DYNAMIC_SEGMENT_NO_GSP|NOT_FORCE_STATIC,,,,DYNAMIC_SEGMENT_NO_GSP|NOT_FORCE_STATIC,false
compliance-tracker,route,/api/reports/saved,src/app/api/reports/saved/route.ts,45,,,false,true,false,false,false,,0,false,0,,,,,,false,false,false,false,GET|POST,request.json,,,false,false,,,,false,NON_GET_METHOD|READS_REQUEST|NOT_FORCE_STATIC,,,,NON_GET_METHOD|READS_REQUEST|NOT_FORCE_STATIC,false
compliance-tracker,route,/api/reports/schedules/[id],src/app/api/reports/schedules/[id]/route.ts,47,[id],,false,false,false,false,false,,0,false,0,,,,,,false,false,false,false,PATCH|DELETE,request.json,,,false,false,,,,false,DYNAMIC_SEGMENT_NO_GSP|NON_GET_METHOD|READS_REQUEST|NOT_FORCE_STATIC,,,,DYNAMIC_SEGMENT_NO_GSP|NON_GET_METHOD|READS_REQUEST|NOT_FORCE_STATIC,false
compliance-tracker,route,/api/reports/schedules,src/app/api/reports/schedules/route.ts,44,,,false,true,false,false,false,,0,false,0,,,,,,false,false,false,false,GET|POST,request.json,,,false,false,,,,false,NON_GET_METHOD|READS_REQUEST|NOT_FORCE_STATIC,,,,NON_GET_METHOD|READS_REQUEST|NOT_FORCE_STATIC,false
compliance-tracker,route,/api/reports/share/[token],src/app/api/reports/share/[token]/route.ts,23,[token],,false,false,false,false,false,,0,false,0,,,,,,false,false,false,false,GET,,,,false,false,,,,false,DYNAMIC_SEGMENT_NO_GSP|NOT_FORCE_STATIC,,,,DYNAMIC_SEGMENT_NO_GSP|NOT_FORCE_STATIC,false
compliance-tracker,route,/api/risks/[id]/linked-controls,src/app/api/risks/[id]/linked-controls/route.ts,38,[id],,false,false,false,false,false,,0,false,0,,,,,,false,false,false,false,PATCH,request.json,,,false,false,,,,false,DYNAMIC_SEGMENT_NO_GSP|NON_GET_METHOD|READS_REQUEST|NOT_FORCE_STATIC,,,,DYNAMIC_SEGMENT_NO_GSP|NON_GET_METHOD|READS_REQUEST|NOT_FORCE_STATIC,false
compliance-tracker,route,/api/risks,src/app/api/risks/route.ts,36,,,false,true,false,false,false,,0,false,0,,,,,,false,false,false,false,GET|POST,request.json,,,false,false,,,,false,NON_GET_METHOD|READS_REQUEST|NOT_FORCE_STATIC,,,,NON_GET_METHOD|READS_REQUEST|NOT_FORCE_STATIC,false
compliance-tracker,route,/api/rpt,src/app/api/rpt/route.ts,48,,,false,true,false,false,false,,0,false,0,,,,,,false,false,false,false,GET|POST,request.json,,,false,false,,,,false,NON_GET_METHOD|READS_REQUEST|NOT_FORCE_STATIC,,,,NON_GET_METHOD|READS_REQUEST|NOT_FORCE_STATIC,false
compliance-tracker,route,/api/sales-hq/commission-accruals/[id]/mark-paid,src/app/api/sales-hq/commission-accruals/[id]/mark-paid/route.ts,23,[id],,false,false,false,false,false,,0,false,0,,,,,,false,false,false,false,POST,request.json,,,false,false,,,,false,DYNAMIC_SEGMENT_NO_GSP|NON_GET_METHOD|READS_REQUEST|NOT_FORCE_STATIC,,,,DYNAMIC_SEGMENT_NO_GSP|NON_GET_METHOD|READS_REQUEST|NOT_FORCE_STATIC,false
compliance-tracker,route,/api/sales-hq/commission-accruals/[id]/void,src/app/api/sales-hq/commission-accruals/[id]/void/route.ts,23,[id],,false,false,false,false,false,,0,false,0,,,,,,false,false,false,false,POST,request.json,,,false,false,,,,false,DYNAMIC_SEGMENT_NO_GSP|NON_GET_METHOD|READS_REQUEST|NOT_FORCE_STATIC,,,,DYNAMIC_SEGMENT_NO_GSP|NON_GET_METHOD|READS_REQUEST|NOT_FORCE_STATIC,false
compliance-tracker,route,/api/sales-hq/commission-plans,src/app/api/sales-hq/commission-plans/route.ts,33,,,false,true,false,false,false,,0,false,0,,,,,,false,false,false,false,GET|POST,request.json,,,false,false,,,,false,NON_GET_METHOD|READS_REQUEST|NOT_FORCE_STATIC,,,,NON_GET_METHOD|READS_REQUEST|NOT_FORCE_STATIC,false
compliance-tracker,route,/api/sales-hq/overview,src/app/api/sales-hq/overview/route.ts,18,,,false,true,false,false,false,,0,false,0,,,,,,false,false,false,false,GET,,,,false,false,,,,false,NOT_FORCE_STATIC,,,,NOT_FORCE_STATIC,false
compliance-tracker,route,/api/sales-hq/partners/[id],src/app/api/sales-hq/partners/[id]/route.ts,26,[id],,false,false,false,false,false,,0,false,0,,,,,,false,false,false,false,PATCH,request.json,,,false,false,,,,false,DYNAMIC_SEGMENT_NO_GSP|NON_GET_METHOD|READS_REQUEST|NOT_FORCE_STATIC,,,,DYNAMIC_SEGMENT_NO_GSP|NON_GET_METHOD|READS_REQUEST|NOT_FORCE_STATIC,false
compliance-tracker,route,/api/sales-hq/partners,src/app/api/sales-hq/partners/route.ts,33,,,false,true,false,false,false,,0,false,0,,,,,,false,false,false,false,GET|POST,request.json,,,false,false,,,,false,NON_GET_METHOD|READS_REQUEST|NOT_FORCE_STATIC,,,,NON_GET_METHOD|READS_REQUEST|NOT_FORCE_STATIC,false
compliance-tracker,route,/api/sales-hq/referral-links,src/app/api/sales-hq/referral-links/route.ts,19,,,false,true,false,false,false,,0,false,0,,,,,,false,false,false,false,POST,request.json,,,false,false,,,,false,NON_GET_METHOD|READS_REQUEST|NOT_FORCE_STATIC,,,,NON_GET_METHOD|READS_REQUEST|NOT_FORCE_STATIC,false
compliance-tracker,route,/api/sales-hq/visitors/analyze,src/app/api/sales-hq/visitors/analyze/route.ts,24,,,false,true,false,false,false,,0,false,0,,,,,,false,false,false,false,POST,,,,false,false,,,,false,NON_GET_METHOD|NOT_FORCE_STATIC,,,,NON_GET_METHOD|NOT_FORCE_STATIC,false
compliance-tracker,route,/api/sales-hq/visitors,src/app/api/sales-hq/visitors/route.ts,23,,,false,true,false,false,false,,0,false,0,,,,,,false,false,false,false,GET,,,,false,false,,,,false,NOT_FORCE_STATIC,,,,NOT_FORCE_STATIC,false
compliance-tracker,route,/api/search,src/app/api/search/route.ts,30,,,false,true,false,false,false,,0,false,0,,,,,,false,false,false,false,GET,request.nextUrl,,,false,false,,,,false,READS_REQUEST|NOT_FORCE_STATIC,,,,READS_REQUEST|NOT_FORCE_STATIC,false
compliance-tracker,route,/api/search/semantic,src/app/api/search/semantic/route.ts,165,,,false,true,false,false,false,,0,false,0,,,,,,false,false,false,false,POST,request.json,,,false,false,,,,false,NON_GET_METHOD|READS_REQUEST|NOT_FORCE_STATIC,,,,NON_GET_METHOD|READS_REQUEST|NOT_FORCE_STATIC,false
compliance-tracker,route,/api/sebi,src/app/api/sebi/route.ts,39,,,false,true,false,false,false,,0,false,0,,,,,,false,false,false,false,GET|POST,request.json,,,false,false,,,,false,NON_GET_METHOD|READS_REQUEST|NOT_FORCE_STATIC,,,,NON_GET_METHOD|READS_REQUEST|NOT_FORCE_STATIC,false
compliance-tracker,route,/api/secretarial-audit,src/app/api/secretarial-audit/route.ts,33,,,false,true,false,false,false,,0,false,0,,,,,,false,false,false,false,GET|POST,request.json,,,false,false,,,,false,NON_GET_METHOD|READS_REQUEST|NOT_FORCE_STATIC,,,,NON_GET_METHOD|READS_REQUEST|NOT_FORCE_STATIC,false
compliance-tracker,route,/api/settings/adoption-metrics,src/app/api/settings/adoption-metrics/route.ts,22,,,false,true,false,false,false,,0,false,0,,,,,,false,false,false,false,GET,,,,false,false,,,,false,NOT_FORCE_STATIC,,,,NOT_FORCE_STATIC,false
compliance-tracker,route,/api/settings/ai-config,src/app/api/settings/ai-config/route.ts,119,,,false,true,false,false,false,,0,false,0,,,,,,false,false,false,false,GET|POST,request.json,,,false,false,,,,false,NON_GET_METHOD|READS_REQUEST|NOT_FORCE_STATIC,,,,NON_GET_METHOD|READS_REQUEST|NOT_FORCE_STATIC,false
compliance-tracker,route,/api/settings/api-keys/[id],src/app/api/settings/api-keys/[id]/route.ts,108,[id],,false,false,false,false,false,,0,false,0,,,,,,false,false,false,false,PATCH|DELETE,request.json,,,false,false,,,,false,DYNAMIC_SEGMENT_NO_GSP|NON_GET_METHOD|READS_REQUEST|NOT_FORCE_STATIC,,,,DYNAMIC_SEGMENT_NO_GSP|NON_GET_METHOD|READS_REQUEST|NOT_FORCE_STATIC,false
compliance-tracker,route,/api/settings/api-keys,src/app/api/settings/api-keys/route.ts,139,,,false,true,false,false,false,,0,false,0,,,,,,false,false,false,false,GET|POST,request.json|request passed to helper,,,false,false,,,,false,NON_GET_METHOD|READS_REQUEST|NOT_FORCE_STATIC,,,,NON_GET_METHOD|READS_REQUEST|NOT_FORCE_STATIC,false
compliance-tracker,route,/api/settings/api-keys/usage,src/app/api/settings/api-keys/usage/route.ts,21,,,false,true,false,false,false,,0,false,0,,,,,,false,false,false,false,GET,request.nextUrl,,,false,false,,,,false,READS_REQUEST|NOT_FORCE_STATIC,,,,READS_REQUEST|NOT_FORCE_STATIC,false
compliance-tracker,route,/api/settings/branding/logo,src/app/api/settings/branding/logo/route.ts,117,,,false,true,false,false,false,,0,false,0,,,,,,false,false,false,false,POST|DELETE,request.formData|request.url|new URL(request.url),,,false,false,,,,false,NON_GET_METHOD|READS_REQUEST|NOT_FORCE_STATIC,,,,NON_GET_METHOD|READS_REQUEST|NOT_FORCE_STATIC,false
compliance-tracker,route,/api/settings/branding,src/app/api/settings/branding/route.ts,44,,,false,true,false,false,false,,0,false,0,,,,,,false,false,false,false,GET|PATCH,request.json,,,false,false,,,,false,NON_GET_METHOD|READS_REQUEST|NOT_FORCE_STATIC,,,,NON_GET_METHOD|READS_REQUEST|NOT_FORCE_STATIC,false
compliance-tracker,route,/api/settings/deployment-history,src/app/api/settings/deployment-history/route.ts,46,,,false,true,false,false,false,,0,false,0,,,,,,false,false,false,false,GET,,,,false,false,,,,false,NOT_FORCE_STATIC,,,,NOT_FORCE_STATIC,false
compliance-tracker,route,/api/settings/model-config/[id],src/app/api/settings/model-config/[id]/route.ts,34,[id],,false,false,false,false,false,,0,false,0,,,,,,false,false,false,false,DELETE,"NextRequest (typed, no member read detected)",,,false,false,,,,false,DYNAMIC_SEGMENT_NO_GSP|NON_GET_METHOD|NOT_FORCE_STATIC,,,,DYNAMIC_SEGMENT_NO_GSP|NON_GET_METHOD|NOT_FORCE_STATIC,false
compliance-tracker,route,/api/settings/model-config/pool-usage,src/app/api/settings/model-config/pool-usage/route.ts,41,,,false,true,false,false,false,,0,false,0,,,,,,false,false,false,false,GET,,,,false,false,,,,false,NOT_FORCE_STATIC,,,,NOT_FORCE_STATIC,false
compliance-tracker,route,/api/settings/model-config,src/app/api/settings/model-config/route.ts,169,,,false,true,false,false,false,,0,false,0,,,,,,false,false,false,false,GET|POST,request.json,,,false,false,,,,false,NON_GET_METHOD|READS_REQUEST|NOT_FORCE_STATIC,,,,NON_GET_METHOD|READS_REQUEST|NOT_FORCE_STATIC,false
compliance-tracker,route,/api/settings/module-rules,src/app/api/settings/module-rules/route.ts,42,,,false,true,false,false,false,,0,false,0,,,,,,false,false,false,false,GET|POST,request.nextUrl|request.json,,,false,false,,,,false,NON_GET_METHOD|READS_REQUEST|NOT_FORCE_STATIC,,,,NON_GET_METHOD|READS_REQUEST|NOT_FORCE_STATIC,false
compliance-tracker,route,/api/settings/modules,src/app/api/settings/modules/route.ts,40,,,false,true,false,false,false,,0,false,0,,,,,,false,false,false,false,GET,request.nextUrl,,,false,false,,,,false,READS_REQUEST|NOT_FORCE_STATIC,,,,READS_REQUEST|NOT_FORCE_STATIC,false
compliance-tracker,route,/api/settings/org-limits,src/app/api/settings/org-limits/route.ts,52,,,false,true,false,false,false,,0,false,0,,,,,,false,false,false,false,GET|PATCH,request.json,,,false,false,,,,false,NON_GET_METHOD|READS_REQUEST|NOT_FORCE_STATIC,,,,NON_GET_METHOD|READS_REQUEST|NOT_FORCE_STATIC,false
compliance-tracker,route,/api/settings/passcode,src/app/api/settings/passcode/route.ts,67,,,false,true,false,false,false,,0,false,0,,,,,,false,false,false,false,GET|POST|DELETE,request.json,,,false,false,,,,false,NON_GET_METHOD|READS_REQUEST|NOT_FORCE_STATIC,,,,NON_GET_METHOD|READS_REQUEST|NOT_FORCE_STATIC,false
compliance-tracker,route,/api/settings/prompts,src/app/api/settings/prompts/route.ts,38,,,false,true,false,false,false,,0,false,0,,,,,,false,false,false,false,GET|POST,request.nextUrl|request.json,,,false,false,,,,false,NON_GET_METHOD|READS_REQUEST|NOT_FORCE_STATIC,,,,NON_GET_METHOD|READS_REQUEST|NOT_FORCE_STATIC,false
compliance-tracker,route,/api/settings/sso,src/app/api/settings/sso/route.ts,38,,,false,true,false,false,false,,0,false,0,,,,,,false,false,false,false,GET|POST,request.json,,,false,false,,,,false,NON_GET_METHOD|READS_REQUEST|NOT_FORCE_STATIC,,,,NON_GET_METHOD|READS_REQUEST|NOT_FORCE_STATIC,false
compliance-tracker,route,/api/settings/subscription-plan,src/app/api/settings/subscription-plan/route.ts,42,,,false,true,false,false,false,,0,false,0,,,,,,false,false,false,false,GET|PATCH,request.json,,,false,false,,,,false,NON_GET_METHOD|READS_REQUEST|NOT_FORCE_STATIC,,,,NON_GET_METHOD|READS_REQUEST|NOT_FORCE_STATIC,false
compliance-tracker,route,/api/settings/system-health,src/app/api/settings/system-health/route.ts,55,,,false,true,false,false,false,,0,false,0,,,,,,false,false,false,false,GET,,,,false,false,,,,false,NOT_FORCE_STATIC,,,,NOT_FORCE_STATIC,false
compliance-tracker,route,/api/settings/tenant-ai-config/[id],src/app/api/settings/tenant-ai-config/[id]/route.ts,48,[id],,false,false,false,false,false,,0,false,0,,,,,,false,false,false,false,DELETE,"NextRequest (typed, no member read detected)",,,false,false,,,,false,DYNAMIC_SEGMENT_NO_GSP|NON_GET_METHOD|NOT_FORCE_STATIC,,,,DYNAMIC_SEGMENT_NO_GSP|NON_GET_METHOD|NOT_FORCE_STATIC,false
compliance-tracker,route,/api/settings/tenant-ai-config,src/app/api/settings/tenant-ai-config/route.ts,174,,,false,true,false,false,false,,0,false,0,,,,,,false,false,false,false,GET|POST,request.json,,,false,false,,,,false,NON_GET_METHOD|READS_REQUEST|NOT_FORCE_STATIC,,,,NON_GET_METHOD|READS_REQUEST|NOT_FORCE_STATIC,false
compliance-tracker,route,/api/settings/webhooks/[id]/redeliver,src/app/api/settings/webhooks/[id]/redeliver/route.ts,78,[id],,false,false,false,false,false,,0,false,0,,,,,,false,false,false,false,POST,request.json,,,false,false,,,,false,DYNAMIC_SEGMENT_NO_GSP|NON_GET_METHOD|READS_REQUEST|NOT_FORCE_STATIC,,,,DYNAMIC_SEGMENT_NO_GSP|NON_GET_METHOD|READS_REQUEST|NOT_FORCE_STATIC,false
compliance-tracker,route,/api/settings/webhooks/[id],src/app/api/settings/webhooks/[id]/route.ts,120,[id],,false,false,false,false,false,,0,false,0,,,,,,false,false,false,false,PATCH|DELETE,request.json,,,false,false,,,,false,DYNAMIC_SEGMENT_NO_GSP|NON_GET_METHOD|READS_REQUEST|NOT_FORCE_STATIC,,,,DYNAMIC_SEGMENT_NO_GSP|NON_GET_METHOD|READS_REQUEST|NOT_FORCE_STATIC,false
compliance-tracker,route,/api/settings/webhooks,src/app/api/settings/webhooks/route.ts,169,,,false,true,false,false,false,,0,false,0,,,,,,false,false,false,false,GET|POST,request.json|request passed to helper,,,false,false,,,,false,NON_GET_METHOD|READS_REQUEST|NOT_FORCE_STATIC,,,,NON_GET_METHOD|READS_REQUEST|NOT_FORCE_STATIC,false
compliance-tracker,route,/api/shared/conversation/[token],src/app/api/shared/conversation/[token]/route.ts,23,[token],,false,false,false,false,false,,0,false,0,,,,,,false,false,false,false,GET,,,,false,false,,,,false,DYNAMIC_SEGMENT_NO_GSP|NOT_FORCE_STATIC,,,,DYNAMIC_SEGMENT_NO_GSP|NOT_FORCE_STATIC,false
compliance-tracker,route,/api/sla-policies/[id],src/app/api/sla-policies/[id]/route.ts,26,[id],,false,false,false,false,false,,0,false,0,,,,,,false,false,false,false,PATCH,request.json,,,false,false,,,,false,DYNAMIC_SEGMENT_NO_GSP|NON_GET_METHOD|READS_REQUEST|NOT_FORCE_STATIC,,,,DYNAMIC_SEGMENT_NO_GSP|NON_GET_METHOD|READS_REQUEST|NOT_FORCE_STATIC,false
compliance-tracker,route,/api/sla-policies,src/app/api/sla-policies/route.ts,41,,,false,true,false,false,false,,0,false,0,,,,,,false,false,false,false,GET|POST,request.json,,,false,false,,,,false,NON_GET_METHOD|READS_REQUEST|NOT_FORCE_STATIC,,,,NON_GET_METHOD|READS_REQUEST|NOT_FORCE_STATIC,false
compliance-tracker,route,/api/social/posts/[id]/comments,src/app/api/social/posts/[id]/comments/route.ts,41,[id],,false,false,false,false,false,,0,false,0,,,,,,false,false,false,false,GET|POST,request.json,,,false,false,,,,false,DYNAMIC_SEGMENT_NO_GSP|NON_GET_METHOD|READS_REQUEST|NOT_FORCE_STATIC,,,,DYNAMIC_SEGMENT_NO_GSP|NON_GET_METHOD|READS_REQUEST|NOT_FORCE_STATIC,false
compliance-tracker,route,/api/social/posts/[id]/reactions,src/app/api/social/posts/[id]/reactions/route.ts,25,[id],,false,false,false,false,false,,0,false,0,,,,,,false,false,false,false,POST,request.json,,,false,false,,,,false,DYNAMIC_SEGMENT_NO_GSP|NON_GET_METHOD|READS_REQUEST|NOT_FORCE_STATIC,,,,DYNAMIC_SEGMENT_NO_GSP|NON_GET_METHOD|READS_REQUEST|NOT_FORCE_STATIC,false
compliance-tracker,route,/api/social/posts,src/app/api/social/posts/route.ts,43,,,false,true,false,false,false,,0,false,0,,,,,,false,false,false,false,GET|POST,request.url|request.json|new URL(request.url),,,false,false,,,,false,NON_GET_METHOD|READS_REQUEST|NOT_FORCE_STATIC,,,,NON_GET_METHOD|READS_REQUEST|NOT_FORCE_STATIC,false
compliance-tracker,route,/api/stage0/conversations/[id]/messages,src/app/api/stage0/conversations/[id]/messages/route.ts,63,[id],,false,false,false,false,false,,0,false,0,,,,,,false,false,false,false,GET|POST,request.json,,,false,false,,,,false,DYNAMIC_SEGMENT_NO_GSP|NON_GET_METHOD|READS_REQUEST|NOT_FORCE_STATIC,,,,DYNAMIC_SEGMENT_NO_GSP|NON_GET_METHOD|READS_REQUEST|NOT_FORCE_STATIC,false
compliance-tracker,route,/api/stage0/inbox,src/app/api/stage0/inbox/route.ts,35,,,false,true,false,false,false,,0,false,0,,,,,,false,false,false,false,GET,,,,false,false,,,,false,NOT_FORCE_STATIC,,,,NOT_FORCE_STATIC,false
compliance-tracker,route,/api/stage0/outreach,src/app/api/stage0/outreach/route.ts,25,,,false,true,false,false,false,,0,false,0,,,,,,false,false,false,false,GET,,,,false,false,,,,false,NOT_FORCE_STATIC,,,,NOT_FORCE_STATIC,false
compliance-tracker,route,/api/support-sessions/[id]/end,src/app/api/support-sessions/[id]/end/route.ts,42,[id],,false,false,false,false,false,,0,false,0,,,,,,false,false,false,false,POST,request.json,,,false,false,,,,false,DYNAMIC_SEGMENT_NO_GSP|NON_GET_METHOD|READS_REQUEST|NOT_FORCE_STATIC,,,,DYNAMIC_SEGMENT_NO_GSP|NON_GET_METHOD|READS_REQUEST|NOT_FORCE_STATIC,false
compliance-tracker,route,/api/support-sessions/on-my-org,src/app/api/support-sessions/on-my-org/route.ts,38,,,false,true,false,false,false,,0,false,0,,,,,,false,false,false,false,GET,,,,false,false,,,,false,NOT_FORCE_STATIC,,,,NOT_FORCE_STATIC,false
compliance-tracker,route,/api/support-sessions/start,src/app/api/support-sessions/start/route.ts,35,,,false,true,false,false,false,,0,false,0,,,,,,false,false,false,false,POST,request.json,,,false,false,,,,false,NON_GET_METHOD|READS_REQUEST|NOT_FORCE_STATIC,,,,NON_GET_METHOD|READS_REQUEST|NOT_FORCE_STATIC,false
compliance-tracker,route,/api/support-sessions/whoami-target,src/app/api/support-sessions/whoami-target/route.ts,74,,,false,true,false,false,false,,0,false,0,,,,,,false,false,false,false,GET,request.headers|request passed to helper,,,false,false,,,,false,READS_REQUEST|NOT_FORCE_STATIC,,,,READS_REQUEST|NOT_FORCE_STATIC,false
compliance-tracker,route,/api/tasks/[id]/chat,src/app/api/tasks/[id]/chat/route.ts,58,[id],,false,false,false,false,false,,0,false,0,,,,,,false,false,false,false,POST,request.json,,,false,false,,,,false,DYNAMIC_SEGMENT_NO_GSP|NON_GET_METHOD|READS_REQUEST|NOT_FORCE_STATIC,,,,DYNAMIC_SEGMENT_NO_GSP|NON_GET_METHOD|READS_REQUEST|NOT_FORCE_STATIC,false
compliance-tracker,route,/api/tasks/[id]/comments,src/app/api/tasks/[id]/comments/route.ts,126,[id],,false,false,false,false,false,,0,false,0,,,,,,false,false,false,false,GET|POST,request.json|request passed to helper,,,false,false,,,,false,DYNAMIC_SEGMENT_NO_GSP|NON_GET_METHOD|READS_REQUEST|NOT_FORCE_STATIC,,,,DYNAMIC_SEGMENT_NO_GSP|NON_GET_METHOD|READS_REQUEST|NOT_FORCE_STATIC,false
compliance-tracker,route,/api/tasks/[id]/prediction,src/app/api/tasks/[id]/prediction/route.ts,30,[id],,false,false,false,false,false,,0,false,0,,,,,,false,false,false,false,GET,,,,false,false,,,,false,DYNAMIC_SEGMENT_NO_GSP|NOT_FORCE_STATIC,,,,DYNAMIC_SEGMENT_NO_GSP|NOT_FORCE_STATIC,false
compliance-tracker,route,/api/tasks/[id],src/app/api/tasks/[id]/route.ts,48,[id],,false,false,false,false,false,,0,false,0,,,,,,false,false,false,false,GET|PATCH,request.json|request passed to helper,,,false,false,,,,false,DYNAMIC_SEGMENT_NO_GSP|NON_GET_METHOD|READS_REQUEST|NOT_FORCE_STATIC,,,,DYNAMIC_SEGMENT_NO_GSP|NON_GET_METHOD|READS_REQUEST|NOT_FORCE_STATIC,false
compliance-tracker,route,/api/tasks/duplicates,src/app/api/tasks/duplicates/route.ts,28,,,false,true,false,false,false,,0,false,0,,,,,,false,false,false,false,GET,request.url|new URL(request.url),,,false,false,,,,false,READS_REQUEST|NOT_FORCE_STATIC,,,,READS_REQUEST|NOT_FORCE_STATIC,false
compliance-tracker,route,/api/tasks,src/app/api/tasks/route.ts,48,,,false,true,false,false,false,,0,false,0,,,,,,false,false,false,false,GET|POST,request.nextUrl|request.json|request passed to helper,,,false,false,,,,false,NON_GET_METHOD|READS_REQUEST|NOT_FORCE_STATIC,,,,NON_GET_METHOD|READS_REQUEST|NOT_FORCE_STATIC,false
compliance-tracker,route,/api/tds-returns/24q,src/app/api/tds-returns/24q/route.ts,22,,,false,true,false,false,false,,0,false,0,,,,,,false,false,false,false,GET,req.nextUrl,,,false,false,,,,false,READS_REQUEST|NOT_FORCE_STATIC,,,,READS_REQUEST|NOT_FORCE_STATIC,false
compliance-tracker,route,/api/tds-returns/26q,src/app/api/tds-returns/26q/route.ts,22,,,false,true,false,false,false,,0,false,0,,,,,,false,false,false,false,GET,req.nextUrl,,,false,false,,,,false,READS_REQUEST|NOT_FORCE_STATIC,,,,READS_REQUEST|NOT_FORCE_STATIC,false
compliance-tracker,route,/api/the-firm/billable-rates,src/app/api/the-firm/billable-rates/route.ts,23,,,false,true,false,false,false,,0,false,0,,,,,,false,false,false,false,POST,req.json,,,false,false,,,,false,NON_GET_METHOD|READS_REQUEST|NOT_FORCE_STATIC,,,,NON_GET_METHOD|READS_REQUEST|NOT_FORCE_STATIC,false
compliance-tracker,route,/api/the-firm/clients/[clientId]/engagements,src/app/api/the-firm/clients/[clientId]/engagements/route.ts,39,[clientId],,false,false,false,false,false,,0,false,0,,,,,,false,false,false,false,GET|POST,req.json,,,false,false,,,,false,DYNAMIC_SEGMENT_NO_GSP|NON_GET_METHOD|READS_REQUEST|NOT_FORCE_STATIC,,,,DYNAMIC_SEGMENT_NO_GSP|NON_GET_METHOD|READS_REQUEST|NOT_FORCE_STATIC,false
compliance-tracker,route,/api/the-firm/clients/[clientId]/invoices,src/app/api/the-firm/clients/[clientId]/invoices/route.ts,40,[clientId],,false,false,false,false,false,,0,false,0,,,,,,false,false,false,false,GET|POST,req.json,,,false,false,,,,false,DYNAMIC_SEGMENT_NO_GSP|NON_GET_METHOD|READS_REQUEST|NOT_FORCE_STATIC,,,,DYNAMIC_SEGMENT_NO_GSP|NON_GET_METHOD|READS_REQUEST|NOT_FORCE_STATIC,false
compliance-tracker,route,/api/the-firm/clients/[clientId]/portal-links,src/app/api/the-firm/clients/[clientId]/portal-links/route.ts,39,[clientId],,false,false,false,false,false,,0,false,0,,,,,,false,false,false,false,GET|POST,req.json,,,false,false,,,,false,DYNAMIC_SEGMENT_NO_GSP|NON_GET_METHOD|READS_REQUEST|NOT_FORCE_STATIC,,,,DYNAMIC_SEGMENT_NO_GSP|NON_GET_METHOD|READS_REQUEST|NOT_FORCE_STATIC,false
compliance-tracker,route,/api/the-firm/clients/[clientId]/service-lines,src/app/api/the-firm/clients/[clientId]/service-lines/route.ts,43,[clientId],,false,false,false,false,false,,0,false,0,,,,,,false,false,false,false,GET|PUT,req.json,,,false,false,,,,false,DYNAMIC_SEGMENT_NO_GSP|NON_GET_METHOD|READS_REQUEST|NOT_FORCE_STATIC,,,,DYNAMIC_SEGMENT_NO_GSP|NON_GET_METHOD|READS_REQUEST|NOT_FORCE_STATIC,false
compliance-tracker,route,/api/the-firm/clients/[clientId]/staff-assignments,src/app/api/the-firm/clients/[clientId]/staff-assignments/route.ts,40,[clientId],,false,false,false,false,false,,0,false,0,,,,,,false,false,false,false,GET|POST,req.json,,,false,false,,,,false,DYNAMIC_SEGMENT_NO_GSP|NON_GET_METHOD|READS_REQUEST|NOT_FORCE_STATIC,,,,DYNAMIC_SEGMENT_NO_GSP|NON_GET_METHOD|READS_REQUEST|NOT_FORCE_STATIC,false
compliance-tracker,route,/api/the-firm/clients/[clientId]/tax-cases,src/app/api/the-firm/clients/[clientId]/tax-cases/route.ts,39,[clientId],,false,false,false,false,false,,0,false,0,,,,,,false,false,false,false,GET|POST,req.json,,,false,false,,,,false,DYNAMIC_SEGMENT_NO_GSP|NON_GET_METHOD|READS_REQUEST|NOT_FORCE_STATIC,,,,DYNAMIC_SEGMENT_NO_GSP|NON_GET_METHOD|READS_REQUEST|NOT_FORCE_STATIC,false
compliance-tracker,route,/api/the-firm/dashboard/deadlines,src/app/api/the-firm/dashboard/deadlines/route.ts,21,,,false,true,false,false,false,,0,false,0,,,,,,false,false,false,false,GET,req.nextUrl,,,false,false,,,,false,READS_REQUEST|NOT_FORCE_STATIC,,,,READS_REQUEST|NOT_FORCE_STATIC,false
compliance-tracker,route,/api/the-firm/dashboard/realization,src/app/api/the-firm/dashboard/realization/route.ts,23,,,false,true,false,false,false,,0,false,0,,,,,,false,false,false,false,GET,req.nextUrl,,,false,false,,,,false,READS_REQUEST|NOT_FORCE_STATIC,,,,READS_REQUEST|NOT_FORCE_STATIC,false
compliance-tracker,route,/api/the-firm/dashboard/utilization,src/app/api/the-firm/dashboard/utilization/route.ts,23,,,false,true,false,false,false,,0,false,0,,,,,,false,false,false,false,GET,req.nextUrl,,,false,false,,,,false,READS_REQUEST|NOT_FORCE_STATIC,,,,READS_REQUEST|NOT_FORCE_STATIC,false
compliance-tracker,route,/api/the-firm/deliverables/[deliverableId]/complete,src/app/api/the-firm/deliverables/[deliverableId]/complete/route.ts,22,[deliverableId],,false,false,false,false,false,,0,false,0,,,,,,false,false,false,false,POST,"NextRequest (typed, no member read detected)",,,false,false,,,,false,DYNAMIC_SEGMENT_NO_GSP|NON_GET_METHOD|NOT_FORCE_STATIC,,,,DYNAMIC_SEGMENT_NO_GSP|NON_GET_METHOD|NOT_FORCE_STATIC,false
compliance-tracker,route,/api/the-firm/deliverables,src/app/api/the-firm/deliverables/route.ts,20,,,false,true,false,false,false,,0,false,0,,,,,,false,false,false,false,GET,req.nextUrl,,,false,false,,,,false,READS_REQUEST|NOT_FORCE_STATIC,,,,READS_REQUEST|NOT_FORCE_STATIC,false
compliance-tracker,route,/api/the-firm/enablement,src/app/api/the-firm/enablement/route.ts,49,,,false,true,false,false,false,,0,false,0,,,,,,false,false,false,false,GET|POST|DELETE,,,,false,false,,,,false,NON_GET_METHOD|NOT_FORCE_STATIC,,,,NON_GET_METHOD|NOT_FORCE_STATIC,false
compliance-tracker,route,/api/the-firm/engagements/[engagementId]/deliverables,src/app/api/the-firm/engagements/[engagementId]/deliverables/route.ts,24,[engagementId],,false,false,false,false,false,,0,false,0,,,,,,false,false,false,false,POST,req.json,,,false,false,,,,false,DYNAMIC_SEGMENT_NO_GSP|NON_GET_METHOD|READS_REQUEST|NOT_FORCE_STATIC,,,,DYNAMIC_SEGMENT_NO_GSP|NON_GET_METHOD|READS_REQUEST|NOT_FORCE_STATIC,false
compliance-tracker,route,/api/the-firm/engagements/[engagementId],src/app/api/the-firm/engagements/[engagementId]/route.ts,24,[engagementId],,false,false,false,false,false,,0,false,0,,,,,,false,false,false,false,PATCH,req.json,,,false,false,,,,false,DYNAMIC_SEGMENT_NO_GSP|NON_GET_METHOD|READS_REQUEST|NOT_FORCE_STATIC,,,,DYNAMIC_SEGMENT_NO_GSP|NON_GET_METHOD|READS_REQUEST|NOT_FORCE_STATIC,false
compliance-tracker,route,/api/the-firm/invoices/[invoiceId]/fixed-fee-line,src/app/api/the-firm/invoices/[invoiceId]/fixed-fee-line/route.ts,23,[invoiceId],,false,false,false,false,false,,0,false,0,,,,,,false,false,false,false,POST,req.json,,,false,false,,,,false,DYNAMIC_SEGMENT_NO_GSP|NON_GET_METHOD|READS_REQUEST|NOT_FORCE_STATIC,,,,DYNAMIC_SEGMENT_NO_GSP|NON_GET_METHOD|READS_REQUEST|NOT_FORCE_STATIC,false
compliance-tracker,route,/api/the-firm/invoices/[invoiceId]/paid,src/app/api/the-firm/invoices/[invoiceId]/paid/route.ts,22,[invoiceId],,false,false,false,false,false,,0,false,0,,,,,,false,false,false,false,POST,"NextRequest (typed, no member read detected)",,,false,false,,,,false,DYNAMIC_SEGMENT_NO_GSP|NON_GET_METHOD|NOT_FORCE_STATIC,,,,DYNAMIC_SEGMENT_NO_GSP|NON_GET_METHOD|NOT_FORCE_STATIC,false
compliance-tracker,route,/api/the-firm/invoices/[invoiceId]/send,src/app/api/the-firm/invoices/[invoiceId]/send/route.ts,22,[invoiceId],,false,false,false,false,false,,0,false,0,,,,,,false,false,false,false,POST,"NextRequest (typed, no member read detected)",,,false,false,,,,false,DYNAMIC_SEGMENT_NO_GSP|NON_GET_METHOD|NOT_FORCE_STATIC,,,,DYNAMIC_SEGMENT_NO_GSP|NON_GET_METHOD|NOT_FORCE_STATIC,false
compliance-tracker,route,/api/the-firm/invoices/[invoiceId]/void,src/app/api/the-firm/invoices/[invoiceId]/void/route.ts,22,[invoiceId],,false,false,false,false,false,,0,false,0,,,,,,false,false,false,false,POST,"NextRequest (typed, no member read detected)",,,false,false,,,,false,DYNAMIC_SEGMENT_NO_GSP|NON_GET_METHOD|NOT_FORCE_STATIC,,,,DYNAMIC_SEGMENT_NO_GSP|NON_GET_METHOD|NOT_FORCE_STATIC,false
compliance-tracker,route,/api/the-firm/portal-links/[linkId]/revoke,src/app/api/the-firm/portal-links/[linkId]/revoke/route.ts,23,[linkId],,false,false,false,false,false,,0,false,0,,,,,,false,false,false,false,POST,"NextRequest (typed, no member read detected)",,,false,false,,,,false,DYNAMIC_SEGMENT_NO_GSP|NON_GET_METHOD|NOT_FORCE_STATIC,,,,DYNAMIC_SEGMENT_NO_GSP|NON_GET_METHOD|NOT_FORCE_STATIC,false
compliance-tracker,route,/api/the-firm/staff/[userId]/assignments,src/app/api/the-firm/staff/[userId]/assignments/route.ts,20,[userId],,false,false,false,false,false,,0,false,0,,,,,,false,false,false,false,GET,"NextRequest (typed, no member read detected)",,,false,false,,,,false,DYNAMIC_SEGMENT_NO_GSP|NOT_FORCE_STATIC,,,,DYNAMIC_SEGMENT_NO_GSP|NOT_FORCE_STATIC,false
compliance-tracker,route,/api/the-firm/staff/[userId]/utilization,src/app/api/the-firm/staff/[userId]/utilization/route.ts,23,[userId],,false,false,false,false,false,,0,false,0,,,,,,false,false,false,false,GET,req.nextUrl,,,false,false,,,,false,DYNAMIC_SEGMENT_NO_GSP|READS_REQUEST|NOT_FORCE_STATIC,,,,DYNAMIC_SEGMENT_NO_GSP|READS_REQUEST|NOT_FORCE_STATIC,false
compliance-tracker,route,/api/the-firm/staff-assignments/[assignmentId]/end,src/app/api/the-firm/staff-assignments/[assignmentId]/end/route.ts,25,[assignmentId],,false,false,false,false,false,,0,false,0,,,,,,false,false,false,false,POST,req.json,,,false,false,,,,false,DYNAMIC_SEGMENT_NO_GSP|NON_GET_METHOD|READS_REQUEST|NOT_FORCE_STATIC,,,,DYNAMIC_SEGMENT_NO_GSP|NON_GET_METHOD|READS_REQUEST|NOT_FORCE_STATIC,false
compliance-tracker,route,/api/the-firm/tax-cases/[caseId]/stage,src/app/api/the-firm/tax-cases/[caseId]/stage/route.ts,25,[caseId],,false,false,false,false,false,,0,false,0,,,,,,false,false,false,false,PATCH,req.json,,,false,false,,,,false,DYNAMIC_SEGMENT_NO_GSP|NON_GET_METHOD|READS_REQUEST|NOT_FORCE_STATIC,,,,DYNAMIC_SEGMENT_NO_GSP|NON_GET_METHOD|READS_REQUEST|NOT_FORCE_STATIC,false
compliance-tracker,route,/api/the-firm/tax-cases/limitations,src/app/api/the-firm/tax-cases/limitations/route.ts,20,,,false,true,false,false,false,,0,false,0,,,,,,false,false,false,false,GET,req.nextUrl,,,false,false,,,,false,READS_REQUEST|NOT_FORCE_STATIC,,,,READS_REQUEST|NOT_FORCE_STATIC,false
compliance-tracker,route,/api/the-firm/time-entries/[timeEntryId],src/app/api/the-firm/time-entries/[timeEntryId]/route.ts,23,[timeEntryId],,false,false,false,false,false,,0,false,0,,,,,,false,false,false,false,PATCH,req.json,,,false,false,,,,false,DYNAMIC_SEGMENT_NO_GSP|NON_GET_METHOD|READS_REQUEST|NOT_FORCE_STATIC,,,,DYNAMIC_SEGMENT_NO_GSP|NON_GET_METHOD|READS_REQUEST|NOT_FORCE_STATIC,false
compliance-tracker,route,/api/the-firm/time-entries/[timeEntryId]/stop,src/app/api/the-firm/time-entries/[timeEntryId]/stop/route.ts,22,[timeEntryId],,false,false,false,false,false,,0,false,0,,,,,,false,false,false,false,POST,"NextRequest (typed, no member read detected)",,,false,false,,,,false,DYNAMIC_SEGMENT_NO_GSP|NON_GET_METHOD|NOT_FORCE_STATIC,,,,DYNAMIC_SEGMENT_NO_GSP|NON_GET_METHOD|NOT_FORCE_STATIC,false
compliance-tracker,route,/api/the-firm/time-entries,src/app/api/the-firm/time-entries/route.ts,44,,,false,true,false,false,false,,0,false,0,,,,,,false,false,false,false,GET|POST,req.nextUrl|req.json,,,false,false,,,,false,NON_GET_METHOD|READS_REQUEST|NOT_FORCE_STATIC,,,,NON_GET_METHOD|READS_REQUEST|NOT_FORCE_STATIC,false
compliance-tracker,route,/api/the-firm/time-entries/start,src/app/api/the-firm/time-entries/start/route.ts,22,,,false,true,false,false,false,,0,false,0,,,,,,false,false,false,false,POST,req.json,,,false,false,,,,false,NON_GET_METHOD|READS_REQUEST|NOT_FORCE_STATIC,,,,NON_GET_METHOD|READS_REQUEST|NOT_FORCE_STATIC,false
compliance-tracker,route,/api/ticket-intelligence/[id]/dismiss,src/app/api/ticket-intelligence/[id]/dismiss/route.ts,31,[id],,false,false,false,false,false,,0,false,0,,,,,,false,false,false,false,POST,"NextRequest (typed, no member read detected)",,,false,false,,,,false,DYNAMIC_SEGMENT_NO_GSP|NON_GET_METHOD|NOT_FORCE_STATIC,,,,DYNAMIC_SEGMENT_NO_GSP|NON_GET_METHOD|NOT_FORCE_STATIC,false
compliance-tracker,route,/api/ticket-intelligence/[id]/promote,src/app/api/ticket-intelligence/[id]/promote/route.ts,28,[id],,false,false,false,false,false,,0,false,0,,,,,,false,false,false,false,POST,request.json,,,false,false,,,,false,DYNAMIC_SEGMENT_NO_GSP|NON_GET_METHOD|READS_REQUEST|NOT_FORCE_STATIC,,,,DYNAMIC_SEGMENT_NO_GSP|NON_GET_METHOD|READS_REQUEST|NOT_FORCE_STATIC,false
compliance-tracker,route,/api/ticket-intelligence/[id],src/app/api/ticket-intelligence/[id]/route.ts,22,[id],,false,false,false,false,false,,0,false,0,,,,,,false,false,false,false,GET,"NextRequest (typed, no member read detected)",,,false,false,,,,false,DYNAMIC_SEGMENT_NO_GSP|NOT_FORCE_STATIC,,,,DYNAMIC_SEGMENT_NO_GSP|NOT_FORCE_STATIC,false
compliance-tracker,route,/api/ticket-teams/[id],src/app/api/ticket-teams/[id]/route.ts,31,[id],,false,false,false,false,false,,0,false,0,,,,,,false,false,false,false,PATCH,request.json,,,false,false,,,,false,DYNAMIC_SEGMENT_NO_GSP|NON_GET_METHOD|READS_REQUEST|NOT_FORCE_STATIC,,,,DYNAMIC_SEGMENT_NO_GSP|NON_GET_METHOD|READS_REQUEST|NOT_FORCE_STATIC,false
compliance-tracker,route,/api/ticket-teams,src/app/api/ticket-teams/route.ts,49,,,false,true,false,false,false,,0,false,0,,,,,,false,false,false,false,GET|POST,request.json,,,false,false,,,,false,NON_GET_METHOD|READS_REQUEST|NOT_FORCE_STATIC,,,,NON_GET_METHOD|READS_REQUEST|NOT_FORCE_STATIC,false
compliance-tracker,route,/api/tickets/[id]/dispatches,src/app/api/tickets/[id]/dispatches/route.ts,48,[id],,false,false,false,false,false,,0,false,0,,,,,,false,false,false,false,GET|POST,request.json,,,false,false,,,,false,DYNAMIC_SEGMENT_NO_GSP|NON_GET_METHOD|READS_REQUEST|NOT_FORCE_STATIC,,,,DYNAMIC_SEGMENT_NO_GSP|NON_GET_METHOD|READS_REQUEST|NOT_FORCE_STATIC,false
compliance-tracker,route,/api/tickets/[id]/guest-access,src/app/api/tickets/[id]/guest-access/route.ts,28,[id],,false,false,false,false,false,,0,false,0,,,,,,false,false,false,false,POST,request.json|request.nextUrl,,,false,false,,,,false,DYNAMIC_SEGMENT_NO_GSP|NON_GET_METHOD|READS_REQUEST|NOT_FORCE_STATIC,,,,DYNAMIC_SEGMENT_NO_GSP|NON_GET_METHOD|READS_REQUEST|NOT_FORCE_STATIC,false
compliance-tracker,route,/api/tickets/[id]/installed-product,src/app/api/tickets/[id]/installed-product/route.ts,29,[id],,false,false,false,false,false,,0,false,0,,,,,,false,false,false,false,PATCH,request.json,,,false,false,,,,false,DYNAMIC_SEGMENT_NO_GSP|NON_GET_METHOD|READS_REQUEST|NOT_FORCE_STATIC,,,,DYNAMIC_SEGMENT_NO_GSP|NON_GET_METHOD|READS_REQUEST|NOT_FORCE_STATIC,false
compliance-tracker,route,/api/tickets/[id]/intelligence,src/app/api/tickets/[id]/intelligence/route.ts,43,[id],,false,false,false,false,false,,0,false,0,,,,,,false,false,false,false,GET|POST,"NextRequest (typed, no member read detected)",,,false,false,,,,false,DYNAMIC_SEGMENT_NO_GSP|NON_GET_METHOD|NOT_FORCE_STATIC,,,,DYNAMIC_SEGMENT_NO_GSP|NON_GET_METHOD|NOT_FORCE_STATIC,false
compliance-tracker,route,/api/tickets/[id],src/app/api/tickets/[id]/route.ts,41,[id],,false,false,false,false,false,,0,false,0,,,,,,false,false,false,false,GET|PATCH,request.json,,,false,false,,,,false,DYNAMIC_SEGMENT_NO_GSP|NON_GET_METHOD|READS_REQUEST|NOT_FORCE_STATIC,,,,DYNAMIC_SEGMENT_NO_GSP|NON_GET_METHOD|READS_REQUEST|NOT_FORCE_STATIC,false
compliance-tracker,route,/api/tickets/[id]/surveys,src/app/api/tickets/[id]/surveys/route.ts,22,[id],,false,false,false,false,false,,0,false,0,,,,,,false,false,false,false,GET,"NextRequest (typed, no member read detected)",,,false,false,,,,false,DYNAMIC_SEGMENT_NO_GSP|NOT_FORCE_STATIC,,,,DYNAMIC_SEGMENT_NO_GSP|NOT_FORCE_STATIC,false
compliance-tracker,route,/api/tickets,src/app/api/tickets/route.ts,38,,,false,true,false,false,false,,0,false,0,,,,,,false,false,false,false,GET|POST,request.nextUrl|request.json,,,false,false,,,,false,NON_GET_METHOD|READS_REQUEST|NOT_FORCE_STATIC,,,,NON_GET_METHOD|READS_REQUEST|NOT_FORCE_STATIC,false
compliance-tracker,route,/api/track/offer,src/app/api/track/offer/route.ts,24,,,false,true,false,false,false,,0,false,0,,,,,,false,false,false,false,POST,request.json,,,false,false,,,,false,NON_GET_METHOD|READS_REQUEST|NOT_FORCE_STATIC,,,,NON_GET_METHOD|READS_REQUEST|NOT_FORCE_STATIC,false
compliance-tracker,route,/api/track,src/app/api/track/route.ts,24,,,false,true,false,false,false,,0,false,0,,,,,,false,false,false,false,POST,request.json|request.headers,,,false,false,,,,false,NON_GET_METHOD|READS_REQUEST|NOT_FORCE_STATIC,,,,NON_GET_METHOD|READS_REQUEST|NOT_FORCE_STATIC,false
compliance-tracker,route,/api/training/assessments/[id]/questions,src/app/api/training/assessments/[id]/questions/route.ts,45,[id],,false,false,false,false,false,,0,false,0,,,,,,false,false,false,false,GET|POST,request.nextUrl|request.json,,,false,false,,,,false,DYNAMIC_SEGMENT_NO_GSP|NON_GET_METHOD|READS_REQUEST|NOT_FORCE_STATIC,,,,DYNAMIC_SEGMENT_NO_GSP|NON_GET_METHOD|READS_REQUEST|NOT_FORCE_STATIC,false
compliance-tracker,route,/api/training/assessments/[id],src/app/api/training/assessments/[id]/route.ts,43,[id],,false,false,false,false,false,,0,false,0,,,,,,false,false,false,false,PATCH|DELETE,request.json,,,false,false,,,,false,DYNAMIC_SEGMENT_NO_GSP|NON_GET_METHOD|READS_REQUEST|NOT_FORCE_STATIC,,,,DYNAMIC_SEGMENT_NO_GSP|NON_GET_METHOD|READS_REQUEST|NOT_FORCE_STATIC,false
compliance-tracker,route,/api/training/courses/[id]/assessment,src/app/api/training/courses/[id]/assessment/route.ts,27,[id],,false,false,false,false,false,,0,false,0,,,,,,false,false,false,false,POST,request.json,,,false,false,,,,false,DYNAMIC_SEGMENT_NO_GSP|NON_GET_METHOD|READS_REQUEST|NOT_FORCE_STATIC,,,,DYNAMIC_SEGMENT_NO_GSP|NON_GET_METHOD|READS_REQUEST|NOT_FORCE_STATIC,false
compliance-tracker,route,/api/training/courses/[id]/modules,src/app/api/training/courses/[id]/modules/route.ts,27,[id],,false,false,false,false,false,,0,false,0,,,,,,false,false,false,false,POST,request.json,,,false,false,,,,false,DYNAMIC_SEGMENT_NO_GSP|NON_GET_METHOD|READS_REQUEST|NOT_FORCE_STATIC,,,,DYNAMIC_SEGMENT_NO_GSP|NON_GET_METHOD|READS_REQUEST|NOT_FORCE_STATIC,false
compliance-tracker,route,/api/training/courses/[id],src/app/api/training/courses/[id]/route.ts,59,[id],,false,false,false,false,false,,0,false,0,,,,,,false,false,false,false,GET|PATCH|DELETE,request.json,,,false,false,,,,false,DYNAMIC_SEGMENT_NO_GSP|NON_GET_METHOD|READS_REQUEST|NOT_FORCE_STATIC,,,,DYNAMIC_SEGMENT_NO_GSP|NON_GET_METHOD|READS_REQUEST|NOT_FORCE_STATIC,false
compliance-tracker,route,/api/training/courses,src/app/api/training/courses/route.ts,40,,,false,true,false,false,false,,0,false,0,,,,,,false,false,false,false,GET|POST,request.nextUrl|request.json,,,false,false,,,,false,NON_GET_METHOD|READS_REQUEST|NOT_FORCE_STATIC,,,,NON_GET_METHOD|READS_REQUEST|NOT_FORCE_STATIC,false
compliance-tracker,route,/api/training/enrollments/[id]/attempts,src/app/api/training/enrollments/[id]/attempts/route.ts,24,[id],,false,false,false,false,false,,0,false,0,,,,,,false,false,false,false,POST,request.json,,,false,false,,,,false,DYNAMIC_SEGMENT_NO_GSP|NON_GET_METHOD|READS_REQUEST|NOT_FORCE_STATIC,,,,DYNAMIC_SEGMENT_NO_GSP|NON_GET_METHOD|READS_REQUEST|NOT_FORCE_STATIC,false
compliance-tracker,route,/api/training/enrollments/[id]/complete,src/app/api/training/enrollments/[id]/complete/route.ts,25,[id],,false,false,false,false,false,,0,false,0,,,,,,false,false,false,false,POST,"NextRequest (typed, no member read detected)",,,false,false,,,,false,DYNAMIC_SEGMENT_NO_GSP|NON_GET_METHOD|NOT_FORCE_STATIC,,,,DYNAMIC_SEGMENT_NO_GSP|NON_GET_METHOD|NOT_FORCE_STATIC,false
compliance-tracker,route,/api/training/enrollments/[id],src/app/api/training/enrollments/[id]/route.ts,25,[id],,false,false,false,false,false,,0,false,0,,,,,,false,false,false,false,GET,"NextRequest (typed, no member read detected)",,,false,false,,,,false,DYNAMIC_SEGMENT_NO_GSP|NOT_FORCE_STATIC,,,,DYNAMIC_SEGMENT_NO_GSP|NOT_FORCE_STATIC,false
compliance-tracker,route,/api/training/enrollments/[id]/start,src/app/api/training/enrollments/[id]/start/route.ts,22,[id],,false,false,false,false,false,,0,false,0,,,,,,false,false,false,false,POST,"NextRequest (typed, no member read detected)",,,false,false,,,,false,DYNAMIC_SEGMENT_NO_GSP|NON_GET_METHOD|NOT_FORCE_STATIC,,,,DYNAMIC_SEGMENT_NO_GSP|NON_GET_METHOD|NOT_FORCE_STATIC,false
compliance-tracker,route,/api/training/enrollments,src/app/api/training/enrollments/route.ts,52,,,false,true,false,false,false,,0,false,0,,,,,,false,false,false,false,GET|POST,request.nextUrl|request.json,,,false,false,,,,false,NON_GET_METHOD|READS_REQUEST|NOT_FORCE_STATIC,,,,NON_GET_METHOD|READS_REQUEST|NOT_FORCE_STATIC,false
compliance-tracker,route,/api/training/lessons/[id]/attachments,src/app/api/training/lessons/[id]/attachments/route.ts,27,[id],,false,false,false,false,false,,0,false,0,,,,,,false,false,false,false,GET,"NextRequest (typed, no member read detected)",,,false,false,,,,false,DYNAMIC_SEGMENT_NO_GSP|NOT_FORCE_STATIC,,,,DYNAMIC_SEGMENT_NO_GSP|NOT_FORCE_STATIC,false
compliance-tracker,route,/api/training/lessons/[id],src/app/api/training/lessons/[id]/route.ts,43,[id],,false,false,false,false,false,,0,false,0,,,,,,false,false,false,false,PATCH|DELETE,request.json,,,false,false,,,,false,DYNAMIC_SEGMENT_NO_GSP|NON_GET_METHOD|READS_REQUEST|NOT_FORCE_STATIC,,,,DYNAMIC_SEGMENT_NO_GSP|NON_GET_METHOD|READS_REQUEST|NOT_FORCE_STATIC,false
compliance-tracker,route,/api/training/modules/[id]/lessons,src/app/api/training/modules/[id]/lessons/route.ts,27,[id],,false,false,false,false,false,,0,false,0,,,,,,false,false,false,false,POST,request.json,,,false,false,,,,false,DYNAMIC_SEGMENT_NO_GSP|NON_GET_METHOD|READS_REQUEST|NOT_FORCE_STATIC,,,,DYNAMIC_SEGMENT_NO_GSP|NON_GET_METHOD|READS_REQUEST|NOT_FORCE_STATIC,false
compliance-tracker,route,/api/training/modules/[id],src/app/api/training/modules/[id]/route.ts,43,[id],,false,false,false,false,false,,0,false,0,,,,,,false,false,false,false,PATCH|DELETE,request.json,,,false,false,,,,false,DYNAMIC_SEGMENT_NO_GSP|NON_GET_METHOD|READS_REQUEST|NOT_FORCE_STATIC,,,,DYNAMIC_SEGMENT_NO_GSP|NON_GET_METHOD|READS_REQUEST|NOT_FORCE_STATIC,false
compliance-tracker,route,/api/training/my,src/app/api/training/my/route.ts,19,,,false,true,false,false,false,,0,false,0,,,,,,false,false,false,false,GET,,,,false,false,,,,false,NOT_FORCE_STATIC,,,,NOT_FORCE_STATIC,false
compliance-tracker,route,/api/training/paths/[id]/assign,src/app/api/training/paths/[id]/assign/route.ts,30,[id],,false,false,false,false,false,,0,false,0,,,,,,false,false,false,false,POST,request.json,,,false,false,,,,false,DYNAMIC_SEGMENT_NO_GSP|NON_GET_METHOD|READS_REQUEST|NOT_FORCE_STATIC,,,,DYNAMIC_SEGMENT_NO_GSP|NON_GET_METHOD|READS_REQUEST|NOT_FORCE_STATIC,false
compliance-tracker,route,/api/training/paths/[id]/courses,src/app/api/training/paths/[id]/courses/route.ts,25,[id],,false,false,false,false,false,,0,false,0,,,,,,false,false,false,false,POST,request.json,,,false,false,,,,false,DYNAMIC_SEGMENT_NO_GSP|NON_GET_METHOD|READS_REQUEST|NOT_FORCE_STATIC,,,,DYNAMIC_SEGMENT_NO_GSP|NON_GET_METHOD|READS_REQUEST|NOT_FORCE_STATIC,false
compliance-tracker,route,/api/training/paths/[id],src/app/api/training/paths/[id]/route.ts,41,[id],,false,false,false,false,false,,0,false,0,,,,,,false,false,false,false,GET|PATCH,request.json,,,false,false,,,,false,DYNAMIC_SEGMENT_NO_GSP|NON_GET_METHOD|READS_REQUEST|NOT_FORCE_STATIC,,,,DYNAMIC_SEGMENT_NO_GSP|NON_GET_METHOD|READS_REQUEST|NOT_FORCE_STATIC,false
compliance-tracker,route,/api/training/paths,src/app/api/training/paths/route.ts,37,,,false,true,false,false,false,,0,false,0,,,,,,false,false,false,false,GET|POST,request.json,,,false,false,,,,false,NON_GET_METHOD|READS_REQUEST|NOT_FORCE_STATIC,,,,NON_GET_METHOD|READS_REQUEST|NOT_FORCE_STATIC,false
compliance-tracker,route,/api/training/questions/[id],src/app/api/training/questions/[id]/route.ts,43,[id],,false,false,false,false,false,,0,false,0,,,,,,false,false,false,false,PATCH|DELETE,request.json,,,false,false,,,,false,DYNAMIC_SEGMENT_NO_GSP|NON_GET_METHOD|READS_REQUEST|NOT_FORCE_STATIC,,,,DYNAMIC_SEGMENT_NO_GSP|NON_GET_METHOD|READS_REQUEST|NOT_FORCE_STATIC,false
compliance-tracker,route,/api/training/roster,src/app/api/training/roster/route.ts,30,,,false,true,false,false,false,,0,false,0,,,,,,false,false,false,false,GET,request.nextUrl,,,false,false,,,,false,READS_REQUEST|NOT_FORCE_STATIC,,,,READS_REQUEST|NOT_FORCE_STATIC,false
compliance-tracker,route,/api/users,src/app/api/users/route.ts,147,,,false,true,false,false,false,,0,false,0,,,,,,false,false,false,false,GET|POST,request.json,,,false,false,,,,false,NON_GET_METHOD|READS_REQUEST|NOT_FORCE_STATIC,,,,NON_GET_METHOD|READS_REQUEST|NOT_FORCE_STATIC,false
compliance-tracker,route,/api/v1/brain/capabilities,src/app/api/v1/brain/capabilities/route.ts,30,,,false,true,false,false,false,,0,false,0,,,,,,false,false,false,false,GET,request.nextUrl|request passed to helper,,,false,false,,,,false,READS_REQUEST|NOT_FORCE_STATIC,,,,READS_REQUEST|NOT_FORCE_STATIC,false
compliance-tracker,route,/api/v1/brain/entity-relationships,src/app/api/v1/brain/entity-relationships/route.ts,31,,,false,true,false,false,false,,0,false,0,,,,,,false,false,false,false,GET,request.nextUrl|request passed to helper,,,false,false,,,,false,READS_REQUEST|NOT_FORCE_STATIC,,,,READS_REQUEST|NOT_FORCE_STATIC,false
compliance-tracker,route,/api/v1/compliance/[id],src/app/api/v1/compliance/[id]/route.ts,65,[id],,false,false,false,false,false,,0,false,0,,,,,,false,false,false,false,GET|PATCH|DELETE,request.json|request passed to helper,,,false,false,,,,false,DYNAMIC_SEGMENT_NO_GSP|NON_GET_METHOD|READS_REQUEST|NOT_FORCE_STATIC,,,,DYNAMIC_SEGMENT_NO_GSP|NON_GET_METHOD|READS_REQUEST|NOT_FORCE_STATIC,false
compliance-tracker,route,/api/v1/compliance,src/app/api/v1/compliance/route.ts,58,,,false,true,false,false,false,,0,false,0,,,,,,false,false,false,false,GET|POST,request.nextUrl|request.json|request passed to helper,,,false,false,,,,false,NON_GET_METHOD|READS_REQUEST|NOT_FORCE_STATIC,,,,NON_GET_METHOD|READS_REQUEST|NOT_FORCE_STATIC,false
compliance-tracker,route,/api/v1/compliance/stats,src/app/api/v1/compliance/stats/route.ts,22,,,false,true,false,false,false,,0,false,0,,,,,,false,false,false,false,GET,request passed to helper,,,false,false,,,,false,READS_REQUEST|NOT_FORCE_STATIC,,,,READS_REQUEST|NOT_FORCE_STATIC,false
compliance-tracker,route,/api/v1/connectors/office-addin/departments,src/app/api/v1/connectors/office-addin/departments/route.ts,33,,,false,true,false,false,false,,0,false,0,,,,,,false,false,false,false,GET,request passed to helper,,,false,false,,,,false,READS_REQUEST|NOT_FORCE_STATIC,,,,READS_REQUEST|NOT_FORCE_STATIC,false
compliance-tracker,route,/api/v1/connectors/office-addin/whoami,src/app/api/v1/connectors/office-addin/whoami/route.ts,36,,,false,true,false,false,false,,0,false,0,,,,,,false,false,false,false,GET,request passed to helper,,,false,false,,,,false,READS_REQUEST|NOT_FORCE_STATIC,,,,READS_REQUEST|NOT_FORCE_STATIC,false
compliance-tracker,route,/api/v1/construction/attendance/bulk,src/app/api/v1/construction/attendance/bulk/route.ts,31,,,false,true,false,false,false,,0,false,0,,,,,,false,false,false,false,POST,request.json|request passed to helper,,,false,false,,,,false,NON_GET_METHOD|READS_REQUEST|NOT_FORCE_STATIC,,,,NON_GET_METHOD|READS_REQUEST|NOT_FORCE_STATIC,false
compliance-tracker,route,/api/v1/construction/attendance,src/app/api/v1/construction/attendance/route.ts,96,,,false,true,false,false,false,,0,false,0,,,,,,false,false,false,false,GET|POST,request.nextUrl|request.json,,,false,false,,,,false,NON_GET_METHOD|READS_REQUEST|NOT_FORCE_STATIC,,,,NON_GET_METHOD|READS_REQUEST|NOT_FORCE_STATIC,false
compliance-tracker,route,/api/v1/construction/boq/[id]/approve,src/app/api/v1/construction/boq/[id]/approve/route.ts,36,[id],,false,false,false,false,false,,0,false,0,,,,,,false,false,false,false,POST,request passed to helper,,,false,false,,,,false,DYNAMIC_SEGMENT_NO_GSP|NON_GET_METHOD|READS_REQUEST|NOT_FORCE_STATIC,,,,DYNAMIC_SEGMENT_NO_GSP|NON_GET_METHOD|READS_REQUEST|NOT_FORCE_STATIC,false
compliance-tracker,route,/api/v1/construction/boq/[id]/compare,src/app/api/v1/construction/boq/[id]/compare/route.ts,33,[id],,false,false,false,false,false,,0,false,0,,,,,,false,false,false,false,GET,request.nextUrl|request passed to helper,,,false,false,,,,false,DYNAMIC_SEGMENT_NO_GSP|READS_REQUEST|NOT_FORCE_STATIC,,,,DYNAMIC_SEGMENT_NO_GSP|READS_REQUEST|NOT_FORCE_STATIC,false
compliance-tracker,route,/api/v1/construction/boq/[id]/excel/apply,src/app/api/v1/construction/boq/[id]/excel/apply/route.ts,75,[id],,false,false,false,false,false,,0,false,0,,,,,,false,false,false,false,POST,request.formData|request passed to helper,,,false,false,,,,false,DYNAMIC_SEGMENT_NO_GSP|NON_GET_METHOD|READS_REQUEST|NOT_FORCE_STATIC,,,,DYNAMIC_SEGMENT_NO_GSP|NON_GET_METHOD|READS_REQUEST|NOT_FORCE_STATIC,false
compliance-tracker,route,/api/v1/construction/boq/[id]/excel/diff,src/app/api/v1/construction/boq/[id]/excel/diff/route.ts,58,[id],,false,false,false,false,false,,0,false,0,,,,,,false,false,false,false,POST,request.formData|request passed to helper,,,false,false,,,,false,DYNAMIC_SEGMENT_NO_GSP|NON_GET_METHOD|READS_REQUEST|NOT_FORCE_STATIC,,,,DYNAMIC_SEGMENT_NO_GSP|NON_GET_METHOD|READS_REQUEST|NOT_FORCE_STATIC,false
compliance-tracker,route,/api/v1/construction/boq/[id]/excel/export,src/app/api/v1/construction/boq/[id]/excel/export/route.ts,51,[id],,false,false,false,false,false,,0,false,0,,,,,,false,false,false,false,GET,request.nextUrl|request passed to helper,,,false,false,,,,false,DYNAMIC_SEGMENT_NO_GSP|READS_REQUEST|NOT_FORCE_STATIC,,,,DYNAMIC_SEGMENT_NO_GSP|READS_REQUEST|NOT_FORCE_STATIC,false
compliance-tracker,route,/api/v1/construction/boq/[id]/revisions,src/app/api/v1/construction/boq/[id]/revisions/route.ts,36,[id],,false,false,false,false,false,,0,false,0,,,,,,false,false,false,false,POST,request.json|request passed to helper,,,false,false,,,,false,DYNAMIC_SEGMENT_NO_GSP|NON_GET_METHOD|READS_REQUEST|NOT_FORCE_STATIC,,,,DYNAMIC_SEGMENT_NO_GSP|NON_GET_METHOD|READS_REQUEST|NOT_FORCE_STATIC,false
compliance-tracker,route,/api/v1/construction/boq/[id],src/app/api/v1/construction/boq/[id]/route.ts,138,[id],,false,false,false,false,false,,0,false,0,,,,,,false,false,false,false,GET|PATCH|DELETE,request.url|request.json|new URL(request.url)|request passed to helper,,,false,false,,,,false,DYNAMIC_SEGMENT_NO_GSP|NON_GET_METHOD|READS_REQUEST|NOT_FORCE_STATIC,,,,DYNAMIC_SEGMENT_NO_GSP|NON_GET_METHOD|READS_REQUEST|NOT_FORCE_STATIC,false
compliance-tracker,route,/api/v1/construction/boq/[id]/submit,src/app/api/v1/construction/boq/[id]/submit/route.ts,30,[id],,false,false,false,false,false,,0,false,0,,,,,,false,false,false,false,POST,request passed to helper,,,false,false,,,,false,DYNAMIC_SEGMENT_NO_GSP|NON_GET_METHOD|READS_REQUEST|NOT_FORCE_STATIC,,,,DYNAMIC_SEGMENT_NO_GSP|NON_GET_METHOD|READS_REQUEST|NOT_FORCE_STATIC,false
compliance-tracker,route,/api/v1/construction/boq/categories/[id],src/app/api/v1/construction/boq/categories/[id]/route.ts,48,[id],,false,false,false,false,false,,0,false,0,,,,,,false,false,false,false,PATCH|DELETE,request.json|request passed to helper,,,false,false,,,,false,DYNAMIC_SEGMENT_NO_GSP|NON_GET_METHOD|READS_REQUEST|NOT_FORCE_STATIC,,,,DYNAMIC_SEGMENT_NO_GSP|NON_GET_METHOD|READS_REQUEST|NOT_FORCE_STATIC,false
compliance-tracker,route,/api/v1/construction/boq/categories,src/app/api/v1/construction/boq/categories/route.ts,45,,,false,true,false,false,false,,0,false,0,,,,,,false,false,false,false,GET|POST,request.nextUrl|request.json|request passed to helper,,,false,false,,,,false,NON_GET_METHOD|READS_REQUEST|NOT_FORCE_STATIC,,,,NON_GET_METHOD|READS_REQUEST|NOT_FORCE_STATIC,false
compliance-tracker,route,/api/v1/construction/boq/line-items/[id],src/app/api/v1/construction/boq/line-items/[id]/route.ts,72,[id],,false,false,false,false,false,,0,false,0,,,,,,false,false,false,false,PATCH,request.json|request passed to helper,,,false,false,,,,false,DYNAMIC_SEGMENT_NO_GSP|NON_GET_METHOD|READS_REQUEST|NOT_FORCE_STATIC,,,,DYNAMIC_SEGMENT_NO_GSP|NON_GET_METHOD|READS_REQUEST|NOT_FORCE_STATIC,false
compliance-tracker,route,/api/v1/construction/boq,src/app/api/v1/construction/boq/route.ts,108,,,false,true,false,false,false,,0,false,0,,,,,,false,false,false,false,GET|POST,request.nextUrl|request.json,,,false,false,,,,false,NON_GET_METHOD|READS_REQUEST|NOT_FORCE_STATIC,,,,NON_GET_METHOD|READS_REQUEST|NOT_FORCE_STATIC,false
compliance-tracker,route,/api/v1/construction/cost-visibility,src/app/api/v1/construction/cost-visibility/route.ts,74,,,false,true,false,false,false,,0,false,0,,,,,,false,false,false,false,GET|PATCH,request.json|request passed to helper,,,false,false,,,,false,NON_GET_METHOD|READS_REQUEST|NOT_FORCE_STATIC,,,,NON_GET_METHOD|READS_REQUEST|NOT_FORCE_STATIC,false
compliance-tracker,route,/api/v1/construction/kpi-definitions/[id],src/app/api/v1/construction/kpi-definitions/[id]/route.ts,22,[id],,false,false,false,false,false,,0,false,0,,,,,,false,false,false,false,GET,request passed to helper,,,false,false,,,,false,DYNAMIC_SEGMENT_NO_GSP|READS_REQUEST|NOT_FORCE_STATIC,,,,DYNAMIC_SEGMENT_NO_GSP|READS_REQUEST|NOT_FORCE_STATIC,false
compliance-tracker,route,/api/v1/construction/kpi-definitions,src/app/api/v1/construction/kpi-definitions/route.ts,37,,,false,true,false,false,false,,0,false,0,,,,,,false,false,false,false,GET|POST,request.nextUrl|request.json|request passed to helper,,,false,false,,,,false,NON_GET_METHOD|READS_REQUEST|NOT_FORCE_STATIC,,,,NON_GET_METHOD|READS_REQUEST|NOT_FORCE_STATIC,false
compliance-tracker,route,/api/v1/construction/kpi-entries/[id]/approve,src/app/api/v1/construction/kpi-entries/[id]/approve/route.ts,38,[id],,false,false,false,false,false,,0,false,0,,,,,,false,false,false,false,POST,request passed to helper,,,false,false,,,,false,DYNAMIC_SEGMENT_NO_GSP|NON_GET_METHOD|READS_REQUEST|NOT_FORCE_STATIC,,,,DYNAMIC_SEGMENT_NO_GSP|NON_GET_METHOD|READS_REQUEST|NOT_FORCE_STATIC,false
compliance-tracker,route,/api/v1/construction/kpi-entries,src/app/api/v1/construction/kpi-entries/route.ts,41,,,false,true,false,false,false,,0,false,0,,,,,,false,false,false,false,GET|POST,request.nextUrl|request.json|request passed to helper,,,false,false,,,,false,NON_GET_METHOD|READS_REQUEST|NOT_FORCE_STATIC,,,,NON_GET_METHOD|READS_REQUEST|NOT_FORCE_STATIC,false
compliance-tracker,route,/api/v1/construction/labour-roster/[id],src/app/api/v1/construction/labour-roster/[id]/route.ts,41,[id],,false,false,false,false,false,,0,false,0,,,,,,false,false,false,false,GET|PATCH,request.json|request passed to helper,,,false,false,,,,false,DYNAMIC_SEGMENT_NO_GSP|NON_GET_METHOD|READS_REQUEST|NOT_FORCE_STATIC,,,,DYNAMIC_SEGMENT_NO_GSP|NON_GET_METHOD|READS_REQUEST|NOT_FORCE_STATIC,false
compliance-tracker,route,/api/v1/construction/labour-roster,src/app/api/v1/construction/labour-roster/route.ts,73,,,false,true,false,false,false,,0,false,0,,,,,,false,false,false,false,GET|POST,request.nextUrl|request.json,,,false,false,,,,false,NON_GET_METHOD|READS_REQUEST|NOT_FORCE_STATIC,,,,NON_GET_METHOD|READS_REQUEST|NOT_FORCE_STATIC,false
compliance-tracker,route,/api/v1/construction/materials/[id],src/app/api/v1/construction/materials/[id]/route.ts,41,[id],,false,false,false,false,false,,0,false,0,,,,,,false,false,false,false,GET|PATCH,request.json|request passed to helper,,,false,false,,,,false,DYNAMIC_SEGMENT_NO_GSP|NON_GET_METHOD|READS_REQUEST|NOT_FORCE_STATIC,,,,DYNAMIC_SEGMENT_NO_GSP|NON_GET_METHOD|READS_REQUEST|NOT_FORCE_STATIC,false
compliance-tracker,route,/api/v1/construction/materials/cost-report/export,src/app/api/v1/construction/materials/cost-report/export/route.ts,132,,,false,true,false,false,false,,0,false,0,,,,,,false,false,false,false,GET,request.nextUrl|request passed to helper,,,false,false,,,,false,READS_REQUEST|NOT_FORCE_STATIC,,,,READS_REQUEST|NOT_FORCE_STATIC,false
compliance-tracker,route,/api/v1/construction/materials/cost-report,src/app/api/v1/construction/materials/cost-report/route.ts,39,,,false,true,false,false,false,,0,false,0,,,,,,false,false,false,false,GET,request.nextUrl|request passed to helper,,,false,false,,,,false,READS_REQUEST|NOT_FORCE_STATIC,,,,READS_REQUEST|NOT_FORCE_STATIC,false
compliance-tracker,route,/api/v1/construction/materials/issues,src/app/api/v1/construction/materials/issues/route.ts,47,,,false,true,false,false,false,,0,false,0,,,,,,false,false,false,false,GET|POST,request.nextUrl|request.json|request passed to helper,,,false,false,,,,false,NON_GET_METHOD|READS_REQUEST|NOT_FORCE_STATIC,,,,NON_GET_METHOD|READS_REQUEST|NOT_FORCE_STATIC,false
compliance-tracker,route,/api/v1/construction/materials/receipts/[id],src/app/api/v1/construction/materials/receipts/[id]/route.ts,49,[id],,false,false,false,false,false,,0,false,0,,,,,,false,false,false,false,GET|PATCH,request.json|request passed to helper,,,false,false,,,,false,DYNAMIC_SEGMENT_NO_GSP|NON_GET_METHOD|READS_REQUEST|NOT_FORCE_STATIC,,,,DYNAMIC_SEGMENT_NO_GSP|NON_GET_METHOD|READS_REQUEST|NOT_FORCE_STATIC,false
compliance-tracker,route,/api/v1/construction/materials/receipts,src/app/api/v1/construction/materials/receipts/route.ts,42,,,false,true,false,false,false,,0,false,0,,,,,,false,false,false,false,GET|POST,request.nextUrl|request.json|request passed to helper,,,false,false,,,,false,NON_GET_METHOD|READS_REQUEST|NOT_FORCE_STATIC,,,,NON_GET_METHOD|READS_REQUEST|NOT_FORCE_STATIC,false
compliance-tracker,route,/api/v1/construction/materials,src/app/api/v1/construction/materials/route.ts,42,,,false,true,false,false,false,,0,false,0,,,,,,false,false,false,false,GET|POST,request.nextUrl|request.json|request passed to helper,,,false,false,,,,false,NON_GET_METHOD|READS_REQUEST|NOT_FORCE_STATIC,,,,NON_GET_METHOD|READS_REQUEST|NOT_FORCE_STATIC,false
compliance-tracker,route,/api/v1/construction/predictions/[activityId],src/app/api/v1/construction/predictions/[activityId]/route.ts,20,[activityId],,false,false,false,false,false,,0,false,0,,,,,,false,false,false,false,GET,request passed to helper,,,false,false,,,,false,DYNAMIC_SEGMENT_NO_GSP|READS_REQUEST|NOT_FORCE_STATIC,,,,DYNAMIC_SEGMENT_NO_GSP|READS_REQUEST|NOT_FORCE_STATIC,false
compliance-tracker,route,/api/v1/construction/progress/[id],src/app/api/v1/construction/progress/[id]/route.ts,91,[id],,false,false,false,false,false,,0,false,0,,,,,,false,false,false,false,GET|PATCH|DELETE,request.json|request passed to helper,,,false,false,,,,false,DYNAMIC_SEGMENT_NO_GSP|NON_GET_METHOD|READS_REQUEST|NOT_FORCE_STATIC,,,,DYNAMIC_SEGMENT_NO_GSP|NON_GET_METHOD|READS_REQUEST|NOT_FORCE_STATIC,false
compliance-tracker,route,/api/v1/construction/progress,src/app/api/v1/construction/progress/route.ts,89,,,false,true,false,false,false,,0,false,0,,,,,,false,false,false,false,GET|POST,request.nextUrl|request.json,,,false,false,,,,false,NON_GET_METHOD|READS_REQUEST|NOT_FORCE_STATIC,,,,NON_GET_METHOD|READS_REQUEST|NOT_FORCE_STATIC,false
compliance-tracker,route,/api/v1/construction/site-diary/[id],src/app/api/v1/construction/site-diary/[id]/route.ts,43,[id],,false,false,false,false,false,,0,false,0,,,,,,false,false,false,false,GET,request passed to helper,,,false,false,,,,false,DYNAMIC_SEGMENT_NO_GSP|READS_REQUEST|NOT_FORCE_STATIC,,,,DYNAMIC_SEGMENT_NO_GSP|READS_REQUEST|NOT_FORCE_STATIC,false
compliance-tracker,route,/api/v1/construction/site-diary,src/app/api/v1/construction/site-diary/route.ts,96,,,false,true,false,false,false,,0,false,0,,,,,,false,false,false,false,GET|POST,request.nextUrl|request.json|request passed to helper,,,false,false,,,,false,NON_GET_METHOD|READS_REQUEST|NOT_FORCE_STATIC,,,,NON_GET_METHOD|READS_REQUEST|NOT_FORCE_STATIC,false
compliance-tracker,route,/api/v1/construction/site-instructions/[id],src/app/api/v1/construction/site-instructions/[id]/route.ts,20,[id],,false,false,false,false,false,,0,false,0,,,,,,false,false,false,false,GET,request passed to helper,,,false,false,,,,false,DYNAMIC_SEGMENT_NO_GSP|READS_REQUEST|NOT_FORCE_STATIC,,,,DYNAMIC_SEGMENT_NO_GSP|READS_REQUEST|NOT_FORCE_STATIC,false
compliance-tracker,route,/api/v1/construction/site-instructions,src/app/api/v1/construction/site-instructions/route.ts,45,,,false,true,false,false,false,,0,false,0,,,,,,false,false,false,false,GET|POST,request.nextUrl|request.json|request passed to helper,,,false,false,,,,false,NON_GET_METHOD|READS_REQUEST|NOT_FORCE_STATIC,,,,NON_GET_METHOD|READS_REQUEST|NOT_FORCE_STATIC,false
compliance-tracker,route,/api/v1/documents/expiring,src/app/api/v1/documents/expiring/route.ts,24,,,false,true,false,false,false,,0,false,0,,,,,,false,false,false,false,GET,request.nextUrl|request passed to helper,,,false,false,,,,false,READS_REQUEST|NOT_FORCE_STATIC,,,,READS_REQUEST|NOT_FORCE_STATIC,false
compliance-tracker,route,/api/v1/documents,src/app/api/v1/documents/route.ts,116,,,false,true,false,false,false,,0,false,0,,,,,,false,false,false,false,GET|POST,request.nextUrl|request.formData,,,false,false,,,,false,NON_GET_METHOD|READS_REQUEST|NOT_FORCE_STATIC,,,,NON_GET_METHOD|READS_REQUEST|NOT_FORCE_STATIC,false
compliance-tracker,route,/api/v1/erp/budgets/[id],src/app/api/v1/erp/budgets/[id]/route.ts,20,[id],,false,false,false,false,false,,0,false,0,,,,,,false,false,false,false,GET,request passed to helper,,,false,false,,,,false,DYNAMIC_SEGMENT_NO_GSP|READS_REQUEST|NOT_FORCE_STATIC,,,,DYNAMIC_SEGMENT_NO_GSP|READS_REQUEST|NOT_FORCE_STATIC,false
compliance-tracker,route,/api/v1/erp/budgets,src/app/api/v1/erp/budgets/route.ts,38,,,false,true,false,false,false,,0,false,0,,,,,,false,false,false,false,GET|POST,request.json|request passed to helper,,,false,false,,,,false,NON_GET_METHOD|READS_REQUEST|NOT_FORCE_STATIC,,,,NON_GET_METHOD|READS_REQUEST|NOT_FORCE_STATIC,false
compliance-tracker,route,/api/v1/erp/inventory/issues,src/app/api/v1/erp/inventory/issues/route.ts,23,,,false,true,false,false,false,,0,false,0,,,,,,false,false,false,false,POST,request.json|request passed to helper,,,false,false,,,,false,NON_GET_METHOD|READS_REQUEST|NOT_FORCE_STATIC,,,,NON_GET_METHOD|READS_REQUEST|NOT_FORCE_STATIC,false
compliance-tracker,route,/api/v1/erp/inventory/ledger,src/app/api/v1/erp/inventory/ledger/route.ts,22,,,false,true,false,false,false,,0,false,0,,,,,,false,false,false,false,GET,request.nextUrl|request passed to helper,,,false,false,,,,false,READS_REQUEST|NOT_FORCE_STATIC,,,,READS_REQUEST|NOT_FORCE_STATIC,false
compliance-tracker,route,/api/v1/erp/inventory/receipts,src/app/api/v1/erp/inventory/receipts/route.ts,27,,,false,true,false,false,false,,0,false,0,,,,,,false,false,false,false,POST,request.json|request passed to helper,,,false,false,,,,false,NON_GET_METHOD|READS_REQUEST|NOT_FORCE_STATIC,,,,NON_GET_METHOD|READS_REQUEST|NOT_FORCE_STATIC,false
compliance-tracker,route,/api/v1/erp/procurement/requisitions,src/app/api/v1/erp/procurement/requisitions/route.ts,38,,,false,true,false,false,false,,0,false,0,,,,,,false,false,false,false,GET|POST,request.json|request passed to helper,,,false,false,,,,false,NON_GET_METHOD|READS_REQUEST|NOT_FORCE_STATIC,,,,NON_GET_METHOD|READS_REQUEST|NOT_FORCE_STATIC,false
compliance-tracker,route,/api/v1/notices/[id],src/app/api/v1/notices/[id]/route.ts,65,[id],,false,false,false,false,false,,0,false,0,,,,,,false,false,false,false,GET|PATCH|DELETE,request.json|request passed to helper,,,false,false,,,,false,DYNAMIC_SEGMENT_NO_GSP|NON_GET_METHOD|READS_REQUEST|NOT_FORCE_STATIC,,,,DYNAMIC_SEGMENT_NO_GSP|NON_GET_METHOD|READS_REQUEST|NOT_FORCE_STATIC,false
compliance-tracker,route,/api/v1/notices,src/app/api/v1/notices/route.ts,47,,,false,true,false,false,false,,0,false,0,,,,,,false,false,false,false,GET|POST,request.nextUrl|request.json|request passed to helper,,,false,false,,,,false,NON_GET_METHOD|READS_REQUEST|NOT_FORCE_STATIC,,,,NON_GET_METHOD|READS_REQUEST|NOT_FORCE_STATIC,false
compliance-tracker,route,/api/v1/notices/stats,src/app/api/v1/notices/stats/route.ts,19,,,false,true,false,false,false,,0,false,0,,,,,,false,false,false,false,GET,request passed to helper,,,false,false,,,,false,READS_REQUEST|NOT_FORCE_STATIC,,,,READS_REQUEST|NOT_FORCE_STATIC,false
compliance-tracker,route,/api/v1/openapi.json,src/app/api/v1/openapi.json/route.ts,23,,,false,true,false,false,false,,0,false,0,,,,,,false,false,false,false,GET,,,,false,false,,,,false,NOT_FORCE_STATIC,,,,NOT_FORCE_STATIC,false
compliance-tracker,route,/api/v1/platform/provision-org,src/app/api/v1/platform/provision-org/route.ts,208,,,false,true,false,false,false,,0,false,0,,,,,,false,false,false,false,POST,request.json|request passed to helper,,,false,false,,,,false,NON_GET_METHOD|READS_REQUEST|NOT_FORCE_STATIC,,,,NON_GET_METHOD|READS_REQUEST|NOT_FORCE_STATIC,false
compliance-tracker,route,/api/v1/pms/meetings,src/app/api/v1/pms/meetings/route.ts,45,,,false,true,false,false,false,,0,false,0,,,,,,false,false,false,false,GET|POST,request.nextUrl|request.json|request passed to helper,,,false,false,,,,false,NON_GET_METHOD|READS_REQUEST|NOT_FORCE_STATIC,,,,NON_GET_METHOD|READS_REQUEST|NOT_FORCE_STATIC,false
compliance-tracker,route,/api/v1/pms/time-entries,src/app/api/v1/pms/time-entries/route.ts,47,,,false,true,false,false,false,,0,false,0,,,,,,false,false,false,false,GET|POST,request.nextUrl|request.json|request passed to helper,,,false,false,,,,false,NON_GET_METHOD|READS_REQUEST|NOT_FORCE_STATIC,,,,NON_GET_METHOD|READS_REQUEST|NOT_FORCE_STATIC,false
compliance-tracker,route,/api/v1/projexa/access-review/certifications/[id],src/app/api/v1/projexa/access-review/certifications/[id]/route.ts,34,[id],,false,false,false,false,false,,0,false,0,,,,,,false,false,false,false,PATCH,request.json|request passed to helper,,,false,false,,,,false,DYNAMIC_SEGMENT_NO_GSP|NON_GET_METHOD|READS_REQUEST|NOT_FORCE_STATIC,,,,DYNAMIC_SEGMENT_NO_GSP|NON_GET_METHOD|READS_REQUEST|NOT_FORCE_STATIC,false
compliance-tracker,route,/api/v1/projexa/access-review,src/app/api/v1/projexa/access-review/route.ts,52,,,false,true,false,false,false,,0,false,0,,,,,,false,false,false,false,GET|POST,request.nextUrl|request.json|request passed to helper,,,false,false,,,,false,NON_GET_METHOD|READS_REQUEST|NOT_FORCE_STATIC,,,,NON_GET_METHOD|READS_REQUEST|NOT_FORCE_STATIC,false
compliance-tracker,route,/api/v1/projexa/accounts,src/app/api/v1/projexa/accounts/route.ts,44,,,false,true,false,false,false,,0,false,0,,,,,,false,false,false,false,GET,request passed to helper,,,false,false,,,,false,READS_REQUEST|NOT_FORCE_STATIC,,,,READS_REQUEST|NOT_FORCE_STATIC,false
compliance-tracker,route,/api/v1/projexa/ai/diff-drawings,src/app/api/v1/projexa/ai/diff-drawings/route.ts,5,,,false,true,false,false,false,,0,false,0,,,,,,false,false,false,false,POST,,,,false,false,,,,false,NON_GET_METHOD|NOT_FORCE_STATIC,,,,NON_GET_METHOD|NOT_FORCE_STATIC,false
compliance-tracker,route,/api/v1/projexa/ai/estimate-progress,src/app/api/v1/projexa/ai/estimate-progress/route.ts,2,,,false,true,false,false,false,,0,false,0,,,,,,false,false,false,false,POST,,,,false,false,,,,false,NON_GET_METHOD|NOT_FORCE_STATIC,,,,NON_GET_METHOD|NOT_FORCE_STATIC,false
compliance-tracker,route,/api/v1/projexa/ai/progress-summary,src/app/api/v1/projexa/ai/progress-summary/route.ts,7,,,false,true,false,false,false,,0,false,0,,,,,,false,false,false,false,GET,,,,false,false,,,,false,NOT_FORCE_STATIC,,,,NOT_FORCE_STATIC,false
compliance-tracker,route,/api/v1/projexa/ai/risk-detection,src/app/api/v1/projexa/ai/risk-detection/route.ts,2,,,false,true,false,false,false,,0,false,0,,,,,,false,false,false,false,GET,,,,false,false,,,,false,NOT_FORCE_STATIC,,,,NOT_FORCE_STATIC,false
compliance-tracker,route,/api/v1/projexa/ar-aging,src/app/api/v1/projexa/ar-aging/route.ts,39,,,false,true,false,false,false,,0,false,0,,,,,,false,false,false,false,GET,request.nextUrl|request passed to helper,,,false,false,,,,false,READS_REQUEST|NOT_FORCE_STATIC,,,,READS_REQUEST|NOT_FORCE_STATIC,false
compliance-tracker,route,/api/v1/projexa/asset-to-gl-reconciliation,src/app/api/v1/projexa/asset-to-gl-reconciliation/route.ts,50,,,false,true,false,false,false,,0,false,0,,,,,,false,false,false,false,GET,request.nextUrl|request passed to helper,,,false,false,,,,false,READS_REQUEST|NOT_FORCE_STATIC,,,,READS_REQUEST|NOT_FORCE_STATIC,false
compliance-tracker,route,/api/v1/projexa/assistant,src/app/api/v1/projexa/assistant/route.ts,86,,,false,true,false,false,false,,0,false,0,,,,,,false,false,false,false,POST,request.json|request passed to helper,,,false,false,,,,false,NON_GET_METHOD|READS_REQUEST|NOT_FORCE_STATIC,,,,NON_GET_METHOD|READS_REQUEST|NOT_FORCE_STATIC,false
compliance-tracker,route,/api/v1/projexa/attendance/bulk,src/app/api/v1/projexa/attendance/bulk/route.ts,2,,,false,true,false,false,false,,0,false,0,,,,,,false,false,false,false,POST,,,,false,false,,,,false,NON_GET_METHOD|NOT_FORCE_STATIC,,,,NON_GET_METHOD|NOT_FORCE_STATIC,false
compliance-tracker,route,/api/v1/projexa/attendance,src/app/api/v1/projexa/attendance/route.ts,2,,,false,true,false,false,false,,0,false,0,,,,,,false,false,false,false,GET|POST,,,,false,false,,,,false,NON_GET_METHOD|NOT_FORCE_STATIC,,,,NON_GET_METHOD|NOT_FORCE_STATIC,false
compliance-tracker,route,/api/v1/projexa/attendance/summary/pdf,src/app/api/v1/projexa/attendance/summary/pdf/route.ts,64,,,false,true,false,false,false,,0,false,0,,,,,,false,false,false,false,GET,request.nextUrl|request passed to helper,,,false,false,,,,false,READS_REQUEST|NOT_FORCE_STATIC,,,,READS_REQUEST|NOT_FORCE_STATIC,false
compliance-tracker,route,/api/v1/projexa/attendance/summary,src/app/api/v1/projexa/attendance/summary/route.ts,36,,,false,true,false,false,false,,0,false,0,,,,,,false,false,false,false,GET,request.nextUrl|request passed to helper,,,false,false,,,,false,READS_REQUEST|NOT_FORCE_STATIC,,,,READS_REQUEST|NOT_FORCE_STATIC,false
compliance-tracker,route,/api/v1/projexa/audit-engagements,src/app/api/v1/projexa/audit-engagements/route.ts,44,,,false,true,false,false,false,,0,false,0,,,,,,false,false,false,false,GET|POST,request.json|request passed to helper,,,false,false,,,,false,NON_GET_METHOD|READS_REQUEST|NOT_FORCE_STATIC,,,,NON_GET_METHOD|READS_REQUEST|NOT_FORCE_STATIC,false
compliance-tracker,route,/api/v1/projexa/audit-findings/[id],src/app/api/v1/projexa/audit-findings/[id]/route.ts,28,[id],,false,false,false,false,false,,0,false,0,,,,,,false,false,false,false,PATCH,request passed to helper,,,false,false,,,,false,DYNAMIC_SEGMENT_NO_GSP|NON_GET_METHOD|READS_REQUEST|NOT_FORCE_STATIC,,,,DYNAMIC_SEGMENT_NO_GSP|NON_GET_METHOD|READS_REQUEST|NOT_FORCE_STATIC,false
compliance-tracker,route,/api/v1/projexa/audit-findings,src/app/api/v1/projexa/audit-findings/route.ts,33,,,false,true,false,false,false,,0,false,0,,,,,,false,false,false,false,POST,request.json|request passed to helper,,,false,false,,,,false,NON_GET_METHOD|READS_REQUEST|NOT_FORCE_STATIC,,,,NON_GET_METHOD|READS_REQUEST|NOT_FORCE_STATIC,false
compliance-tracker,route,/api/v1/projexa/balance-sheet,src/app/api/v1/projexa/balance-sheet/route.ts,40,,,false,true,false,false,false,,0,false,0,,,,,,false,false,false,false,GET,request.nextUrl|request passed to helper,,,false,false,,,,false,READS_REQUEST|NOT_FORCE_STATIC,,,,READS_REQUEST|NOT_FORCE_STATIC,false
compliance-tracker,route,/api/v1/projexa/bank-reconciliation,src/app/api/v1/projexa/bank-reconciliation/route.ts,46,,,false,true,false,false,false,,0,false,0,,,,,,false,false,false,false,GET,request.nextUrl|request passed to helper,,,false,false,,,,false,READS_REQUEST|NOT_FORCE_STATIC,,,,READS_REQUEST|NOT_FORCE_STATIC,false
compliance-tracker,route,/api/v1/projexa/billing-claims/[id],src/app/api/v1/projexa/billing-claims/[id]/route.ts,82,[id],,false,false,false,false,false,,0,false,0,,,,,,false,false,false,false,GET|PATCH,request.json|request passed to helper,,,false,false,,,,false,DYNAMIC_SEGMENT_NO_GSP|NON_GET_METHOD|READS_REQUEST|NOT_FORCE_STATIC,,,,DYNAMIC_SEGMENT_NO_GSP|NON_GET_METHOD|READS_REQUEST|NOT_FORCE_STATIC,false
compliance-tracker,route,/api/v1/projexa/billing-claims,src/app/api/v1/projexa/billing-claims/route.ts,67,,,false,true,false,false,false,,0,false,0,,,,,,false,false,false,false,GET|POST,request.nextUrl|request.json,,,false,false,,,,false,NON_GET_METHOD|READS_REQUEST|NOT_FORCE_STATIC,,,,NON_GET_METHOD|READS_REQUEST|NOT_FORCE_STATIC,false
compliance-tracker,route,/api/v1/projexa/board,src/app/api/v1/projexa/board/route.ts,62,,,false,true,false,false,false,,0,false,0,,,,,,false,false,false,false,GET|PATCH,request.nextUrl|request.json|request passed to helper,,,false,false,,,,false,NON_GET_METHOD|READS_REQUEST|NOT_FORCE_STATIC,,,,NON_GET_METHOD|READS_REQUEST|NOT_FORCE_STATIC,false
compliance-tracker,route,/api/v1/projexa/boq-scenarios/[id]/adjustments,src/app/api/v1/projexa/boq-scenarios/[id]/adjustments/route.ts,69,[id],,false,false,false,false,false,,0,false,0,,,,,,false,false,false,false,POST|DELETE,request.json|request.nextUrl|request passed to helper,,,false,false,,,,false,DYNAMIC_SEGMENT_NO_GSP|NON_GET_METHOD|READS_REQUEST|NOT_FORCE_STATIC,,,,DYNAMIC_SEGMENT_NO_GSP|NON_GET_METHOD|READS_REQUEST|NOT_FORCE_STATIC,false
compliance-tracker,route,/api/v1/projexa/boq-scenarios/[id]/commit,src/app/api/v1/projexa/boq-scenarios/[id]/commit/route.ts,70,[id],,false,false,false,false,false,,0,false,0,,,,,,false,false,false,false,POST,request.json,,,false,false,,,,false,DYNAMIC_SEGMENT_NO_GSP|NON_GET_METHOD|READS_REQUEST|NOT_FORCE_STATIC,,,,DYNAMIC_SEGMENT_NO_GSP|NON_GET_METHOD|READS_REQUEST|NOT_FORCE_STATIC,false
compliance-tracker,route,/api/v1/projexa/boq-scenarios/[id],src/app/api/v1/projexa/boq-scenarios/[id]/route.ts,26,[id],,false,false,false,false,false,,0,false,0,,,,,,false,false,false,false,GET,request passed to helper,,,false,false,,,,false,DYNAMIC_SEGMENT_NO_GSP|READS_REQUEST|NOT_FORCE_STATIC,,,,DYNAMIC_SEGMENT_NO_GSP|READS_REQUEST|NOT_FORCE_STATIC,false
compliance-tracker,route,/api/v1/projexa/boq-scenarios/compare,src/app/api/v1/projexa/boq-scenarios/compare/route.ts,29,,,false,true,false,false,false,,0,false,0,,,,,,false,false,false,false,GET,request.nextUrl|request passed to helper,,,false,false,,,,false,READS_REQUEST|NOT_FORCE_STATIC,,,,READS_REQUEST|NOT_FORCE_STATIC,false
compliance-tracker,route,/api/v1/projexa/boq-scenarios,src/app/api/v1/projexa/boq-scenarios/route.ts,62,,,false,true,false,false,false,,0,false,0,,,,,,false,false,false,false,GET|POST,request.nextUrl|request.json|request passed to helper,,,false,false,,,,false,NON_GET_METHOD|READS_REQUEST|NOT_FORCE_STATIC,,,,NON_GET_METHOD|READS_REQUEST|NOT_FORCE_STATIC,false
compliance-tracker,route,/api/v1/projexa/boq-scenarios/target-seek,src/app/api/v1/projexa/boq-scenarios/target-seek/route.ts,35,,,false,true,false,false,false,,0,false,0,,,,,,false,false,false,false,POST,request.json|request passed to helper,,,false,false,,,,false,NON_GET_METHOD|READS_REQUEST|NOT_FORCE_STATIC,,,,NON_GET_METHOD|READS_REQUEST|NOT_FORCE_STATIC,false
compliance-tracker,route,/api/v1/projexa/capability-tree,src/app/api/v1/projexa/capability-tree/route.ts,31,,,false,true,false,false,false,,0,false,0,,,,,,false,false,false,false,GET,request passed to helper,,,false,false,,,,false,READS_REQUEST|NOT_FORCE_STATIC,,,,READS_REQUEST|NOT_FORCE_STATIC,false
compliance-tracker,route,/api/v1/projexa/chain-options,src/app/api/v1/projexa/chain-options/route.ts,97,,,false,true,false,false,false,,0,false,0,,,,,,false,false,false,false,GET,request.url|new URL(request.url)|request passed to helper,,,false,false,,,,false,READS_REQUEST|NOT_FORCE_STATIC,,,,READS_REQUEST|NOT_FORCE_STATIC,false
compliance-tracker,route,/api/v1/projexa/change-orders/[id],src/app/api/v1/projexa/change-orders/[id]/route.ts,72,[id],,false,false,false,false,false,,0,false,0,,,,,,false,false,false,false,GET|PATCH,request.json|request passed to helper,,,false,false,,,,false,DYNAMIC_SEGMENT_NO_GSP|NON_GET_METHOD|READS_REQUEST|NOT_FORCE_STATIC,,,,DYNAMIC_SEGMENT_NO_GSP|NON_GET_METHOD|READS_REQUEST|NOT_FORCE_STATIC,false
compliance-tracker,route,/api/v1/projexa/change-orders/[id]/signature-status,src/app/api/v1/projexa/change-orders/[id]/signature-status/route.ts,56,[id],,false,false,false,false,false,,0,false,0,,,,,,false,false,false,false,GET,request passed to helper,,,false,false,,,,false,DYNAMIC_SEGMENT_NO_GSP|READS_REQUEST|NOT_FORCE_STATIC,,,,DYNAMIC_SEGMENT_NO_GSP|READS_REQUEST|NOT_FORCE_STATIC,false
compliance-tracker,route,/api/v1/projexa/change-orders,src/app/api/v1/projexa/change-orders/route.ts,50,,,false,true,false,false,false,,0,false,0,,,,,,false,false,false,false,GET|POST,request.nextUrl|request.json|request passed to helper,,,false,false,,,,false,NON_GET_METHOD|READS_REQUEST|NOT_FORCE_STATIC,,,,NON_GET_METHOD|READS_REQUEST|NOT_FORCE_STATIC,false
compliance-tracker,route,/api/v1/projexa/classify,src/app/api/v1/projexa/classify/route.ts,64,,,false,true,false,false,false,,0,false,0,,,,,,false,false,false,false,POST,request.json|request passed to helper,,,false,false,,,,false,NON_GET_METHOD|READS_REQUEST|NOT_FORCE_STATIC,,,,NON_GET_METHOD|READS_REQUEST|NOT_FORCE_STATIC,false
compliance-tracker,route,/api/v1/projexa/companies,src/app/api/v1/projexa/companies/route.ts,53,,,false,true,false,false,false,,0,false,0,,,,,,false,false,false,false,GET|POST,request.json|request passed to helper,,,false,false,,,,false,NON_GET_METHOD|READS_REQUEST|NOT_FORCE_STATIC,,,,NON_GET_METHOD|READS_REQUEST|NOT_FORCE_STATIC,false
compliance-tracker,route,/api/v1/projexa/compliance-register,src/app/api/v1/projexa/compliance-register/route.ts,63,,,false,true,false,false,false,,0,false,0,,,,,,false,false,false,false,GET|POST,request.nextUrl|request.json|request passed to helper,,,false,false,,,,false,NON_GET_METHOD|READS_REQUEST|NOT_FORCE_STATIC,,,,NON_GET_METHOD|READS_REQUEST|NOT_FORCE_STATIC,false
compliance-tracker,route,/api/v1/projexa/cost-center-hierarchy,src/app/api/v1/projexa/cost-center-hierarchy/route.ts,29,,,false,true,false,false,false,,0,false,0,,,,,,false,false,false,false,GET,request.nextUrl|request passed to helper,,,false,false,,,,false,READS_REQUEST|NOT_FORCE_STATIC,,,,READS_REQUEST|NOT_FORCE_STATIC,false
compliance-tracker,route,/api/v1/projexa/cost-center-line-items,src/app/api/v1/projexa/cost-center-line-items/route.ts,39,,,false,true,false,false,false,,0,false,0,,,,,,false,false,false,false,GET,request.nextUrl|request passed to helper,,,false,false,,,,false,READS_REQUEST|NOT_FORCE_STATIC,,,,READS_REQUEST|NOT_FORCE_STATIC,false
compliance-tracker,route,/api/v1/projexa/cost-centers,src/app/api/v1/projexa/cost-centers/route.ts,43,,,false,true,false,false,false,,0,false,0,,,,,,false,false,false,false,GET,request passed to helper,,,false,false,,,,false,READS_REQUEST|NOT_FORCE_STATIC,,,,READS_REQUEST|NOT_FORCE_STATIC,false
compliance-tracker,route,/api/v1/projexa/credit-notes/[id],src/app/api/v1/projexa/credit-notes/[id]/route.ts,34,[id],,false,false,false,false,false,,0,false,0,,,,,,false,false,false,false,GET,request passed to helper,,,false,false,,,,false,DYNAMIC_SEGMENT_NO_GSP|READS_REQUEST|NOT_FORCE_STATIC,,,,DYNAMIC_SEGMENT_NO_GSP|READS_REQUEST|NOT_FORCE_STATIC,false
compliance-tracker,route,/api/v1/projexa/credit-notes/[id]/submit,src/app/api/v1/projexa/credit-notes/[id]/submit/route.ts,31,[id],,false,false,false,false,false,,0,false,0,,,,,,false,false,false,false,POST,request passed to helper,,,false,false,,,,false,DYNAMIC_SEGMENT_NO_GSP|NON_GET_METHOD|READS_REQUEST|NOT_FORCE_STATIC,,,,DYNAMIC_SEGMENT_NO_GSP|NON_GET_METHOD|READS_REQUEST|NOT_FORCE_STATIC,false
compliance-tracker,route,/api/v1/projexa/credit-notes,src/app/api/v1/projexa/credit-notes/route.ts,59,,,false,true,false,false,false,,0,false,0,,,,,,false,false,false,false,GET|POST,request.json|request passed to helper,,,false,false,,,,false,NON_GET_METHOD|READS_REQUEST|NOT_FORCE_STATIC,,,,NON_GET_METHOD|READS_REQUEST|NOT_FORCE_STATIC,false
compliance-tracker,route,/api/v1/projexa/currencies/base,src/app/api/v1/projexa/currencies/base/route.ts,83,,,false,true,false,false,false,,0,false,0,,,,,,false,false,false,false,GET|PUT,request.json|request passed to helper,,,false,false,,,,false,NON_GET_METHOD|READS_REQUEST|NOT_FORCE_STATIC,,,,NON_GET_METHOD|READS_REQUEST|NOT_FORCE_STATIC,false
compliance-tracker,route,/api/v1/projexa/currencies,src/app/api/v1/projexa/currencies/route.ts,37,,,false,true,false,false,false,,0,false,0,,,,,,false,false,false,false,GET,request passed to helper,,,false,false,,,,false,READS_REQUEST|NOT_FORCE_STATIC,,,,READS_REQUEST|NOT_FORCE_STATIC,false
compliance-tracker,route,/api/v1/projexa/customer-payment-behavior,src/app/api/v1/projexa/customer-payment-behavior/route.ts,42,,,false,true,false,false,false,,0,false,0,,,,,,false,false,false,false,GET,request.nextUrl|request passed to helper,,,false,false,,,,false,READS_REQUEST|NOT_FORCE_STATIC,,,,READS_REQUEST|NOT_FORCE_STATIC,false
compliance-tracker,route,/api/v1/projexa/customers/[id]/overview,src/app/api/v1/projexa/customers/[id]/overview/route.ts,26,[id],,false,false,false,false,false,,0,false,0,,,,,,false,false,false,false,GET,request passed to helper,,,false,false,,,,false,DYNAMIC_SEGMENT_NO_GSP|READS_REQUEST|NOT_FORCE_STATIC,,,,DYNAMIC_SEGMENT_NO_GSP|READS_REQUEST|NOT_FORCE_STATIC,false
compliance-tracker,route,/api/v1/projexa/customers/[id],src/app/api/v1/projexa/customers/[id]/route.ts,59,[id],,false,false,false,false,false,,0,false,0,,,,,,false,false,false,false,GET|PATCH,request.json|request passed to helper,,,false,false,,,,false,DYNAMIC_SEGMENT_NO_GSP|NON_GET_METHOD|READS_REQUEST|NOT_FORCE_STATIC,,,,DYNAMIC_SEGMENT_NO_GSP|NON_GET_METHOD|READS_REQUEST|NOT_FORCE_STATIC,false
compliance-tracker,route,/api/v1/projexa/customers,src/app/api/v1/projexa/customers/route.ts,67,,,false,true,false,false,false,,0,false,0,,,,,,false,false,false,false,GET|POST,request.nextUrl|request.json|request passed to helper,,,false,false,,,,false,NON_GET_METHOD|READS_REQUEST|NOT_FORCE_STATIC,,,,NON_GET_METHOD|READS_REQUEST|NOT_FORCE_STATIC,false
compliance-tracker,route,/api/v1/projexa/dashboard/[projectId],src/app/api/v1/projexa/dashboard/[projectId]/route.ts,79,[projectId],,false,false,false,false,false,,0,false,0,,,,,,false,false,false,false,GET,request passed to helper,,,false,false,,,,false,DYNAMIC_SEGMENT_NO_GSP|READS_REQUEST|NOT_FORCE_STATIC,,,,DYNAMIC_SEGMENT_NO_GSP|READS_REQUEST|NOT_FORCE_STATIC,false
compliance-tracker,route,/api/v1/projexa/dashboard,src/app/api/v1/projexa/dashboard/route.ts,177,,,false,true,false,false,false,,0,false,0,,,,,,false,false,false,false,GET,request.nextUrl,,,false,false,,,,false,READS_REQUEST|NOT_FORCE_STATIC,,,,READS_REQUEST|NOT_FORCE_STATIC,false
compliance-tracker,route,/api/v1/projexa/design-materials,src/app/api/v1/projexa/design-materials/route.ts,45,,,false,true,false,false,false,,0,false,0,,,,,,false,false,false,false,GET|POST,request.nextUrl|request.json|request passed to helper,,,false,false,,,,false,NON_GET_METHOD|READS_REQUEST|NOT_FORCE_STATIC,,,,NON_GET_METHOD|READS_REQUEST|NOT_FORCE_STATIC,false
compliance-tracker,route,/api/v1/projexa/discuss,src/app/api/v1/projexa/discuss/route.ts,32,,,false,true,false,false,false,,0,false,0,,,,,,false,false,false,false,POST,request.json|request passed to helper,,,false,false,,,,false,NON_GET_METHOD|READS_REQUEST|NOT_FORCE_STATIC,,,,NON_GET_METHOD|READS_REQUEST|NOT_FORCE_STATIC,false
compliance-tracker,route,/api/v1/projexa/documents/[id]/dispose,src/app/api/v1/projexa/documents/[id]/dispose/route.ts,28,[id],,false,false,false,false,false,,0,false,0,,,,,,false,false,false,false,POST,request passed to helper,,,false,false,,,,false,DYNAMIC_SEGMENT_NO_GSP|NON_GET_METHOD|READS_REQUEST|NOT_FORCE_STATIC,,,,DYNAMIC_SEGMENT_NO_GSP|NON_GET_METHOD|READS_REQUEST|NOT_FORCE_STATIC,false
compliance-tracker,route,/api/v1/projexa/documents/[id],src/app/api/v1/projexa/documents/[id]/route.ts,122,[id],,false,false,false,false,false,,0,false,0,,,,,,false,false,false,false,GET|PATCH,request.json|request passed to helper,,,false,false,,,,false,DYNAMIC_SEGMENT_NO_GSP|NON_GET_METHOD|READS_REQUEST|NOT_FORCE_STATIC,,,,DYNAMIC_SEGMENT_NO_GSP|NON_GET_METHOD|READS_REQUEST|NOT_FORCE_STATIC,false
compliance-tracker,route,/api/v1/projexa/documents/[id]/versions,src/app/api/v1/projexa/documents/[id]/versions/route.ts,43,[id],,false,false,false,false,false,,0,false,0,,,,,,false,false,false,false,POST,request.formData|request passed to helper,,,false,false,,,,false,DYNAMIC_SEGMENT_NO_GSP|NON_GET_METHOD|READS_REQUEST|NOT_FORCE_STATIC,,,,DYNAMIC_SEGMENT_NO_GSP|NON_GET_METHOD|READS_REQUEST|NOT_FORCE_STATIC,false
compliance-tracker,route,/api/v1/projexa/drawings/[id]/document-url,src/app/api/v1/projexa/drawings/[id]/document-url/route.ts,60,[id],,false,false,false,false,false,,0,false,0,,,,,,false,false,false,false,GET,request passed to helper,,,false,false,,,,false,DYNAMIC_SEGMENT_NO_GSP|READS_REQUEST|NOT_FORCE_STATIC,,,,DYNAMIC_SEGMENT_NO_GSP|READS_REQUEST|NOT_FORCE_STATIC,false
compliance-tracker,route,/api/v1/projexa/drawings/[id],src/app/api/v1/projexa/drawings/[id]/route.ts,236,[id],,false,false,false,false,false,,0,false,0,,,,,,false,false,false,false,GET|PATCH|DELETE,request.json|request passed to helper,,,false,false,,,,false,DYNAMIC_SEGMENT_NO_GSP|NON_GET_METHOD|READS_REQUEST|NOT_FORCE_STATIC,,,,DYNAMIC_SEGMENT_NO_GSP|NON_GET_METHOD|READS_REQUEST|NOT_FORCE_STATIC,false
compliance-tracker,route,/api/v1/projexa/drawings/export,src/app/api/v1/projexa/drawings/export/route.ts,68,,,false,true,false,false,false,,0,false,0,,,,,,false,false,false,false,GET,request.nextUrl|request passed to helper,,,false,false,,,,false,READS_REQUEST|NOT_FORCE_STATIC,,,,READS_REQUEST|NOT_FORCE_STATIC,false
compliance-tracker,route,/api/v1/projexa/drawings,src/app/api/v1/projexa/drawings/route.ts,194,,,false,true,false,false,false,,0,false,0,,,,,,false,false,false,false,GET|POST,request.nextUrl|request.formData,,,false,false,,,,false,NON_GET_METHOD|READS_REQUEST|NOT_FORCE_STATIC,,,,NON_GET_METHOD|READS_REQUEST|NOT_FORCE_STATIC,false
compliance-tracker,route,/api/v1/projexa/dunning-list/[invoiceId]/record,src/app/api/v1/projexa/dunning-list/[invoiceId]/record/route.ts,31,[invoiceId],,false,false,false,false,false,,0,false,0,,,,,,false,false,false,false,POST,request.json|request passed to helper,,,false,false,,,,false,DYNAMIC_SEGMENT_NO_GSP|NON_GET_METHOD|READS_REQUEST|NOT_FORCE_STATIC,,,,DYNAMIC_SEGMENT_NO_GSP|NON_GET_METHOD|READS_REQUEST|NOT_FORCE_STATIC,false
compliance-tracker,route,/api/v1/projexa/dunning-list,src/app/api/v1/projexa/dunning-list/route.ts,38,,,false,true,false,false,false,,0,false,0,,,,,,false,false,false,false,GET,request.nextUrl|request passed to helper,,,false,false,,,,false,READS_REQUEST|NOT_FORCE_STATIC,,,,READS_REQUEST|NOT_FORCE_STATIC,false
compliance-tracker,route,/api/v1/projexa/employees/[id],src/app/api/v1/projexa/employees/[id]/route.ts,53,[id],,false,false,false,false,false,,0,false,0,,,,,,false,false,false,false,GET|PATCH,request.json|request passed to helper,,,false,false,,,,false,DYNAMIC_SEGMENT_NO_GSP|NON_GET_METHOD|READS_REQUEST|NOT_FORCE_STATIC,,,,DYNAMIC_SEGMENT_NO_GSP|NON_GET_METHOD|READS_REQUEST|NOT_FORCE_STATIC,false
compliance-tracker,route,/api/v1/projexa/employees,src/app/api/v1/projexa/employees/route.ts,66,,,false,true,false,false,false,,0,false,0,,,,,,false,false,false,false,GET|POST,request.nextUrl|request.json|request passed to helper,,,false,false,,,,false,NON_GET_METHOD|READS_REQUEST|NOT_FORCE_STATIC,,,,NON_GET_METHOD|READS_REQUEST|NOT_FORCE_STATIC,false
compliance-tracker,route,/api/v1/projexa/exceptions,src/app/api/v1/projexa/exceptions/route.ts,37,,,false,true,false,false,false,,0,false,0,,,,,,false,false,false,false,GET,request.nextUrl|request passed to helper,,,false,false,,,,false,READS_REQUEST|NOT_FORCE_STATIC,,,,READS_REQUEST|NOT_FORCE_STATIC,false
compliance-tracker,route,/api/v1/projexa/expenses,src/app/api/v1/projexa/expenses/route.ts,41,,,false,true,false,false,false,,0,false,0,,,,,,false,false,false,false,GET|POST,request.nextUrl|request.json|request passed to helper,,,false,false,,,,false,NON_GET_METHOD|READS_REQUEST|NOT_FORCE_STATIC,,,,NON_GET_METHOD|READS_REQUEST|NOT_FORCE_STATIC,false
compliance-tracker,route,/api/v1/projexa/ffe/[id],src/app/api/v1/projexa/ffe/[id]/route.ts,52,[id],,false,false,false,false,false,,0,false,0,,,,,,false,false,false,false,GET|PATCH,request.json|request passed to helper,,,false,false,,,,false,DYNAMIC_SEGMENT_NO_GSP|NON_GET_METHOD|READS_REQUEST|NOT_FORCE_STATIC,,,,DYNAMIC_SEGMENT_NO_GSP|NON_GET_METHOD|READS_REQUEST|NOT_FORCE_STATIC,false
compliance-tracker,route,/api/v1/projexa/ffe/margin-summary,src/app/api/v1/projexa/ffe/margin-summary/route.ts,22,,,false,true,false,false,false,,0,false,0,,,,,,false,false,false,false,GET,request.nextUrl|request passed to helper,,,false,false,,,,false,READS_REQUEST|NOT_FORCE_STATIC,,,,READS_REQUEST|NOT_FORCE_STATIC,false
compliance-tracker,route,/api/v1/projexa/ffe,src/app/api/v1/projexa/ffe/route.ts,43,,,false,true,false,false,false,,0,false,0,,,,,,false,false,false,false,GET|POST,request.nextUrl|request.json|request passed to helper,,,false,false,,,,false,NON_GET_METHOD|READS_REQUEST|NOT_FORCE_STATIC,,,,NON_GET_METHOD|READS_REQUEST|NOT_FORCE_STATIC,false
compliance-tracker,route,/api/v1/projexa/finance-dashboard,src/app/api/v1/projexa/finance-dashboard/route.ts,40,,,false,true,false,false,false,,0,false,0,,,,,,false,false,false,false,GET,request passed to helper,,,false,false,,,,false,READS_REQUEST|NOT_FORCE_STATIC,,,,READS_REQUEST|NOT_FORCE_STATIC,false
compliance-tracker,route,/api/v1/projexa/fiscal-years,src/app/api/v1/projexa/fiscal-years/route.ts,29,,,false,true,false,false,false,,0,false,0,,,,,,false,false,false,false,GET,request passed to helper,,,false,false,,,,false,READS_REQUEST|NOT_FORCE_STATIC,,,,READS_REQUEST|NOT_FORCE_STATIC,false
compliance-tracker,route,/api/v1/projexa/floor-plans/[id]/placements/[placementId],src/app/api/v1/projexa/floor-plans/[id]/placements/[placementId]/route.ts,43,[id]|[placementId],,false,false,false,false,false,,0,false,0,,,,,,false,false,false,false,PATCH|DELETE,request.json|request passed to helper,,,false,false,,,,false,DYNAMIC_SEGMENT_NO_GSP|NON_GET_METHOD|READS_REQUEST|NOT_FORCE_STATIC,,,,DYNAMIC_SEGMENT_NO_GSP|NON_GET_METHOD|READS_REQUEST|NOT_FORCE_STATIC,false
compliance-tracker,route,/api/v1/projexa/floor-plans/[id]/placements,src/app/api/v1/projexa/floor-plans/[id]/placements/route.ts,25,[id],,false,false,false,false,false,,0,false,0,,,,,,false,false,false,false,POST,request.json|request passed to helper,,,false,false,,,,false,DYNAMIC_SEGMENT_NO_GSP|NON_GET_METHOD|READS_REQUEST|NOT_FORCE_STATIC,,,,DYNAMIC_SEGMENT_NO_GSP|NON_GET_METHOD|READS_REQUEST|NOT_FORCE_STATIC,false
compliance-tracker,route,/api/v1/projexa/floor-plans/[id]/rooms/[roomId],src/app/api/v1/projexa/floor-plans/[id]/rooms/[roomId]/route.ts,43,[id]|[roomId],,false,false,false,false,false,,0,false,0,,,,,,false,false,false,false,PATCH|DELETE,request.json|request passed to helper,,,false,false,,,,false,DYNAMIC_SEGMENT_NO_GSP|NON_GET_METHOD|READS_REQUEST|NOT_FORCE_STATIC,,,,DYNAMIC_SEGMENT_NO_GSP|NON_GET_METHOD|READS_REQUEST|NOT_FORCE_STATIC,false
compliance-tracker,route,/api/v1/projexa/floor-plans/[id]/rooms,src/app/api/v1/projexa/floor-plans/[id]/rooms/route.ts,25,[id],,false,false,false,false,false,,0,false,0,,,,,,false,false,false,false,POST,request.json|request passed to helper,,,false,false,,,,false,DYNAMIC_SEGMENT_NO_GSP|NON_GET_METHOD|READS_REQUEST|NOT_FORCE_STATIC,,,,DYNAMIC_SEGMENT_NO_GSP|NON_GET_METHOD|READS_REQUEST|NOT_FORCE_STATIC,false
compliance-tracker,route,/api/v1/projexa/floor-plans/[id],src/app/api/v1/projexa/floor-plans/[id]/route.ts,42,[id],,false,false,false,false,false,,0,false,0,,,,,,false,false,false,false,GET|PATCH,request.json|request passed to helper,,,false,false,,,,false,DYNAMIC_SEGMENT_NO_GSP|NON_GET_METHOD|READS_REQUEST|NOT_FORCE_STATIC,,,,DYNAMIC_SEGMENT_NO_GSP|NON_GET_METHOD|READS_REQUEST|NOT_FORCE_STATIC,false
compliance-tracker,route,/api/v1/projexa/floor-plans/[id]/scene,src/app/api/v1/projexa/floor-plans/[id]/scene/route.ts,26,[id],,false,false,false,false,false,,0,false,0,,,,,,false,false,false,false,GET,request passed to helper,,,false,false,,,,false,DYNAMIC_SEGMENT_NO_GSP|READS_REQUEST|NOT_FORCE_STATIC,,,,DYNAMIC_SEGMENT_NO_GSP|READS_REQUEST|NOT_FORCE_STATIC,false
compliance-tracker,route,/api/v1/projexa/floor-plans,src/app/api/v1/projexa/floor-plans/route.ts,41,,,false,true,false,false,false,,0,false,0,,,,,,false,false,false,false,GET|POST,request.nextUrl|request.json|request passed to helper,,,false,false,,,,false,NON_GET_METHOD|READS_REQUEST|NOT_FORCE_STATIC,,,,NON_GET_METHOD|READS_REQUEST|NOT_FORCE_STATIC,false
compliance-tracker,route,/api/v1/projexa/fraud-cases/[id],src/app/api/v1/projexa/fraud-cases/[id]/route.ts,46,[id],,false,false,false,false,false,,0,false,0,,,,,,false,false,false,false,GET|PATCH,request.json|request passed to helper,,,false,false,,,,false,DYNAMIC_SEGMENT_NO_GSP|NON_GET_METHOD|READS_REQUEST|NOT_FORCE_STATIC,,,,DYNAMIC_SEGMENT_NO_GSP|NON_GET_METHOD|READS_REQUEST|NOT_FORCE_STATIC,false
compliance-tracker,route,/api/v1/projexa/fraud-cases,src/app/api/v1/projexa/fraud-cases/route.ts,49,,,false,true,false,false,false,,0,false,0,,,,,,false,false,false,false,GET|POST,request.json|request passed to helper,,,false,false,,,,false,NON_GET_METHOD|READS_REQUEST|NOT_FORCE_STATIC,,,,NON_GET_METHOD|READS_REQUEST|NOT_FORCE_STATIC,false
compliance-tracker,route,/api/v1/projexa/grc-dashboard,src/app/api/v1/projexa/grc-dashboard/route.ts,25,,,false,true,false,false,false,,0,false,0,,,,,,false,false,false,false,GET,request passed to helper,,,false,false,,,,false,READS_REQUEST|NOT_FORCE_STATIC,,,,READS_REQUEST|NOT_FORCE_STATIC,false
compliance-tracker,route,/api/v1/projexa/hr/departments,src/app/api/v1/projexa/hr/departments/route.ts,73,,,false,true,false,false,false,,0,false,0,,,,,,false,false,false,false,GET|POST,request.json|request passed to helper,,,false,false,,,,false,NON_GET_METHOD|READS_REQUEST|NOT_FORCE_STATIC,,,,NON_GET_METHOD|READS_REQUEST|NOT_FORCE_STATIC,false
compliance-tracker,route,/api/v1/projexa/hr/org-chart,src/app/api/v1/projexa/hr/org-chart/route.ts,23,,,false,true,false,false,false,,0,false,0,,,,,,false,false,false,false,GET,request passed to helper,,,false,false,,,,false,READS_REQUEST|NOT_FORCE_STATIC,,,,READS_REQUEST|NOT_FORCE_STATIC,false
compliance-tracker,route,/api/v1/projexa/inventory/items/[id],src/app/api/v1/projexa/inventory/items/[id]/route.ts,23,[id],,false,false,false,false,false,,0,false,0,,,,,,false,false,false,false,GET,request passed to helper,,,false,false,,,,false,DYNAMIC_SEGMENT_NO_GSP|READS_REQUEST|NOT_FORCE_STATIC,,,,DYNAMIC_SEGMENT_NO_GSP|READS_REQUEST|NOT_FORCE_STATIC,false
compliance-tracker,route,/api/v1/projexa/inventory/items,src/app/api/v1/projexa/inventory/items/route.ts,53,,,false,true,false,false,false,,0,false,0,,,,,,false,false,false,false,GET|POST,request.json|request passed to helper,,,false,false,,,,false,NON_GET_METHOD|READS_REQUEST|NOT_FORCE_STATIC,,,,NON_GET_METHOD|READS_REQUEST|NOT_FORCE_STATIC,false
compliance-tracker,route,/api/v1/projexa/inventory/stock-balance,src/app/api/v1/projexa/inventory/stock-balance/route.ts,28,,,false,true,false,false,false,,0,false,0,,,,,,false,false,false,false,GET,request.nextUrl|request passed to helper,,,false,false,,,,false,READS_REQUEST|NOT_FORCE_STATIC,,,,READS_REQUEST|NOT_FORCE_STATIC,false
compliance-tracker,route,/api/v1/projexa/inventory/stock-entries,src/app/api/v1/projexa/inventory/stock-entries/route.ts,69,,,false,true,false,false,false,,0,false,0,,,,,,false,false,false,false,GET|POST,request.nextUrl|request.json|request passed to helper,,,false,false,,,,false,NON_GET_METHOD|READS_REQUEST|NOT_FORCE_STATIC,,,,NON_GET_METHOD|READS_REQUEST|NOT_FORCE_STATIC,false
compliance-tracker,route,/api/v1/projexa/inventory/warehouses,src/app/api/v1/projexa/inventory/warehouses/route.ts,48,,,false,true,false,false,false,,0,false,0,,,,,,false,false,false,false,GET|POST,request.json|request passed to helper,,,false,false,,,,false,NON_GET_METHOD|READS_REQUEST|NOT_FORCE_STATIC,,,,NON_GET_METHOD|READS_REQUEST|NOT_FORCE_STATIC,false
compliance-tracker,route,/api/v1/projexa/journal-entries/[id],src/app/api/v1/projexa/journal-entries/[id]/route.ts,24,[id],,false,false,false,false,false,,0,false,0,,,,,,false,false,false,false,GET,request passed to helper,,,false,false,,,,false,DYNAMIC_SEGMENT_NO_GSP|READS_REQUEST|NOT_FORCE_STATIC,,,,DYNAMIC_SEGMENT_NO_GSP|READS_REQUEST|NOT_FORCE_STATIC,false
compliance-tracker,route,/api/v1/projexa/journal-entries/[id]/submit,src/app/api/v1/projexa/journal-entries/[id]/submit/route.ts,35,[id],,false,false,false,false,false,,0,false,0,,,,,,false,false,false,false,POST,request passed to helper,,,false,false,,,,false,DYNAMIC_SEGMENT_NO_GSP|NON_GET_METHOD|READS_REQUEST|NOT_FORCE_STATIC,,,,DYNAMIC_SEGMENT_NO_GSP|NON_GET_METHOD|READS_REQUEST|NOT_FORCE_STATIC,false
compliance-tracker,route,/api/v1/projexa/journal-entries,src/app/api/v1/projexa/journal-entries/route.ts,84,,,false,true,false,false,false,,0,false,0,,,,,,false,false,false,false,GET|POST,request.nextUrl|request.json|request passed to helper,,,false,false,,,,false,NON_GET_METHOD|READS_REQUEST|NOT_FORCE_STATIC,,,,NON_GET_METHOD|READS_REQUEST|NOT_FORCE_STATIC,false
compliance-tracker,route,/api/v1/projexa/knowledge-base/[id],src/app/api/v1/projexa/knowledge-base/[id]/route.ts,54,[id],,false,false,false,false,false,,0,false,0,,,,,,false,false,false,false,GET|PATCH,request.json|request passed to helper,,,false,false,,,,false,DYNAMIC_SEGMENT_NO_GSP|NON_GET_METHOD|READS_REQUEST|NOT_FORCE_STATIC,,,,DYNAMIC_SEGMENT_NO_GSP|NON_GET_METHOD|READS_REQUEST|NOT_FORCE_STATIC,false
compliance-tracker,route,/api/v1/projexa/knowledge-base/by-slug,src/app/api/v1/projexa/knowledge-base/by-slug/route.ts,24,,,false,true,false,false,false,,0,false,0,,,,,,false,false,false,false,GET,request.nextUrl|request passed to helper,,,false,false,,,,false,READS_REQUEST|NOT_FORCE_STATIC,,,,READS_REQUEST|NOT_FORCE_STATIC,false
compliance-tracker,route,/api/v1/projexa/knowledge-base,src/app/api/v1/projexa/knowledge-base/route.ts,45,,,false,true,false,false,false,,0,false,0,,,,,,false,false,false,false,GET|POST,request.json|request passed to helper,,,false,false,,,,false,NON_GET_METHOD|READS_REQUEST|NOT_FORCE_STATIC,,,,NON_GET_METHOD|READS_REQUEST|NOT_FORCE_STATIC,false
compliance-tracker,route,/api/v1/projexa/knowledge-base/search,src/app/api/v1/projexa/knowledge-base/search/route.ts,22,,,false,true,false,false,false,,0,false,0,,,,,,false,false,false,false,GET,request.nextUrl|request passed to helper,,,false,false,,,,false,READS_REQUEST|NOT_FORCE_STATIC,,,,READS_REQUEST|NOT_FORCE_STATIC,false
compliance-tracker,route,/api/v1/projexa/kpis/[id],src/app/api/v1/projexa/kpis/[id]/route.ts,2,[id],,false,false,false,false,false,,0,false,0,,,,,,false,false,false,false,GET,,,,false,false,,,,false,DYNAMIC_SEGMENT_NO_GSP|NOT_FORCE_STATIC,,,,DYNAMIC_SEGMENT_NO_GSP|NOT_FORCE_STATIC,false
compliance-tracker,route,/api/v1/projexa/kpis,src/app/api/v1/projexa/kpis/route.ts,2,,,false,true,false,false,false,,0,false,0,,,,,,false,false,false,false,GET|POST,,,,false,false,,,,false,NON_GET_METHOD|NOT_FORCE_STATIC,,,,NON_GET_METHOD|NOT_FORCE_STATIC,false
compliance-tracker,route,/api/v1/projexa/labour,src/app/api/v1/projexa/labour/route.ts,2,,,false,true,false,false,false,,0,false,0,,,,,,false,false,false,false,GET|POST,,,,false,false,,,,false,NON_GET_METHOD|NOT_FORCE_STATIC,,,,NON_GET_METHOD|NOT_FORCE_STATIC,false
compliance-tracker,route,/api/v1/projexa/labour-roster/import,src/app/api/v1/projexa/labour-roster/import/route.ts,124,,,false,true,false,false,false,,0,false,0,,,,,,false,false,false,false,POST,request.nextUrl|request.formData|request passed to helper,,,false,false,,,,false,NON_GET_METHOD|READS_REQUEST|NOT_FORCE_STATIC,,,,NON_GET_METHOD|READS_REQUEST|NOT_FORCE_STATIC,false
compliance-tracker,route,/api/v1/projexa/labour-roster/trades,src/app/api/v1/projexa/labour-roster/trades/route.ts,28,,,false,true,false,false,false,,0,false,0,,,,,,false,false,false,false,GET,request passed to helper,,,false,false,,,,false,READS_REQUEST|NOT_FORCE_STATIC,,,,READS_REQUEST|NOT_FORCE_STATIC,false
compliance-tracker,route,/api/v1/projexa/leads/[id]/history,src/app/api/v1/projexa/leads/[id]/history/route.ts,24,[id],,false,false,false,false,false,,0,false,0,,,,,,false,false,false,false,GET,request passed to helper,,,false,false,,,,false,DYNAMIC_SEGMENT_NO_GSP|READS_REQUEST|NOT_FORCE_STATIC,,,,DYNAMIC_SEGMENT_NO_GSP|READS_REQUEST|NOT_FORCE_STATIC,false
compliance-tracker,route,/api/v1/projexa/leads/[id],src/app/api/v1/projexa/leads/[id]/route.ts,60,[id],,false,false,false,false,false,,0,false,0,,,,,,false,false,false,false,GET|PATCH,request.json|request passed to helper,,,false,false,,,,false,DYNAMIC_SEGMENT_NO_GSP|NON_GET_METHOD|READS_REQUEST|NOT_FORCE_STATIC,,,,DYNAMIC_SEGMENT_NO_GSP|NON_GET_METHOD|READS_REQUEST|NOT_FORCE_STATIC,false
compliance-tracker,route,/api/v1/projexa/leads/assignment-overview,src/app/api/v1/projexa/leads/assignment-overview/route.ts,24,,,false,true,false,false,false,,0,false,0,,,,,,false,false,false,false,GET,request passed to helper,,,false,false,,,,false,READS_REQUEST|NOT_FORCE_STATIC,,,,READS_REQUEST|NOT_FORCE_STATIC,false
compliance-tracker,route,/api/v1/projexa/leads/auto-distribute,src/app/api/v1/projexa/leads/auto-distribute/route.ts,46,,,false,true,false,false,false,,0,false,0,,,,,,false,false,false,false,POST,request.json|request passed to helper,,,false,false,,,,false,NON_GET_METHOD|READS_REQUEST|NOT_FORCE_STATIC,,,,NON_GET_METHOD|READS_REQUEST|NOT_FORCE_STATIC,false
compliance-tracker,route,/api/v1/projexa/leads/bulk-reassign,src/app/api/v1/projexa/leads/bulk-reassign/route.ts,28,,,false,true,false,false,false,,0,false,0,,,,,,false,false,false,false,POST,request.json|request passed to helper,,,false,false,,,,false,NON_GET_METHOD|READS_REQUEST|NOT_FORCE_STATIC,,,,NON_GET_METHOD|READS_REQUEST|NOT_FORCE_STATIC,false
compliance-tracker,route,/api/v1/projexa/leads,src/app/api/v1/projexa/leads/route.ts,65,,,false,true,false,false,false,,0,false,0,,,,,,false,false,false,false,GET|POST,request.nextUrl|request.json|request passed to helper,,,false,false,,,,false,NON_GET_METHOD|READS_REQUEST|NOT_FORCE_STATIC,,,,NON_GET_METHOD|READS_REQUEST|NOT_FORCE_STATIC,false
compliance-tracker,route,/api/v1/projexa/leave/balances,src/app/api/v1/projexa/leave/balances/route.ts,40,,,false,true,false,false,false,,0,false,0,,,,,,false,false,false,false,GET|POST,request.nextUrl|request.json|request passed to helper,,,false,false,,,,false,NON_GET_METHOD|READS_REQUEST|NOT_FORCE_STATIC,,,,NON_GET_METHOD|READS_REQUEST|NOT_FORCE_STATIC,false
compliance-tracker,route,/api/v1/projexa/leave/requests/[id]/decision,src/app/api/v1/projexa/leave/requests/[id]/decision/route.ts,30,[id],,false,false,false,false,false,,0,false,0,,,,,,false,false,false,false,POST,request.json|request passed to helper,,,false,false,,,,false,DYNAMIC_SEGMENT_NO_GSP|NON_GET_METHOD|READS_REQUEST|NOT_FORCE_STATIC,,,,DYNAMIC_SEGMENT_NO_GSP|NON_GET_METHOD|READS_REQUEST|NOT_FORCE_STATIC,false
compliance-tracker,route,/api/v1/projexa/leave/requests,src/app/api/v1/projexa/leave/requests/route.ts,43,,,false,true,false,false,false,,0,false,0,,,,,,false,false,false,false,GET|POST,request.nextUrl|request.json|request passed to helper,,,false,false,,,,false,NON_GET_METHOD|READS_REQUEST|NOT_FORCE_STATIC,,,,NON_GET_METHOD|READS_REQUEST|NOT_FORCE_STATIC,false
compliance-tracker,route,/api/v1/projexa/materials,src/app/api/v1/projexa/materials/route.ts,71,,,false,true,false,false,false,,0,false,0,,,,,,false,false,false,false,GET,request.nextUrl,,,false,false,,,,false,READS_REQUEST|NOT_FORCE_STATIC,,,,READS_REQUEST|NOT_FORCE_STATIC,false
compliance-tracker,route,/api/v1/projexa/meetings/[id]/outcomes,src/app/api/v1/projexa/meetings/[id]/outcomes/route.ts,28,[id],,false,false,false,false,false,,0,false,0,,,,,,false,false,false,false,POST,request.json|request passed to helper,,,false,false,,,,false,DYNAMIC_SEGMENT_NO_GSP|NON_GET_METHOD|READS_REQUEST|NOT_FORCE_STATIC,,,,DYNAMIC_SEGMENT_NO_GSP|NON_GET_METHOD|READS_REQUEST|NOT_FORCE_STATIC,false
compliance-tracker,route,/api/v1/projexa/meetings/[id],src/app/api/v1/projexa/meetings/[id]/route.ts,48,[id],,false,false,false,false,false,,0,false,0,,,,,,false,false,false,false,GET|PATCH,request.json|request passed to helper,,,false,false,,,,false,DYNAMIC_SEGMENT_NO_GSP|NON_GET_METHOD|READS_REQUEST|NOT_FORCE_STATIC,,,,DYNAMIC_SEGMENT_NO_GSP|NON_GET_METHOD|READS_REQUEST|NOT_FORCE_STATIC,false
compliance-tracker,route,/api/v1/projexa/meetings,src/app/api/v1/projexa/meetings/route.ts,50,,,false,true,false,false,false,,0,false,0,,,,,,false,false,false,false,GET|POST,request.nextUrl|request.json|request passed to helper,,,false,false,,,,false,NON_GET_METHOD|READS_REQUEST|NOT_FORCE_STATIC,,,,NON_GET_METHOD|READS_REQUEST|NOT_FORCE_STATIC,false
compliance-tracker,route,/api/v1/projexa/milestones/[id],src/app/api/v1/projexa/milestones/[id]/route.ts,42,[id],,false,false,false,false,false,,0,false,0,,,,,,false,false,false,false,PATCH,request.json,,,false,false,,,,false,DYNAMIC_SEGMENT_NO_GSP|NON_GET_METHOD|READS_REQUEST|NOT_FORCE_STATIC,,,,DYNAMIC_SEGMENT_NO_GSP|NON_GET_METHOD|READS_REQUEST|NOT_FORCE_STATIC,false
compliance-tracker,route,/api/v1/projexa/milestones,src/app/api/v1/projexa/milestones/route.ts,71,,,false,true,false,false,false,,0,false,0,,,,,,false,false,false,false,GET|POST,request.nextUrl|request.json,,,false,false,,,,false,NON_GET_METHOD|READS_REQUEST|NOT_FORCE_STATIC,,,,NON_GET_METHOD|READS_REQUEST|NOT_FORCE_STATIC,false
compliance-tracker,route,/api/v1/projexa/module-chain,src/app/api/v1/projexa/module-chain/route.ts,44,,,false,true,false,false,false,,0,false,0,,,,,,false,false,false,false,GET,request.nextUrl|request passed to helper,,,false,false,,,,false,READS_REQUEST|NOT_FORCE_STATIC,,,,READS_REQUEST|NOT_FORCE_STATIC,false
compliance-tracker,route,/api/v1/projexa/mood-boards/[id]/items/[itemId],src/app/api/v1/projexa/mood-boards/[id]/items/[itemId]/route.ts,24,[id]|[itemId],,false,false,false,false,false,,0,false,0,,,,,,false,false,false,false,DELETE,request passed to helper,,,false,false,,,,false,DYNAMIC_SEGMENT_NO_GSP|NON_GET_METHOD|READS_REQUEST|NOT_FORCE_STATIC,,,,DYNAMIC_SEGMENT_NO_GSP|NON_GET_METHOD|READS_REQUEST|NOT_FORCE_STATIC,false
compliance-tracker,route,/api/v1/projexa/mood-boards/[id],src/app/api/v1/projexa/mood-boards/[id]/route.ts,75,[id],,false,false,false,false,false,,0,false,0,,,,,,false,false,false,false,GET|POST|PATCH,request.json|request passed to helper,,,false,false,,,,false,DYNAMIC_SEGMENT_NO_GSP|NON_GET_METHOD|READS_REQUEST|NOT_FORCE_STATIC,,,,DYNAMIC_SEGMENT_NO_GSP|NON_GET_METHOD|READS_REQUEST|NOT_FORCE_STATIC,false
compliance-tracker,route,/api/v1/projexa/mood-boards,src/app/api/v1/projexa/mood-boards/route.ts,41,,,false,true,false,false,false,,0,false,0,,,,,,false,false,false,false,GET|POST,request.nextUrl|request.json|request passed to helper,,,false,false,,,,false,NON_GET_METHOD|READS_REQUEST|NOT_FORCE_STATIC,,,,NON_GET_METHOD|READS_REQUEST|NOT_FORCE_STATIC,false
compliance-tracker,route,/api/v1/projexa/opportunities/[id]/history,src/app/api/v1/projexa/opportunities/[id]/history/route.ts,24,[id],,false,false,false,false,false,,0,false,0,,,,,,false,false,false,false,GET,request passed to helper,,,false,false,,,,false,DYNAMIC_SEGMENT_NO_GSP|READS_REQUEST|NOT_FORCE_STATIC,,,,DYNAMIC_SEGMENT_NO_GSP|READS_REQUEST|NOT_FORCE_STATIC,false
compliance-tracker,route,/api/v1/projexa/opportunities/[id],src/app/api/v1/projexa/opportunities/[id]/route.ts,58,[id],,false,false,false,false,false,,0,false,0,,,,,,false,false,false,false,GET|PATCH,request.json|request passed to helper,,,false,false,,,,false,DYNAMIC_SEGMENT_NO_GSP|NON_GET_METHOD|READS_REQUEST|NOT_FORCE_STATIC,,,,DYNAMIC_SEGMENT_NO_GSP|NON_GET_METHOD|READS_REQUEST|NOT_FORCE_STATIC,false
compliance-tracker,route,/api/v1/projexa/opportunities/assignment-overview,src/app/api/v1/projexa/opportunities/assignment-overview/route.ts,22,,,false,true,false,false,false,,0,false,0,,,,,,false,false,false,false,GET,request passed to helper,,,false,false,,,,false,READS_REQUEST|NOT_FORCE_STATIC,,,,READS_REQUEST|NOT_FORCE_STATIC,false
compliance-tracker,route,/api/v1/projexa/opportunities/auto-distribute,src/app/api/v1/projexa/opportunities/auto-distribute/route.ts,38,,,false,true,false,false,false,,0,false,0,,,,,,false,false,false,false,POST,request.json|request passed to helper,,,false,false,,,,false,NON_GET_METHOD|READS_REQUEST|NOT_FORCE_STATIC,,,,NON_GET_METHOD|READS_REQUEST|NOT_FORCE_STATIC,false
compliance-tracker,route,/api/v1/projexa/opportunities/bulk-reassign,src/app/api/v1/projexa/opportunities/bulk-reassign/route.ts,27,,,false,true,false,false,false,,0,false,0,,,,,,false,false,false,false,POST,request.json|request passed to helper,,,false,false,,,,false,NON_GET_METHOD|READS_REQUEST|NOT_FORCE_STATIC,,,,NON_GET_METHOD|READS_REQUEST|NOT_FORCE_STATIC,false
compliance-tracker,route,/api/v1/projexa/opportunities,src/app/api/v1/projexa/opportunities/route.ts,68,,,false,true,false,false,false,,0,false,0,,,,,,false,false,false,false,GET|POST,request.nextUrl|request.json|request passed to helper,,,false,false,,,,false,NON_GET_METHOD|READS_REQUEST|NOT_FORCE_STATIC,,,,NON_GET_METHOD|READS_REQUEST|NOT_FORCE_STATIC,false
compliance-tracker,route,/api/v1/projexa/org-users,src/app/api/v1/projexa/org-users/route.ts,32,,,false,true,false,false,false,,0,false,0,,,,,,false,false,false,false,GET,request.nextUrl|request passed to helper,,,false,false,,,,false,READS_REQUEST|NOT_FORCE_STATIC,,,,READS_REQUEST|NOT_FORCE_STATIC,false
compliance-tracker,route,/api/v1/projexa/payment-proposal-list,src/app/api/v1/projexa/payment-proposal-list/route.ts,57,,,false,true,false,false,false,,0,false,0,,,,,,false,false,false,false,GET,request.nextUrl|request passed to helper,,,false,false,,,,false,READS_REQUEST|NOT_FORCE_STATIC,,,,READS_REQUEST|NOT_FORCE_STATIC,false
compliance-tracker,route,/api/v1/projexa/payroll/employees/[id]/income-tax-slab,src/app/api/v1/projexa/payroll/employees/[id]/income-tax-slab/route.ts,29,[id],,false,false,false,false,false,,0,false,0,,,,,,false,false,false,false,POST,request.json|request passed to helper,,,false,false,,,,false,DYNAMIC_SEGMENT_NO_GSP|NON_GET_METHOD|READS_REQUEST|NOT_FORCE_STATIC,,,,DYNAMIC_SEGMENT_NO_GSP|NON_GET_METHOD|READS_REQUEST|NOT_FORCE_STATIC,false
compliance-tracker,route,/api/v1/projexa/payroll/employees/[id]/tax-exemptions,src/app/api/v1/projexa/payroll/employees/[id]/tax-exemptions/route.ts,45,[id],,false,false,false,false,false,,0,false,0,,,,,,false,false,false,false,GET|POST,request.nextUrl|request.json|request passed to helper,,,false,false,,,,false,DYNAMIC_SEGMENT_NO_GSP|NON_GET_METHOD|READS_REQUEST|NOT_FORCE_STATIC,,,,DYNAMIC_SEGMENT_NO_GSP|NON_GET_METHOD|READS_REQUEST|NOT_FORCE_STATIC,false
compliance-tracker,route,/api/v1/projexa/payroll/income-tax-slabs,src/app/api/v1/projexa/payroll/income-tax-slabs/route.ts,40,,,false,true,false,false,false,,0,false,0,,,,,,false,false,false,false,GET|POST,request.json|request passed to helper,,,false,false,,,,false,NON_GET_METHOD|READS_REQUEST|NOT_FORCE_STATIC,,,,NON_GET_METHOD|READS_REQUEST|NOT_FORCE_STATIC,false
compliance-tracker,route,/api/v1/projexa/payroll/payslips/[id]/finalize,src/app/api/v1/projexa/payroll/payslips/[id]/finalize/route.ts,27,[id],,false,false,false,false,false,,0,false,0,,,,,,false,false,false,false,POST,request passed to helper,,,false,false,,,,false,DYNAMIC_SEGMENT_NO_GSP|NON_GET_METHOD|READS_REQUEST|NOT_FORCE_STATIC,,,,DYNAMIC_SEGMENT_NO_GSP|NON_GET_METHOD|READS_REQUEST|NOT_FORCE_STATIC,false
compliance-tracker,route,/api/v1/projexa/payroll/payslips/[id]/pdf,src/app/api/v1/projexa/payroll/payslips/[id]/pdf/route.ts,131,[id],,false,false,false,false,false,,0,false,0,,,,,,false,false,false,false,GET,request passed to helper,,,false,false,,,,false,DYNAMIC_SEGMENT_NO_GSP|READS_REQUEST|NOT_FORCE_STATIC,,,,DYNAMIC_SEGMENT_NO_GSP|READS_REQUEST|NOT_FORCE_STATIC,false
compliance-tracker,route,/api/v1/projexa/payroll/payslips/[id],src/app/api/v1/projexa/payroll/payslips/[id]/route.ts,23,[id],,false,false,false,false,false,,0,false,0,,,,,,false,false,false,false,GET,request passed to helper,,,false,false,,,,false,DYNAMIC_SEGMENT_NO_GSP|READS_REQUEST|NOT_FORCE_STATIC,,,,DYNAMIC_SEGMENT_NO_GSP|READS_REQUEST|NOT_FORCE_STATIC,false
compliance-tracker,route,/api/v1/projexa/payroll/payslips/[id]/tds,src/app/api/v1/projexa/payroll/payslips/[id]/tds/route.ts,29,[id],,false,false,false,false,false,,0,false,0,,,,,,false,false,false,false,POST,request.json|request passed to helper,,,false,false,,,,false,DYNAMIC_SEGMENT_NO_GSP|NON_GET_METHOD|READS_REQUEST|NOT_FORCE_STATIC,,,,DYNAMIC_SEGMENT_NO_GSP|NON_GET_METHOD|READS_REQUEST|NOT_FORCE_STATIC,false
compliance-tracker,route,/api/v1/projexa/payroll/runs/[id]/payslips,src/app/api/v1/projexa/payroll/runs/[id]/payslips/route.ts,23,[id],,false,false,false,false,false,,0,false,0,,,,,,false,false,false,false,GET,request passed to helper,,,false,false,,,,false,DYNAMIC_SEGMENT_NO_GSP|READS_REQUEST|NOT_FORCE_STATIC,,,,DYNAMIC_SEGMENT_NO_GSP|READS_REQUEST|NOT_FORCE_STATIC,false
compliance-tracker,route,/api/v1/projexa/payroll/runs/[id]/process,src/app/api/v1/projexa/payroll/runs/[id]/process/route.ts,27,[id],,false,false,false,false,false,,0,false,0,,,,,,false,false,false,false,POST,request passed to helper,,,false,false,,,,false,DYNAMIC_SEGMENT_NO_GSP|NON_GET_METHOD|READS_REQUEST|NOT_FORCE_STATIC,,,,DYNAMIC_SEGMENT_NO_GSP|NON_GET_METHOD|READS_REQUEST|NOT_FORCE_STATIC,false
compliance-tracker,route,/api/v1/projexa/payroll/runs/[id],src/app/api/v1/projexa/payroll/runs/[id]/route.ts,22,[id],,false,false,false,false,false,,0,false,0,,,,,,false,false,false,false,GET,request passed to helper,,,false,false,,,,false,DYNAMIC_SEGMENT_NO_GSP|READS_REQUEST|NOT_FORCE_STATIC,,,,DYNAMIC_SEGMENT_NO_GSP|READS_REQUEST|NOT_FORCE_STATIC,false
compliance-tracker,route,/api/v1/projexa/payroll/runs,src/app/api/v1/projexa/payroll/runs/route.ts,44,,,false,true,false,false,false,,0,false,0,,,,,,false,false,false,false,GET|POST,request.json|request passed to helper,,,false,false,,,,false,NON_GET_METHOD|READS_REQUEST|NOT_FORCE_STATIC,,,,NON_GET_METHOD|READS_REQUEST|NOT_FORCE_STATIC,false
compliance-tracker,route,/api/v1/projexa/payroll/salary-components,src/app/api/v1/projexa/payroll/salary-components/route.ts,41,,,false,true,false,false,false,,0,false,0,,,,,,false,false,false,false,GET|POST,request.json|request passed to helper,,,false,false,,,,false,NON_GET_METHOD|READS_REQUEST|NOT_FORCE_STATIC,,,,NON_GET_METHOD|READS_REQUEST|NOT_FORCE_STATIC,false
compliance-tracker,route,/api/v1/projexa/payroll/salary-structures,src/app/api/v1/projexa/payroll/salary-structures/route.ts,41,,,false,true,false,false,false,,0,false,0,,,,,,false,false,false,false,GET|POST,request.json|request passed to helper,,,false,false,,,,false,NON_GET_METHOD|READS_REQUEST|NOT_FORCE_STATIC,,,,NON_GET_METHOD|READS_REQUEST|NOT_FORCE_STATIC,false
compliance-tracker,route,/api/v1/projexa/payroll/statutory-rules,src/app/api/v1/projexa/payroll/statutory-rules/route.ts,41,,,false,true,false,false,false,,0,false,0,,,,,,false,false,false,false,GET|POST,request.json|request passed to helper,,,false,false,,,,false,NON_GET_METHOD|READS_REQUEST|NOT_FORCE_STATIC,,,,NON_GET_METHOD|READS_REQUEST|NOT_FORCE_STATIC,false
compliance-tracker,route,/api/v1/projexa/permits/[id],src/app/api/v1/projexa/permits/[id]/route.ts,151,[id],,false,false,false,false,false,,0,false,0,,,,,,false,false,false,false,GET|PATCH|DELETE,request.json|request passed to helper,,,false,false,,,,false,DYNAMIC_SEGMENT_NO_GSP|NON_GET_METHOD|READS_REQUEST|NOT_FORCE_STATIC,,,,DYNAMIC_SEGMENT_NO_GSP|NON_GET_METHOD|READS_REQUEST|NOT_FORCE_STATIC,false
compliance-tracker,route,/api/v1/projexa/permits,src/app/api/v1/projexa/permits/route.ts,176,,,false,true,false,false,false,,0,false,0,,,,,,false,false,false,false,GET|POST,request.nextUrl|request.formData,,,false,false,,,,false,NON_GET_METHOD|READS_REQUEST|NOT_FORCE_STATIC,,,,NON_GET_METHOD|READS_REQUEST|NOT_FORCE_STATIC,false
compliance-tracker,route,/api/v1/projexa/phrase-map/[id]/promote,src/app/api/v1/projexa/phrase-map/[id]/promote/route.ts,27,[id],,false,false,false,false,false,,0,false,0,,,,,,false,false,false,false,POST,request.json|request passed to helper,,,false,false,,,,false,DYNAMIC_SEGMENT_NO_GSP|NON_GET_METHOD|READS_REQUEST|NOT_FORCE_STATIC,,,,DYNAMIC_SEGMENT_NO_GSP|NON_GET_METHOD|READS_REQUEST|NOT_FORCE_STATIC,false
compliance-tracker,route,/api/v1/projexa/pill-usage,src/app/api/v1/projexa/pill-usage/route.ts,130,,,false,true,false,false,false,,0,false,0,,,,,,false,false,false,false,GET|POST,request.url|request.json|new URL(request.url)|request passed to helper,,,false,false,,,,false,NON_GET_METHOD|READS_REQUEST|NOT_FORCE_STATIC,,,,NON_GET_METHOD|READS_REQUEST|NOT_FORCE_STATIC,false
compliance-tracker,route,/api/v1/projexa/policies/[id],src/app/api/v1/projexa/policies/[id]/route.ts,52,[id],,false,false,false,false,false,,0,false,0,,,,,,false,false,false,false,GET|PATCH,request.json|request passed to helper,,,false,false,,,,false,DYNAMIC_SEGMENT_NO_GSP|NON_GET_METHOD|READS_REQUEST|NOT_FORCE_STATIC,,,,DYNAMIC_SEGMENT_NO_GSP|NON_GET_METHOD|READS_REQUEST|NOT_FORCE_STATIC,false
compliance-tracker,route,/api/v1/projexa/policies,src/app/api/v1/projexa/policies/route.ts,43,,,false,true,false,false,false,,0,false,0,,,,,,false,false,false,false,GET|POST,request.json|request passed to helper,,,false,false,,,,false,NON_GET_METHOD|READS_REQUEST|NOT_FORCE_STATIC,,,,NON_GET_METHOD|READS_REQUEST|NOT_FORCE_STATIC,false
compliance-tracker,route,/api/v1/projexa/predictions/[activityId],src/app/api/v1/projexa/predictions/[activityId]/route.ts,2,[activityId],,false,false,false,false,false,,0,false,0,,,,,,false,false,false,false,GET,,,,false,false,,,,false,DYNAMIC_SEGMENT_NO_GSP|NOT_FORCE_STATIC,,,,DYNAMIC_SEGMENT_NO_GSP|NOT_FORCE_STATIC,false
compliance-tracker,route,/api/v1/projexa/procurement/goods-receipts/[id],src/app/api/v1/projexa/procurement/goods-receipts/[id]/route.ts,23,[id],,false,false,false,false,false,,0,false,0,,,,,,false,false,false,false,GET,request passed to helper,,,false,false,,,,false,DYNAMIC_SEGMENT_NO_GSP|READS_REQUEST|NOT_FORCE_STATIC,,,,DYNAMIC_SEGMENT_NO_GSP|READS_REQUEST|NOT_FORCE_STATIC,false
compliance-tracker,route,/api/v1/projexa/procurement/goods-receipts/[id]/submit,src/app/api/v1/projexa/procurement/goods-receipts/[id]/submit/route.ts,33,[id],,false,false,false,false,false,,0,false,0,,,,,,false,false,false,false,POST,request passed to helper,,,false,false,,,,false,DYNAMIC_SEGMENT_NO_GSP|NON_GET_METHOD|READS_REQUEST|NOT_FORCE_STATIC,,,,DYNAMIC_SEGMENT_NO_GSP|NON_GET_METHOD|READS_REQUEST|NOT_FORCE_STATIC,false
compliance-tracker,route,/api/v1/projexa/procurement/goods-receipts,src/app/api/v1/projexa/procurement/goods-receipts/route.ts,52,,,false,true,false,false,false,,0,false,0,,,,,,false,false,false,false,GET|POST,request.json|request passed to helper,,,false,false,,,,false,NON_GET_METHOD|READS_REQUEST|NOT_FORCE_STATIC,,,,NON_GET_METHOD|READS_REQUEST|NOT_FORCE_STATIC,false
compliance-tracker,route,/api/v1/projexa/procurement/purchase-orders/[id],src/app/api/v1/projexa/procurement/purchase-orders/[id]/route.ts,79,[id],,false,false,false,false,false,,0,false,0,,,,,,false,false,false,false,GET|PATCH|DELETE,request.json|request passed to helper,,,false,false,,,,false,DYNAMIC_SEGMENT_NO_GSP|NON_GET_METHOD|READS_REQUEST|NOT_FORCE_STATIC,,,,DYNAMIC_SEGMENT_NO_GSP|NON_GET_METHOD|READS_REQUEST|NOT_FORCE_STATIC,false
compliance-tracker,route,/api/v1/projexa/procurement/purchase-orders/[id]/submit,src/app/api/v1/projexa/procurement/purchase-orders/[id]/submit/route.ts,31,[id],,false,false,false,false,false,,0,false,0,,,,,,false,false,false,false,POST,request passed to helper,,,false,false,,,,false,DYNAMIC_SEGMENT_NO_GSP|NON_GET_METHOD|READS_REQUEST|NOT_FORCE_STATIC,,,,DYNAMIC_SEGMENT_NO_GSP|NON_GET_METHOD|READS_REQUEST|NOT_FORCE_STATIC,false
compliance-tracker,route,/api/v1/projexa/procurement/purchase-orders,src/app/api/v1/projexa/procurement/purchase-orders/route.ts,55,,,false,true,false,false,false,,0,false,0,,,,,,false,false,false,false,GET|POST,request.json|request passed to helper,,,false,false,,,,false,NON_GET_METHOD|READS_REQUEST|NOT_FORCE_STATIC,,,,NON_GET_METHOD|READS_REQUEST|NOT_FORCE_STATIC,false
compliance-tracker,route,/api/v1/projexa/procurement/quotations,src/app/api/v1/projexa/procurement/quotations/route.ts,54,,,false,true,false,false,false,,0,false,0,,,,,,false,false,false,false,GET|POST,request.nextUrl|request.json|request passed to helper,,,false,false,,,,false,NON_GET_METHOD|READS_REQUEST|NOT_FORCE_STATIC,,,,NON_GET_METHOD|READS_REQUEST|NOT_FORCE_STATIC,false
compliance-tracker,route,/api/v1/projexa/procurement/requisitions/[id],src/app/api/v1/projexa/procurement/requisitions/[id]/route.ts,24,[id],,false,false,false,false,false,,0,false,0,,,,,,false,false,false,false,GET,request passed to helper,,,false,false,,,,false,DYNAMIC_SEGMENT_NO_GSP|READS_REQUEST|NOT_FORCE_STATIC,,,,DYNAMIC_SEGMENT_NO_GSP|READS_REQUEST|NOT_FORCE_STATIC,false
compliance-tracker,route,/api/v1/projexa/procurement/requisitions/[id]/submit,src/app/api/v1/projexa/procurement/requisitions/[id]/submit/route.ts,40,[id],,false,false,false,false,false,,0,false,0,,,,,,false,false,false,false,POST,request passed to helper,,,false,false,,,,false,DYNAMIC_SEGMENT_NO_GSP|NON_GET_METHOD|READS_REQUEST|NOT_FORCE_STATIC,,,,DYNAMIC_SEGMENT_NO_GSP|NON_GET_METHOD|READS_REQUEST|NOT_FORCE_STATIC,false
compliance-tracker,route,/api/v1/projexa/procurement/requisitions,src/app/api/v1/projexa/procurement/requisitions/route.ts,52,,,false,true,false,false,false,,0,false,0,,,,,,false,false,false,false,GET|POST,request.json|request passed to helper,,,false,false,,,,false,NON_GET_METHOD|READS_REQUEST|NOT_FORCE_STATIC,,,,NON_GET_METHOD|READS_REQUEST|NOT_FORCE_STATIC,false
compliance-tracker,route,/api/v1/projexa/procurement/rfqs/[id]/comparison,src/app/api/v1/projexa/procurement/rfqs/[id]/comparison/route.ts,27,[id],,false,false,false,false,false,,0,false,0,,,,,,false,false,false,false,GET,request passed to helper,,,false,false,,,,false,DYNAMIC_SEGMENT_NO_GSP|READS_REQUEST|NOT_FORCE_STATIC,,,,DYNAMIC_SEGMENT_NO_GSP|READS_REQUEST|NOT_FORCE_STATIC,false
compliance-tracker,route,/api/v1/projexa/procurement/rfqs/[id],src/app/api/v1/projexa/procurement/rfqs/[id]/route.ts,22,[id],,false,false,false,false,false,,0,false,0,,,,,,false,false,false,false,GET,request passed to helper,,,false,false,,,,false,DYNAMIC_SEGMENT_NO_GSP|READS_REQUEST|NOT_FORCE_STATIC,,,,DYNAMIC_SEGMENT_NO_GSP|READS_REQUEST|NOT_FORCE_STATIC,false
compliance-tracker,route,/api/v1/projexa/procurement/rfqs/[id]/send,src/app/api/v1/projexa/procurement/rfqs/[id]/send/route.ts,31,[id],,false,false,false,false,false,,0,false,0,,,,,,false,false,false,false,POST,request passed to helper,,,false,false,,,,false,DYNAMIC_SEGMENT_NO_GSP|NON_GET_METHOD|READS_REQUEST|NOT_FORCE_STATIC,,,,DYNAMIC_SEGMENT_NO_GSP|NON_GET_METHOD|READS_REQUEST|NOT_FORCE_STATIC,false
compliance-tracker,route,/api/v1/projexa/procurement/rfqs,src/app/api/v1/projexa/procurement/rfqs/route.ts,51,,,false,true,false,false,false,,0,false,0,,,,,,false,false,false,false,GET|POST,request.json|request passed to helper,,,false,false,,,,false,NON_GET_METHOD|READS_REQUEST|NOT_FORCE_STATIC,,,,NON_GET_METHOD|READS_REQUEST|NOT_FORCE_STATIC,false
compliance-tracker,route,/api/v1/projexa/products,src/app/api/v1/projexa/products/route.ts,21,,,false,true,false,false,false,,0,false,0,,,,,,false,false,false,false,GET,request passed to helper,,,false,false,,,,false,READS_REQUEST|NOT_FORCE_STATIC,,,,READS_REQUEST|NOT_FORCE_STATIC,false
compliance-tracker,route,/api/v1/projexa/profit-and-loss,src/app/api/v1/projexa/profit-and-loss/route.ts,29,,,false,true,false,false,false,,0,false,0,,,,,,false,false,false,false,GET,request.nextUrl|request passed to helper,,,false,false,,,,false,READS_REQUEST|NOT_FORCE_STATIC,,,,READS_REQUEST|NOT_FORCE_STATIC,false
compliance-tracker,route,/api/v1/projexa/profit-and-loss-by-project,src/app/api/v1/projexa/profit-and-loss-by-project/route.ts,33,,,false,true,false,false,false,,0,false,0,,,,,,false,false,false,false,GET,request.nextUrl|request passed to helper,,,false,false,,,,false,READS_REQUEST|NOT_FORCE_STATIC,,,,READS_REQUEST|NOT_FORCE_STATIC,false
compliance-tracker,route,/api/v1/projexa/project-budgets/[id]/cancel,src/app/api/v1/projexa/project-budgets/[id]/cancel/route.ts,26,[id],,false,false,false,false,false,,0,false,0,,,,,,false,false,false,false,POST,request passed to helper,,,false,false,,,,false,DYNAMIC_SEGMENT_NO_GSP|NON_GET_METHOD|READS_REQUEST|NOT_FORCE_STATIC,,,,DYNAMIC_SEGMENT_NO_GSP|NON_GET_METHOD|READS_REQUEST|NOT_FORCE_STATIC,false
compliance-tracker,route,/api/v1/projexa/project-budgets/[id],src/app/api/v1/projexa/project-budgets/[id]/route.ts,45,[id],,false,false,false,false,false,,0,false,0,,,,,,false,false,false,false,GET|PATCH,request.json|request passed to helper,,,false,false,,,,false,DYNAMIC_SEGMENT_NO_GSP|NON_GET_METHOD|READS_REQUEST|NOT_FORCE_STATIC,,,,DYNAMIC_SEGMENT_NO_GSP|NON_GET_METHOD|READS_REQUEST|NOT_FORCE_STATIC,false
compliance-tracker,route,/api/v1/projexa/project-budgets/[id]/submit,src/app/api/v1/projexa/project-budgets/[id]/submit/route.ts,27,[id],,false,false,false,false,false,,0,false,0,,,,,,false,false,false,false,POST,request passed to helper,,,false,false,,,,false,DYNAMIC_SEGMENT_NO_GSP|NON_GET_METHOD|READS_REQUEST|NOT_FORCE_STATIC,,,,DYNAMIC_SEGMENT_NO_GSP|NON_GET_METHOD|READS_REQUEST|NOT_FORCE_STATIC,false
compliance-tracker,route,/api/v1/projexa/project-budgets/[id]/variance,src/app/api/v1/projexa/project-budgets/[id]/variance/route.ts,26,[id],,false,false,false,false,false,,0,false,0,,,,,,false,false,false,false,GET,request.nextUrl|request passed to helper,,,false,false,,,,false,DYNAMIC_SEGMENT_NO_GSP|READS_REQUEST|NOT_FORCE_STATIC,,,,DYNAMIC_SEGMENT_NO_GSP|READS_REQUEST|NOT_FORCE_STATIC,false
compliance-tracker,route,/api/v1/projexa/project-budgets,src/app/api/v1/projexa/project-budgets/route.ts,63,,,false,true,false,false,false,,0,false,0,,,,,,false,false,false,false,GET|POST,request.nextUrl|request.json|request passed to helper,,,false,false,,,,false,NON_GET_METHOD|READS_REQUEST|NOT_FORCE_STATIC,,,,NON_GET_METHOD|READS_REQUEST|NOT_FORCE_STATIC,false
compliance-tracker,route,/api/v1/projexa/projects/[id],src/app/api/v1/projexa/projects/[id]/route.ts,28,[id],,false,false,false,false,false,,0,false,0,,,,,,false,false,false,false,PATCH,request.json|request passed to helper,,,false,false,,,,false,DYNAMIC_SEGMENT_NO_GSP|NON_GET_METHOD|READS_REQUEST|NOT_FORCE_STATIC,,,,DYNAMIC_SEGMENT_NO_GSP|NON_GET_METHOD|READS_REQUEST|NOT_FORCE_STATIC,false
compliance-tracker,route,/api/v1/projexa/projects,src/app/api/v1/projexa/projects/route.ts,72,,,false,true,false,false,false,,0,false,0,,,,,,false,false,false,false,GET|POST,request.json|request passed to helper,,,false,false,,,,false,NON_GET_METHOD|READS_REQUEST|NOT_FORCE_STATIC,,,,NON_GET_METHOD|READS_REQUEST|NOT_FORCE_STATIC,false
compliance-tracker,route,/api/v1/projexa/punch-list/[id],src/app/api/v1/projexa/punch-list/[id]/route.ts,54,[id],,false,false,false,false,false,,0,false,0,,,,,,false,false,false,false,GET|PATCH,request.json|request passed to helper,,,false,false,,,,false,DYNAMIC_SEGMENT_NO_GSP|NON_GET_METHOD|READS_REQUEST|NOT_FORCE_STATIC,,,,DYNAMIC_SEGMENT_NO_GSP|NON_GET_METHOD|READS_REQUEST|NOT_FORCE_STATIC,false
compliance-tracker,route,/api/v1/projexa/punch-list,src/app/api/v1/projexa/punch-list/route.ts,42,,,false,true,false,false,false,,0,false,0,,,,,,false,false,false,false,GET|POST,request.nextUrl|request.json|request passed to helper,,,false,false,,,,false,NON_GET_METHOD|READS_REQUEST|NOT_FORCE_STATIC,,,,NON_GET_METHOD|READS_REQUEST|NOT_FORCE_STATIC,false
compliance-tracker,route,/api/v1/projexa/purchase-orders,src/app/api/v1/projexa/purchase-orders/route.ts,74,,,false,true,false,false,false,,0,false,0,,,,,,false,false,false,false,GET|POST,request.nextUrl|request.json|request passed to helper,,,false,false,,,,false,NON_GET_METHOD|READS_REQUEST|NOT_FORCE_STATIC,,,,NON_GET_METHOD|READS_REQUEST|NOT_FORCE_STATIC,false
compliance-tracker,route,/api/v1/projexa/quotations/[id]/convert,src/app/api/v1/projexa/quotations/[id]/convert/route.ts,42,[id],,false,false,false,false,false,,0,false,0,,,,,,false,false,false,false,POST,request.json|request passed to helper,,,false,false,,,,false,DYNAMIC_SEGMENT_NO_GSP|NON_GET_METHOD|READS_REQUEST|NOT_FORCE_STATIC,,,,DYNAMIC_SEGMENT_NO_GSP|NON_GET_METHOD|READS_REQUEST|NOT_FORCE_STATIC,false
compliance-tracker,route,/api/v1/projexa/quotations/[id]/pdf,src/app/api/v1/projexa/quotations/[id]/pdf/route.ts,37,[id],,false,false,false,false,false,,0,false,0,,,,,,false,false,false,false,GET,request passed to helper,,,false,false,,,,false,DYNAMIC_SEGMENT_NO_GSP|READS_REQUEST|NOT_FORCE_STATIC,,,,DYNAMIC_SEGMENT_NO_GSP|READS_REQUEST|NOT_FORCE_STATIC,false
compliance-tracker,route,/api/v1/projexa/quotations/[id]/revisions,src/app/api/v1/projexa/quotations/[id]/revisions/route.ts,46,[id],,false,false,false,false,false,,0,false,0,,,,,,false,false,false,false,POST,request.json|request passed to helper,,,false,false,,,,false,DYNAMIC_SEGMENT_NO_GSP|NON_GET_METHOD|READS_REQUEST|NOT_FORCE_STATIC,,,,DYNAMIC_SEGMENT_NO_GSP|NON_GET_METHOD|READS_REQUEST|NOT_FORCE_STATIC,false
compliance-tracker,route,/api/v1/projexa/quotations/[id],src/app/api/v1/projexa/quotations/[id]/route.ts,118,[id],,false,false,false,false,false,,0,false,0,,,,,,false,false,false,false,GET|PATCH,request.json|request passed to helper,,,false,false,,,,false,DYNAMIC_SEGMENT_NO_GSP|NON_GET_METHOD|READS_REQUEST|NOT_FORCE_STATIC,,,,DYNAMIC_SEGMENT_NO_GSP|NON_GET_METHOD|READS_REQUEST|NOT_FORCE_STATIC,false
compliance-tracker,route,/api/v1/projexa/quotations,src/app/api/v1/projexa/quotations/route.ts,93,,,false,true,false,false,false,,0,false,0,,,,,,false,false,false,false,GET|POST,request.nextUrl|request.json|request passed to helper,,,false,false,,,,false,NON_GET_METHOD|READS_REQUEST|NOT_FORCE_STATIC,,,,NON_GET_METHOD|READS_REQUEST|NOT_FORCE_STATIC,false
compliance-tracker,route,/api/v1/projexa/recruitment/applications/[id]/hire,src/app/api/v1/projexa/recruitment/applications/[id]/hire/route.ts,32,[id],,false,false,false,false,false,,0,false,0,,,,,,false,false,false,false,POST,request.json|request passed to helper,,,false,false,,,,false,DYNAMIC_SEGMENT_NO_GSP|NON_GET_METHOD|READS_REQUEST|NOT_FORCE_STATIC,,,,DYNAMIC_SEGMENT_NO_GSP|NON_GET_METHOD|READS_REQUEST|NOT_FORCE_STATIC,false
compliance-tracker,route,/api/v1/projexa/recruitment/applications/[id]/interviews,src/app/api/v1/projexa/recruitment/applications/[id]/interviews/route.ts,45,[id],,false,false,false,false,false,,0,false,0,,,,,,false,false,false,false,GET|POST,request.json|request passed to helper,,,false,false,,,,false,DYNAMIC_SEGMENT_NO_GSP|NON_GET_METHOD|READS_REQUEST|NOT_FORCE_STATIC,,,,DYNAMIC_SEGMENT_NO_GSP|NON_GET_METHOD|READS_REQUEST|NOT_FORCE_STATIC,false
compliance-tracker,route,/api/v1/projexa/recruitment/applications/[id],src/app/api/v1/projexa/recruitment/applications/[id]/route.ts,22,[id],,false,false,false,false,false,,0,false,0,,,,,,false,false,false,false,GET,request passed to helper,,,false,false,,,,false,DYNAMIC_SEGMENT_NO_GSP|READS_REQUEST|NOT_FORCE_STATIC,,,,DYNAMIC_SEGMENT_NO_GSP|READS_REQUEST|NOT_FORCE_STATIC,false
compliance-tracker,route,/api/v1/projexa/recruitment/applications/[id]/stage,src/app/api/v1/projexa/recruitment/applications/[id]/stage/route.ts,32,[id],,false,false,false,false,false,,0,false,0,,,,,,false,false,false,false,POST,request.json|request passed to helper,,,false,false,,,,false,DYNAMIC_SEGMENT_NO_GSP|NON_GET_METHOD|READS_REQUEST|NOT_FORCE_STATIC,,,,DYNAMIC_SEGMENT_NO_GSP|NON_GET_METHOD|READS_REQUEST|NOT_FORCE_STATIC,false
compliance-tracker,route,/api/v1/projexa/recruitment/applications,src/app/api/v1/projexa/recruitment/applications/route.ts,45,,,false,true,false,false,false,,0,false,0,,,,,,false,false,false,false,GET|POST,request.nextUrl|request.json|request passed to helper,,,false,false,,,,false,NON_GET_METHOD|READS_REQUEST|NOT_FORCE_STATIC,,,,NON_GET_METHOD|READS_REQUEST|NOT_FORCE_STATIC,false
compliance-tracker,route,/api/v1/projexa/recruitment/candidates,src/app/api/v1/projexa/recruitment/candidates/route.ts,40,,,false,true,false,false,false,,0,false,0,,,,,,false,false,false,false,GET|POST,request.json|request passed to helper,,,false,false,,,,false,NON_GET_METHOD|READS_REQUEST|NOT_FORCE_STATIC,,,,NON_GET_METHOD|READS_REQUEST|NOT_FORCE_STATIC,false
compliance-tracker,route,/api/v1/projexa/recruitment/interviews/[id]/feedback,src/app/api/v1/projexa/recruitment/interviews/[id]/feedback/route.ts,29,[id],,false,false,false,false,false,,0,false,0,,,,,,false,false,false,false,POST,request.json|request passed to helper,,,false,false,,,,false,DYNAMIC_SEGMENT_NO_GSP|NON_GET_METHOD|READS_REQUEST|NOT_FORCE_STATIC,,,,DYNAMIC_SEGMENT_NO_GSP|NON_GET_METHOD|READS_REQUEST|NOT_FORCE_STATIC,false
compliance-tracker,route,/api/v1/projexa/recruitment/job-openings/[id],src/app/api/v1/projexa/recruitment/job-openings/[id]/route.ts,22,[id],,false,false,false,false,false,,0,false,0,,,,,,false,false,false,false,GET,request passed to helper,,,false,false,,,,false,DYNAMIC_SEGMENT_NO_GSP|READS_REQUEST|NOT_FORCE_STATIC,,,,DYNAMIC_SEGMENT_NO_GSP|READS_REQUEST|NOT_FORCE_STATIC,false
compliance-tracker,route,/api/v1/projexa/recruitment/job-openings/[id]/status,src/app/api/v1/projexa/recruitment/job-openings/[id]/status/route.ts,29,[id],,false,false,false,false,false,,0,false,0,,,,,,false,false,false,false,POST,request.json|request passed to helper,,,false,false,,,,false,DYNAMIC_SEGMENT_NO_GSP|NON_GET_METHOD|READS_REQUEST|NOT_FORCE_STATIC,,,,DYNAMIC_SEGMENT_NO_GSP|NON_GET_METHOD|READS_REQUEST|NOT_FORCE_STATIC,false
compliance-tracker,route,/api/v1/projexa/recruitment/job-openings,src/app/api/v1/projexa/recruitment/job-openings/route.ts,42,,,false,true,false,false,false,,0,false,0,,,,,,false,false,false,false,GET|POST,request.json|request passed to helper,,,false,false,,,,false,NON_GET_METHOD|READS_REQUEST|NOT_FORCE_STATIC,,,,NON_GET_METHOD|READS_REQUEST|NOT_FORCE_STATIC,false
compliance-tracker,route,/api/v1/projexa/reports/[reportName]/export,src/app/api/v1/projexa/reports/[reportName]/export/route.ts,238,[reportName],,false,false,false,false,false,,0,false,0,,,,,,false,false,false,false,GET,request.nextUrl|request passed to helper,,,false,false,,,,false,DYNAMIC_SEGMENT_NO_GSP|READS_REQUEST|NOT_FORCE_STATIC,,,,DYNAMIC_SEGMENT_NO_GSP|READS_REQUEST|NOT_FORCE_STATIC,false
compliance-tracker,route,/api/v1/projexa/reports/[reportName],src/app/api/v1/projexa/reports/[reportName]/route.ts,125,[reportName],,false,false,false,false,false,,0,false,0,,,,,,false,false,false,false,GET,request.nextUrl|request passed to helper,,,false,false,,,,false,DYNAMIC_SEGMENT_NO_GSP|READS_REQUEST|NOT_FORCE_STATIC,,,,DYNAMIC_SEGMENT_NO_GSP|READS_REQUEST|NOT_FORCE_STATIC,false
compliance-tracker,route,/api/v1/projexa/reports/boq-analysis,src/app/api/v1/projexa/reports/boq-analysis/route.ts,76,,,false,true,false,false,false,,0,false,0,,,,,,false,false,false,false,GET,request.nextUrl|request passed to helper,,,false,false,,,,false,READS_REQUEST|NOT_FORCE_STATIC,,,,READS_REQUEST|NOT_FORCE_STATIC,false
compliance-tracker,route,/api/v1/projexa/reports/catalog,src/app/api/v1/projexa/reports/catalog/route.ts,37,,,false,true,false,false,false,,0,false,0,,,,,,false,false,false,false,GET,"NextRequest (typed, no member read detected)",,,false,false,,,,false,NOT_FORCE_STATIC,,,,NOT_FORCE_STATIC,false
compliance-tracker,route,/api/v1/projexa/reports/definitions/[id]/run,src/app/api/v1/projexa/reports/definitions/[id]/run/route.ts,45,[id],,false,false,false,false,false,,0,false,0,,,,,,false,false,false,false,POST,request.json|request passed to helper,,,false,false,,,,false,DYNAMIC_SEGMENT_NO_GSP|NON_GET_METHOD|READS_REQUEST|NOT_FORCE_STATIC,,,,DYNAMIC_SEGMENT_NO_GSP|NON_GET_METHOD|READS_REQUEST|NOT_FORCE_STATIC,false
compliance-tracker,route,/api/v1/projexa/reports/portfolio/budget-vs-actual,src/app/api/v1/projexa/reports/portfolio/budget-vs-actual/route.ts,55,,,false,true,false,false,false,,0,false,0,,,,,,false,false,false,false,GET,request.nextUrl|request passed to helper,,,false,false,,,,false,READS_REQUEST|NOT_FORCE_STATIC,,,,READS_REQUEST|NOT_FORCE_STATIC,false
compliance-tracker,route,/api/v1/projexa/reports/share,src/app/api/v1/projexa/reports/share/route.ts,34,,,false,true,false,false,false,,0,false,0,,,,,,false,false,false,false,POST,request.json|request passed to helper,,,false,false,,,,false,NON_GET_METHOD|READS_REQUEST|NOT_FORCE_STATIC,,,,NON_GET_METHOD|READS_REQUEST|NOT_FORCE_STATIC,false
compliance-tracker,route,/api/v1/projexa/rfis/[id],src/app/api/v1/projexa/rfis/[id]/route.ts,56,[id],,false,false,false,false,false,,0,false,0,,,,,,false,false,false,false,GET|PATCH,request.json|request passed to helper,,,false,false,,,,false,DYNAMIC_SEGMENT_NO_GSP|NON_GET_METHOD|READS_REQUEST|NOT_FORCE_STATIC,,,,DYNAMIC_SEGMENT_NO_GSP|NON_GET_METHOD|READS_REQUEST|NOT_FORCE_STATIC,false
compliance-tracker,route,/api/v1/projexa/rfis,src/app/api/v1/projexa/rfis/route.ts,42,,,false,true,false,false,false,,0,false,0,,,,,,false,false,false,false,GET|POST,request.nextUrl|request.json|request passed to helper,,,false,false,,,,false,NON_GET_METHOD|READS_REQUEST|NOT_FORCE_STATIC,,,,NON_GET_METHOD|READS_REQUEST|NOT_FORCE_STATIC,false
compliance-tracker,route,/api/v1/projexa/risks/[id],src/app/api/v1/projexa/risks/[id]/route.ts,49,[id],,false,false,false,false,false,,0,false,0,,,,,,false,false,false,false,GET|PATCH,request.json|request passed to helper,,,false,false,,,,false,DYNAMIC_SEGMENT_NO_GSP|NON_GET_METHOD|READS_REQUEST|NOT_FORCE_STATIC,,,,DYNAMIC_SEGMENT_NO_GSP|NON_GET_METHOD|READS_REQUEST|NOT_FORCE_STATIC,false
compliance-tracker,route,/api/v1/projexa/risks,src/app/api/v1/projexa/risks/route.ts,46,,,false,true,false,false,false,,0,false,0,,,,,,false,false,false,false,GET|POST,request.json|request passed to helper,,,false,false,,,,false,NON_GET_METHOD|READS_REQUEST|NOT_FORCE_STATIC,,,,NON_GET_METHOD|READS_REQUEST|NOT_FORCE_STATIC,false
compliance-tracker,route,/api/v1/projexa/sales-invoices/[id]/cancel,src/app/api/v1/projexa/sales-invoices/[id]/cancel/route.ts,27,[id],,false,false,false,false,false,,0,false,0,,,,,,false,false,false,false,POST,request passed to helper,,,false,false,,,,false,DYNAMIC_SEGMENT_NO_GSP|NON_GET_METHOD|READS_REQUEST|NOT_FORCE_STATIC,,,,DYNAMIC_SEGMENT_NO_GSP|NON_GET_METHOD|READS_REQUEST|NOT_FORCE_STATIC,false
compliance-tracker,route,/api/v1/projexa/sales-invoices/[id]/payments,src/app/api/v1/projexa/sales-invoices/[id]/payments/route.ts,32,[id],,false,false,false,false,false,,0,false,0,,,,,,false,false,false,false,POST,request.json|request passed to helper,,,false,false,,,,false,DYNAMIC_SEGMENT_NO_GSP|NON_GET_METHOD|READS_REQUEST|NOT_FORCE_STATIC,,,,DYNAMIC_SEGMENT_NO_GSP|NON_GET_METHOD|READS_REQUEST|NOT_FORCE_STATIC,false
compliance-tracker,route,/api/v1/projexa/sales-invoices/[id],src/app/api/v1/projexa/sales-invoices/[id]/route.ts,44,[id],,false,false,false,false,false,,0,false,0,,,,,,false,false,false,false,GET,request passed to helper,,,false,false,,,,false,DYNAMIC_SEGMENT_NO_GSP|READS_REQUEST|NOT_FORCE_STATIC,,,,DYNAMIC_SEGMENT_NO_GSP|READS_REQUEST|NOT_FORCE_STATIC,false
compliance-tracker,route,/api/v1/projexa/sales-invoices/[id]/submit,src/app/api/v1/projexa/sales-invoices/[id]/submit/route.ts,34,[id],,false,false,false,false,false,,0,false,0,,,,,,false,false,false,false,POST,request.json|request passed to helper,,,false,false,,,,false,DYNAMIC_SEGMENT_NO_GSP|NON_GET_METHOD|READS_REQUEST|NOT_FORCE_STATIC,,,,DYNAMIC_SEGMENT_NO_GSP|NON_GET_METHOD|READS_REQUEST|NOT_FORCE_STATIC,false
compliance-tracker,route,/api/v1/projexa/sales-invoices,src/app/api/v1/projexa/sales-invoices/route.ts,99,,,false,true,false,false,false,,0,false,0,,,,,,false,false,false,false,GET|POST,request.nextUrl|request.json|request passed to helper,,,false,false,,,,false,NON_GET_METHOD|READS_REQUEST|NOT_FORCE_STATIC,,,,NON_GET_METHOD|READS_REQUEST|NOT_FORCE_STATIC,false
compliance-tracker,route,/api/v1/projexa/sales-order-document-flow/[id],src/app/api/v1/projexa/sales-order-document-flow/[id]/route.ts,32,[id],,false,false,false,false,false,,0,false,0,,,,,,false,false,false,false,GET,request passed to helper,,,false,false,,,,false,DYNAMIC_SEGMENT_NO_GSP|READS_REQUEST|NOT_FORCE_STATIC,,,,DYNAMIC_SEGMENT_NO_GSP|READS_REQUEST|NOT_FORCE_STATIC,false
compliance-tracker,route,/api/v1/projexa/sales-orders/[id],src/app/api/v1/projexa/sales-orders/[id]/route.ts,81,[id],,false,false,false,false,false,,0,false,0,,,,,,false,false,false,false,GET|PATCH,request.json|request passed to helper,,,false,false,,,,false,DYNAMIC_SEGMENT_NO_GSP|NON_GET_METHOD|READS_REQUEST|NOT_FORCE_STATIC,,,,DYNAMIC_SEGMENT_NO_GSP|NON_GET_METHOD|READS_REQUEST|NOT_FORCE_STATIC,false
compliance-tracker,route,/api/v1/projexa/sales-orders/bulk-status,src/app/api/v1/projexa/sales-orders/bulk-status/route.ts,42,,,false,true,false,false,false,,0,false,0,,,,,,false,false,false,false,POST,request.json|request passed to helper,,,false,false,,,,false,NON_GET_METHOD|READS_REQUEST|NOT_FORCE_STATIC,,,,NON_GET_METHOD|READS_REQUEST|NOT_FORCE_STATIC,false
compliance-tracker,route,/api/v1/projexa/sales-orders,src/app/api/v1/projexa/sales-orders/route.ts,91,,,false,true,false,false,false,,0,false,0,,,,,,false,false,false,false,GET|POST,request.nextUrl|request.json|request passed to helper,,,false,false,,,,false,NON_GET_METHOD|READS_REQUEST|NOT_FORCE_STATIC,,,,NON_GET_METHOD|READS_REQUEST|NOT_FORCE_STATIC,false
compliance-tracker,route,/api/v1/projexa/sales-pipeline,src/app/api/v1/projexa/sales-pipeline/route.ts,27,,,false,true,false,false,false,,0,false,0,,,,,,false,false,false,false,GET,request passed to helper,,,false,false,,,,false,READS_REQUEST|NOT_FORCE_STATIC,,,,READS_REQUEST|NOT_FORCE_STATIC,false
compliance-tracker,route,/api/v1/projexa/sales-rep-performance,src/app/api/v1/projexa/sales-rep-performance/route.ts,31,,,false,true,false,false,false,,0,false,0,,,,,,false,false,false,false,GET,request.nextUrl|request passed to helper,,,false,false,,,,false,READS_REQUEST|NOT_FORCE_STATIC,,,,READS_REQUEST|NOT_FORCE_STATIC,false
compliance-tracker,route,/api/v1/projexa/schedule/[id]/completion,src/app/api/v1/projexa/schedule/[id]/completion/route.ts,57,[id],,false,false,false,false,false,,0,false,0,,,,,,false,false,false,false,GET|PATCH,request.json|request passed to helper,,,false,false,,,,false,DYNAMIC_SEGMENT_NO_GSP|NON_GET_METHOD|READS_REQUEST|NOT_FORCE_STATIC,,,,DYNAMIC_SEGMENT_NO_GSP|NON_GET_METHOD|READS_REQUEST|NOT_FORCE_STATIC,false
compliance-tracker,route,/api/v1/projexa/schedule/[id],src/app/api/v1/projexa/schedule/[id]/route.ts,66,[id],,false,false,false,false,false,,0,false,0,,,,,,false,false,false,false,GET|PATCH,request.json|request passed to helper,,,false,false,,,,false,DYNAMIC_SEGMENT_NO_GSP|NON_GET_METHOD|READS_REQUEST|NOT_FORCE_STATIC,,,,DYNAMIC_SEGMENT_NO_GSP|NON_GET_METHOD|READS_REQUEST|NOT_FORCE_STATIC,false
compliance-tracker,route,/api/v1/projexa/schedule/baselines/[id],src/app/api/v1/projexa/schedule/baselines/[id]/route.ts,22,[id],,false,false,false,false,false,,0,false,0,,,,,,false,false,false,false,GET,request passed to helper,,,false,false,,,,false,DYNAMIC_SEGMENT_NO_GSP|READS_REQUEST|NOT_FORCE_STATIC,,,,DYNAMIC_SEGMENT_NO_GSP|READS_REQUEST|NOT_FORCE_STATIC,false
compliance-tracker,route,/api/v1/projexa/schedule/baselines,src/app/api/v1/projexa/schedule/baselines/route.ts,42,,,false,true,false,false,false,,0,false,0,,,,,,false,false,false,false,GET|POST,request.nextUrl|request.json|request passed to helper,,,false,false,,,,false,NON_GET_METHOD|READS_REQUEST|NOT_FORCE_STATIC,,,,NON_GET_METHOD|READS_REQUEST|NOT_FORCE_STATIC,false
compliance-tracker,route,/api/v1/projexa/schedule/gantt,src/app/api/v1/projexa/schedule/gantt/route.ts,35,,,false,true,false,false,false,,0,false,0,,,,,,false,false,false,false,GET,request.nextUrl,,,false,false,,,,false,READS_REQUEST|NOT_FORCE_STATIC,,,,READS_REQUEST|NOT_FORCE_STATIC,false
compliance-tracker,route,/api/v1/projexa/schedule/import,src/app/api/v1/projexa/schedule/import/route.ts,80,,,false,true,false,false,false,,0,false,0,,,,,,false,false,false,false,POST,request.formData|request passed to helper,,,false,false,,,,false,NON_GET_METHOD|READS_REQUEST|NOT_FORCE_STATIC,,,,NON_GET_METHOD|READS_REQUEST|NOT_FORCE_STATIC,false
compliance-tracker,route,/api/v1/projexa/schedule/resource-conflicts,src/app/api/v1/projexa/schedule/resource-conflicts/route.ts,31,,,false,true,false,false,false,,0,false,0,,,,,,false,false,false,false,GET,request.nextUrl|request passed to helper,,,false,false,,,,false,READS_REQUEST|NOT_FORCE_STATIC,,,,READS_REQUEST|NOT_FORCE_STATIC,false
compliance-tracker,route,/api/v1/projexa/schedule,src/app/api/v1/projexa/schedule/route.ts,122,,,false,true,false,false,false,,0,false,0,,,,,,false,false,false,false,GET|POST,request.nextUrl|request.json,,,false,false,,,,false,NON_GET_METHOD|READS_REQUEST|NOT_FORCE_STATIC,,,,NON_GET_METHOD|READS_REQUEST|NOT_FORCE_STATIC,false
compliance-tracker,route,/api/v1/projexa/schedule/sprints/[id]/issues,src/app/api/v1/projexa/schedule/sprints/[id]/issues/route.ts,67,[id],,false,false,false,false,false,,0,false,0,,,,,,false,false,false,false,GET|POST|DELETE,request.json|request.nextUrl|request passed to helper|_request passed to helper,,,false,false,,,,false,DYNAMIC_SEGMENT_NO_GSP|NON_GET_METHOD|READS_REQUEST|NOT_FORCE_STATIC,,,,DYNAMIC_SEGMENT_NO_GSP|NON_GET_METHOD|READS_REQUEST|NOT_FORCE_STATIC,false
compliance-tracker,route,/api/v1/projexa/schedule/sprints/[id],src/app/api/v1/projexa/schedule/sprints/[id]/route.ts,29,[id],,false,false,false,false,false,,0,false,0,,,,,,false,false,false,false,PATCH,request.json|request passed to helper,,,false,false,,,,false,DYNAMIC_SEGMENT_NO_GSP|NON_GET_METHOD|READS_REQUEST|NOT_FORCE_STATIC,,,,DYNAMIC_SEGMENT_NO_GSP|NON_GET_METHOD|READS_REQUEST|NOT_FORCE_STATIC,false
compliance-tracker,route,/api/v1/projexa/schedule/sprints,src/app/api/v1/projexa/schedule/sprints/route.ts,66,,,false,true,false,false,false,,0,false,0,,,,,,false,false,false,false,GET|POST,request.nextUrl|request.json,,,false,false,,,,false,NON_GET_METHOD|READS_REQUEST|NOT_FORCE_STATIC,,,,NON_GET_METHOD|READS_REQUEST|NOT_FORCE_STATIC,false
compliance-tracker,route,/api/v1/projexa/schedule/types,src/app/api/v1/projexa/schedule/types/route.ts,24,,,false,true,false,false,false,,0,false,0,,,,,,false,false,false,false,GET,request passed to helper,,,false,false,,,,false,READS_REQUEST|NOT_FORCE_STATIC,,,,READS_REQUEST|NOT_FORCE_STATIC,false
compliance-tracker,route,/api/v1/projexa/schedule/workload,src/app/api/v1/projexa/schedule/workload/route.ts,52,,,false,true,false,false,false,,0,false,0,,,,,,false,false,false,false,GET|POST,request.nextUrl|request.json|request passed to helper,,,false,false,,,,false,NON_GET_METHOD|READS_REQUEST|NOT_FORCE_STATIC,,,,NON_GET_METHOD|READS_REQUEST|NOT_FORCE_STATIC,false
compliance-tracker,route,/api/v1/projexa/scope/[id]/approve,src/app/api/v1/projexa/scope/[id]/approve/route.ts,4,[id],,false,false,false,false,false,,0,false,0,,,,,,false,false,false,false,POST,,,,false,false,,,,false,DYNAMIC_SEGMENT_NO_GSP|NON_GET_METHOD|NOT_FORCE_STATIC,,,,DYNAMIC_SEGMENT_NO_GSP|NON_GET_METHOD|NOT_FORCE_STATIC,false
compliance-tracker,route,/api/v1/projexa/scope/[id]/compare,src/app/api/v1/projexa/scope/[id]/compare/route.ts,3,[id],,false,false,false,false,false,,0,false,0,,,,,,false,false,false,false,GET,,,,false,false,,,,false,DYNAMIC_SEGMENT_NO_GSP|NOT_FORCE_STATIC,,,,DYNAMIC_SEGMENT_NO_GSP|NOT_FORCE_STATIC,false
compliance-tracker,route,/api/v1/projexa/scope/[id]/revisions,src/app/api/v1/projexa/scope/[id]/revisions/route.ts,3,[id],,false,false,false,false,false,,0,false,0,,,,,,false,false,false,false,POST,,,,false,false,,,,false,DYNAMIC_SEGMENT_NO_GSP|NON_GET_METHOD|NOT_FORCE_STATIC,,,,DYNAMIC_SEGMENT_NO_GSP|NON_GET_METHOD|NOT_FORCE_STATIC,false
compliance-tracker,route,/api/v1/projexa/scope/[id],src/app/api/v1/projexa/scope/[id]/route.ts,5,[id],,false,false,false,false,false,,0,false,0,,,,,,false,false,false,false,GET|PATCH|DELETE,,,,false,false,,,,false,DYNAMIC_SEGMENT_NO_GSP|NON_GET_METHOD|NOT_FORCE_STATIC,,,,DYNAMIC_SEGMENT_NO_GSP|NON_GET_METHOD|NOT_FORCE_STATIC,false
compliance-tracker,route,/api/v1/projexa/scope/[id]/submit,src/app/api/v1/projexa/scope/[id]/submit/route.ts,4,[id],,false,false,false,false,false,,0,false,0,,,,,,false,false,false,false,POST,,,,false,false,,,,false,DYNAMIC_SEGMENT_NO_GSP|NON_GET_METHOD|NOT_FORCE_STATIC,,,,DYNAMIC_SEGMENT_NO_GSP|NON_GET_METHOD|NOT_FORCE_STATIC,false
compliance-tracker,route,/api/v1/projexa/scope/categories/[id],src/app/api/v1/projexa/scope/categories/[id]/route.ts,4,[id],,false,false,false,false,false,,0,false,0,,,,,,false,false,false,false,PATCH|DELETE,,,,false,false,,,,false,DYNAMIC_SEGMENT_NO_GSP|NON_GET_METHOD|NOT_FORCE_STATIC,,,,DYNAMIC_SEGMENT_NO_GSP|NON_GET_METHOD|NOT_FORCE_STATIC,false
compliance-tracker,route,/api/v1/projexa/scope/categories,src/app/api/v1/projexa/scope/categories/route.ts,4,,,false,true,false,false,false,,0,false,0,,,,,,false,false,false,false,GET|POST,,,,false,false,,,,false,NON_GET_METHOD|NOT_FORCE_STATIC,,,,NON_GET_METHOD|NOT_FORCE_STATIC,false
compliance-tracker,route,/api/v1/projexa/scope/import,src/app/api/v1/projexa/scope/import/route.ts,178,,,false,true,false,false,false,,0,false,0,,,,,,false,false,false,false,POST,request.nextUrl|request.formData|request passed to helper,,,false,false,,,,false,NON_GET_METHOD|READS_REQUEST|NOT_FORCE_STATIC,,,,NON_GET_METHOD|READS_REQUEST|NOT_FORCE_STATIC,false
compliance-tracker,route,/api/v1/projexa/scope/import/template,src/app/api/v1/projexa/scope/import/template/route.ts,67,,,false,true,false,false,false,,0,false,0,,,,,,false,false,false,false,GET,request passed to helper,,,false,false,,,,false,READS_REQUEST|NOT_FORCE_STATIC,,,,READS_REQUEST|NOT_FORCE_STATIC,false
compliance-tracker,route,/api/v1/projexa/scope/line-items/[id],src/app/api/v1/projexa/scope/line-items/[id]/route.ts,4,[id],,false,false,false,false,false,,0,false,0,,,,,,false,false,false,false,PATCH,,,,false,false,,,,false,DYNAMIC_SEGMENT_NO_GSP|NON_GET_METHOD|NOT_FORCE_STATIC,,,,DYNAMIC_SEGMENT_NO_GSP|NON_GET_METHOD|NOT_FORCE_STATIC,false
compliance-tracker,route,/api/v1/projexa/scope/lines,src/app/api/v1/projexa/scope/lines/route.ts,42,,,false,true,false,false,false,,0,false,0,,,,,,false,false,false,false,GET,request.nextUrl|request passed to helper,,,false,false,,,,false,READS_REQUEST|NOT_FORCE_STATIC,,,,READS_REQUEST|NOT_FORCE_STATIC,false
compliance-tracker,route,/api/v1/projexa/scope,src/app/api/v1/projexa/scope/route.ts,5,,,false,true,false,false,false,,0,false,0,,,,,,false,false,false,false,GET|POST,,,,false,false,,,,false,NON_GET_METHOD|NOT_FORCE_STATIC,,,,NON_GET_METHOD|NOT_FORCE_STATIC,false
compliance-tracker,route,/api/v1/projexa/screen-definitions/[functionId],src/app/api/v1/projexa/screen-definitions/[functionId]/route.ts,29,[functionId],,false,false,false,false,false,,0,false,0,,,,,,false,false,false,false,GET,request passed to helper,,,false,false,,,,false,DYNAMIC_SEGMENT_NO_GSP|READS_REQUEST|NOT_FORCE_STATIC,,,,DYNAMIC_SEGMENT_NO_GSP|READS_REQUEST|NOT_FORCE_STATIC,false
compliance-tracker,route,/api/v1/projexa/screen-drafts/[id],src/app/api/v1/projexa/screen-drafts/[id]/route.ts,45,[id],,false,false,false,false,false,,0,false,0,,,,,,false,false,false,false,PATCH|DELETE,request.json|request passed to helper,,,false,false,,,,false,DYNAMIC_SEGMENT_NO_GSP|NON_GET_METHOD|READS_REQUEST|NOT_FORCE_STATIC,,,,DYNAMIC_SEGMENT_NO_GSP|NON_GET_METHOD|READS_REQUEST|NOT_FORCE_STATIC,false
compliance-tracker,route,/api/v1/projexa/screen-drafts,src/app/api/v1/projexa/screen-drafts/route.ts,60,,,false,true,false,false,false,,0,false,0,,,,,,false,false,false,false,GET|POST,request.nextUrl|request.json|request passed to helper,,,false,false,,,,false,NON_GET_METHOD|READS_REQUEST|NOT_FORCE_STATIC,,,,NON_GET_METHOD|READS_REQUEST|NOT_FORCE_STATIC,false
compliance-tracker,route,/api/v1/projexa/site-diary/[id],src/app/api/v1/projexa/site-diary/[id]/route.ts,2,[id],,false,false,false,false,false,,0,false,0,,,,,,false,false,false,false,GET,,,,false,false,,,,false,DYNAMIC_SEGMENT_NO_GSP|NOT_FORCE_STATIC,,,,DYNAMIC_SEGMENT_NO_GSP|NOT_FORCE_STATIC,false
compliance-tracker,route,/api/v1/projexa/site-diary,src/app/api/v1/projexa/site-diary/route.ts,2,,,false,true,false,false,false,,0,false,0,,,,,,false,false,false,false,GET|POST,,,,false,false,,,,false,NON_GET_METHOD|NOT_FORCE_STATIC,,,,NON_GET_METHOD|NOT_FORCE_STATIC,false
compliance-tracker,route,/api/v1/projexa/site-instructions/[id],src/app/api/v1/projexa/site-instructions/[id]/route.ts,2,[id],,false,false,false,false,false,,0,false,0,,,,,,false,false,false,false,GET,,,,false,false,,,,false,DYNAMIC_SEGMENT_NO_GSP|NOT_FORCE_STATIC,,,,DYNAMIC_SEGMENT_NO_GSP|NOT_FORCE_STATIC,false
compliance-tracker,route,/api/v1/projexa/site-instructions,src/app/api/v1/projexa/site-instructions/route.ts,4,,,false,true,false,false,false,,0,false,0,,,,,,false,false,false,false,GET|POST,,,,false,false,,,,false,NON_GET_METHOD|NOT_FORCE_STATIC,,,,NON_GET_METHOD|NOT_FORCE_STATIC,false
compliance-tracker,route,/api/v1/projexa/statistical-key-figure-report,src/app/api/v1/projexa/statistical-key-figure-report/route.ts,40,,,false,true,false,false,false,,0,false,0,,,,,,false,false,false,false,GET,request.nextUrl|request passed to helper,,,false,false,,,,false,READS_REQUEST|NOT_FORCE_STATIC,,,,READS_REQUEST|NOT_FORCE_STATIC,false
compliance-tracker,route,/api/v1/projexa/storage-status,src/app/api/v1/projexa/storage-status/route.ts,37,,,false,true,false,false,false,,0,false,0,,,,,,false,false,false,false,GET,request passed to helper,,,false,false,,,,false,READS_REQUEST|NOT_FORCE_STATIC,,,,READS_REQUEST|NOT_FORCE_STATIC,false
compliance-tracker,route,/api/v1/projexa/subcontractor-payment-application-status,src/app/api/v1/projexa/subcontractor-payment-application-status/route.ts,34,,,false,true,false,false,false,,0,false,0,,,,,,false,false,false,false,GET,request.nextUrl|request passed to helper,,,false,false,,,,false,READS_REQUEST|NOT_FORCE_STATIC,,,,READS_REQUEST|NOT_FORCE_STATIC,false
compliance-tracker,route,/api/v1/projexa/subcontractor-retention-summary/[invoiceId]/release,src/app/api/v1/projexa/subcontractor-retention-summary/[invoiceId]/release/route.ts,33,[invoiceId],,false,false,false,false,false,,0,false,0,,,,,,false,false,false,false,POST,request.json|request passed to helper,,,false,false,,,,false,DYNAMIC_SEGMENT_NO_GSP|NON_GET_METHOD|READS_REQUEST|NOT_FORCE_STATIC,,,,DYNAMIC_SEGMENT_NO_GSP|NON_GET_METHOD|READS_REQUEST|NOT_FORCE_STATIC,false
compliance-tracker,route,/api/v1/projexa/subcontractor-retention-summary,src/app/api/v1/projexa/subcontractor-retention-summary/route.ts,57,,,false,true,false,false,false,,0,false,0,,,,,,false,false,false,false,GET,request.nextUrl|request passed to helper,,,false,false,,,,false,READS_REQUEST|NOT_FORCE_STATIC,,,,READS_REQUEST|NOT_FORCE_STATIC,false
compliance-tracker,route,/api/v1/projexa/submissions,src/app/api/v1/projexa/submissions/route.ts,69,,,false,true,false,false,false,,0,false,0,,,,,,false,false,false,false,POST,request.json|request passed to helper,,,false,false,,,,false,NON_GET_METHOD|READS_REQUEST|NOT_FORCE_STATIC,,,,NON_GET_METHOD|READS_REQUEST|NOT_FORCE_STATIC,false
compliance-tracker,route,/api/v1/projexa/submittals/[id],src/app/api/v1/projexa/submittals/[id]/route.ts,48,[id],,false,false,false,false,false,,0,false,0,,,,,,false,false,false,false,GET|PATCH,request.json|request passed to helper,,,false,false,,,,false,DYNAMIC_SEGMENT_NO_GSP|NON_GET_METHOD|READS_REQUEST|NOT_FORCE_STATIC,,,,DYNAMIC_SEGMENT_NO_GSP|NON_GET_METHOD|READS_REQUEST|NOT_FORCE_STATIC,false
compliance-tracker,route,/api/v1/projexa/submittals,src/app/api/v1/projexa/submittals/route.ts,47,,,false,true,false,false,false,,0,false,0,,,,,,false,false,false,false,GET|POST,request.nextUrl|request.json|request passed to helper,,,false,false,,,,false,NON_GET_METHOD|READS_REQUEST|NOT_FORCE_STATIC,,,,NON_GET_METHOD|READS_REQUEST|NOT_FORCE_STATIC,false
compliance-tracker,route,/api/v1/projexa/tasks/[id],src/app/api/v1/projexa/tasks/[id]/route.ts,184,[id],,false,false,false,false,false,,0,false,0,,,,,,false,false,false,false,GET|PATCH,request.json,,,false,false,,,,false,DYNAMIC_SEGMENT_NO_GSP|NON_GET_METHOD|READS_REQUEST|NOT_FORCE_STATIC,,,,DYNAMIC_SEGMENT_NO_GSP|NON_GET_METHOD|READS_REQUEST|NOT_FORCE_STATIC,false
compliance-tracker,route,/api/v1/projexa/tasks,src/app/api/v1/projexa/tasks/route.ts,500,,,false,true,false,false,false,,0,false,0,,,,,,false,false,false,false,GET|POST,request.json|request.url|new URL(request.url),,,false,false,,,,false,NON_GET_METHOD|READS_REQUEST|NOT_FORCE_STATIC,,,,NON_GET_METHOD|READS_REQUEST|NOT_FORCE_STATIC,false
compliance-tracker,route,/api/v1/projexa/tax-templates,src/app/api/v1/projexa/tax-templates/route.ts,26,,,false,true,false,false,false,,0,false,0,,,,,,false,false,false,false,GET,request passed to helper,,,false,false,,,,false,READS_REQUEST|NOT_FORCE_STATIC,,,,READS_REQUEST|NOT_FORCE_STATIC,false
compliance-tracker,route,/api/v1/projexa/timesheets/[id]/approve,src/app/api/v1/projexa/timesheets/[id]/approve/route.ts,55,[id],,false,false,false,false,false,,0,false,0,,,,,,false,false,false,false,POST,request.json|request passed to helper,,,false,false,,,,false,DYNAMIC_SEGMENT_NO_GSP|NON_GET_METHOD|READS_REQUEST|NOT_FORCE_STATIC,,,,DYNAMIC_SEGMENT_NO_GSP|NON_GET_METHOD|READS_REQUEST|NOT_FORCE_STATIC,false
compliance-tracker,route,/api/v1/projexa/timesheets/[id]/reject,src/app/api/v1/projexa/timesheets/[id]/reject/route.ts,56,[id],,false,false,false,false,false,,0,false,0,,,,,,false,false,false,false,POST,request.json|request passed to helper,,,false,false,,,,false,DYNAMIC_SEGMENT_NO_GSP|NON_GET_METHOD|READS_REQUEST|NOT_FORCE_STATIC,,,,DYNAMIC_SEGMENT_NO_GSP|NON_GET_METHOD|READS_REQUEST|NOT_FORCE_STATIC,false
compliance-tracker,route,/api/v1/projexa/timesheets/[id],src/app/api/v1/projexa/timesheets/[id]/route.ts,85,[id],,false,false,false,false,false,,0,false,0,,,,,,false,false,false,false,GET|PATCH|DELETE,request.json|request passed to helper,,,false,false,,,,false,DYNAMIC_SEGMENT_NO_GSP|NON_GET_METHOD|READS_REQUEST|NOT_FORCE_STATIC,,,,DYNAMIC_SEGMENT_NO_GSP|NON_GET_METHOD|READS_REQUEST|NOT_FORCE_STATIC,false
compliance-tracker,route,/api/v1/projexa/timesheets/[id]/submit,src/app/api/v1/projexa/timesheets/[id]/submit/route.ts,108,[id],,false,false,false,false,false,,0,false,0,,,,,,false,false,false,false,POST,request.json|request passed to helper,,,false,false,,,,false,DYNAMIC_SEGMENT_NO_GSP|NON_GET_METHOD|READS_REQUEST|NOT_FORCE_STATIC,,,,DYNAMIC_SEGMENT_NO_GSP|NON_GET_METHOD|READS_REQUEST|NOT_FORCE_STATIC,false
compliance-tracker,route,/api/v1/projexa/timesheets/review-day,src/app/api/v1/projexa/timesheets/review-day/route.ts,68,,,false,true,false,false,false,,0,false,0,,,,,,false,false,false,false,POST,request.json|request passed to helper,,,false,false,,,,false,NON_GET_METHOD|READS_REQUEST|NOT_FORCE_STATIC,,,,NON_GET_METHOD|READS_REQUEST|NOT_FORCE_STATIC,false
compliance-tracker,route,/api/v1/projexa/timesheets,src/app/api/v1/projexa/timesheets/route.ts,156,,,false,true,false,false,false,,0,false,0,,,,,,false,false,false,false,GET|POST,request.json|request.nextUrl,,,false,false,,,,false,NON_GET_METHOD|READS_REQUEST|NOT_FORCE_STATIC,,,,NON_GET_METHOD|READS_REQUEST|NOT_FORCE_STATIC,false
compliance-tracker,route,/api/v1/projexa/timesheets/submit-day,src/app/api/v1/projexa/timesheets/submit-day/route.ts,74,,,false,true,false,false,false,,0,false,0,,,,,,false,false,false,false,POST,request.json|request passed to helper,,,false,false,,,,false,NON_GET_METHOD|READS_REQUEST|NOT_FORCE_STATIC,,,,NON_GET_METHOD|READS_REQUEST|NOT_FORCE_STATIC,false
compliance-tracker,route,/api/v1/projexa/trial-balance,src/app/api/v1/projexa/trial-balance/route.ts,28,,,false,true,false,false,false,,0,false,0,,,,,,false,false,false,false,GET,request.nextUrl|request passed to helper,,,false,false,,,,false,READS_REQUEST|NOT_FORCE_STATIC,,,,READS_REQUEST|NOT_FORCE_STATIC,false
compliance-tracker,route,/api/v1/projexa/users,src/app/api/v1/projexa/users/route.ts,36,,,false,true,false,false,false,,0,false,0,,,,,,false,false,false,false,GET,request.nextUrl|request passed to helper,,,false,false,,,,false,READS_REQUEST|NOT_FORCE_STATIC,,,,READS_REQUEST|NOT_FORCE_STATIC,false
compliance-tracker,route,/api/v1/projexa/vendor-payment-behavior,src/app/api/v1/projexa/vendor-payment-behavior/route.ts,29,,,false,true,false,false,false,,0,false,0,,,,,,false,false,false,false,GET,request.nextUrl|request passed to helper,,,false,false,,,,false,READS_REQUEST|NOT_FORCE_STATIC,,,,READS_REQUEST|NOT_FORCE_STATIC,false
compliance-tracker,route,/api/v1/projexa/vendor-risk,src/app/api/v1/projexa/vendor-risk/route.ts,42,,,false,true,false,false,false,,0,false,0,,,,,,false,false,false,false,GET|POST,request.json|request passed to helper,,,false,false,,,,false,NON_GET_METHOD|READS_REQUEST|NOT_FORCE_STATIC,,,,NON_GET_METHOD|READS_REQUEST|NOT_FORCE_STATIC,false
compliance-tracker,route,/api/v1/projexa/vendors/[id]/bank-accounts,src/app/api/v1/projexa/vendors/[id]/bank-accounts/route.ts,50,[id],,false,false,false,false,false,,0,false,0,,,,,,false,false,false,false,GET|POST,request.json|request passed to helper,,,false,false,,,,false,DYNAMIC_SEGMENT_NO_GSP|NON_GET_METHOD|READS_REQUEST|NOT_FORCE_STATIC,,,,DYNAMIC_SEGMENT_NO_GSP|NON_GET_METHOD|READS_REQUEST|NOT_FORCE_STATIC,false
compliance-tracker,route,/api/v1/projexa/vendors/[id]/portal-links/[linkId],src/app/api/v1/projexa/vendors/[id]/portal-links/[linkId]/route.ts,24,[id]|[linkId],,false,false,false,false,false,,0,false,0,,,,,,false,false,false,false,DELETE,request passed to helper,,,false,false,,,,false,DYNAMIC_SEGMENT_NO_GSP|NON_GET_METHOD|READS_REQUEST|NOT_FORCE_STATIC,,,,DYNAMIC_SEGMENT_NO_GSP|NON_GET_METHOD|READS_REQUEST|NOT_FORCE_STATIC,false
compliance-tracker,route,/api/v1/projexa/vendors/[id]/portal-links,src/app/api/v1/projexa/vendors/[id]/portal-links/route.ts,47,[id],,false,false,false,false,false,,0,false,0,,,,,,false,false,false,false,GET|POST,request.json|request passed to helper,,,false,false,,,,false,DYNAMIC_SEGMENT_NO_GSP|NON_GET_METHOD|READS_REQUEST|NOT_FORCE_STATIC,,,,DYNAMIC_SEGMENT_NO_GSP|NON_GET_METHOD|READS_REQUEST|NOT_FORCE_STATIC,false
compliance-tracker,route,/api/v1/projexa/vendors/[id]/qualification,src/app/api/v1/projexa/vendors/[id]/qualification/route.ts,46,[id],,false,false,false,false,false,,0,false,0,,,,,,false,false,false,false,GET|POST,request.json|request passed to helper,,,false,false,,,,false,DYNAMIC_SEGMENT_NO_GSP|NON_GET_METHOD|READS_REQUEST|NOT_FORCE_STATIC,,,,DYNAMIC_SEGMENT_NO_GSP|NON_GET_METHOD|READS_REQUEST|NOT_FORCE_STATIC,false
compliance-tracker,route,/api/v1/projexa/vendors/[id],src/app/api/v1/projexa/vendors/[id]/route.ts,67,[id],,false,false,false,false,false,,0,false,0,,,,,,false,false,false,false,GET|PATCH,request.json|request passed to helper,,,false,false,,,,false,DYNAMIC_SEGMENT_NO_GSP|NON_GET_METHOD|READS_REQUEST|NOT_FORCE_STATIC,,,,DYNAMIC_SEGMENT_NO_GSP|NON_GET_METHOD|READS_REQUEST|NOT_FORCE_STATIC,false
compliance-tracker,route,/api/v1/projexa/vendors/[id]/sanction-checks,src/app/api/v1/projexa/vendors/[id]/sanction-checks/route.ts,45,[id],,false,false,false,false,false,,0,false,0,,,,,,false,false,false,false,GET|POST,request.json|request passed to helper,,,false,false,,,,false,DYNAMIC_SEGMENT_NO_GSP|NON_GET_METHOD|READS_REQUEST|NOT_FORCE_STATIC,,,,DYNAMIC_SEGMENT_NO_GSP|NON_GET_METHOD|READS_REQUEST|NOT_FORCE_STATIC,false
compliance-tracker,route,/api/v1/projexa/vendors,src/app/api/v1/projexa/vendors/route.ts,67,,,false,true,false,false,false,,0,false,0,,,,,,false,false,false,false,GET|POST,request.json|request passed to helper,,,false,false,,,,false,NON_GET_METHOD|READS_REQUEST|NOT_FORCE_STATIC,,,,NON_GET_METHOD|READS_REQUEST|NOT_FORCE_STATIC,false
compliance-tracker,route,/api/v1/projexa/veri-meetings/[id]/action-items,src/app/api/v1/projexa/veri-meetings/[id]/action-items/route.ts,39,[id],,false,false,false,false,false,,0,false,0,,,,,,false,false,false,false,POST,request.json|request passed to helper,,,false,false,,,,false,DYNAMIC_SEGMENT_NO_GSP|NON_GET_METHOD|READS_REQUEST|NOT_FORCE_STATIC,,,,DYNAMIC_SEGMENT_NO_GSP|NON_GET_METHOD|READS_REQUEST|NOT_FORCE_STATIC,false
compliance-tracker,route,/api/v1/projexa/veri-meetings/[id]/generate-intelligence,src/app/api/v1/projexa/veri-meetings/[id]/generate-intelligence/route.ts,30,[id],,false,false,false,false,false,,0,false,0,,,,,,false,false,false,false,POST,request passed to helper,,,false,false,,,,false,DYNAMIC_SEGMENT_NO_GSP|NON_GET_METHOD|READS_REQUEST|NOT_FORCE_STATIC,,,,DYNAMIC_SEGMENT_NO_GSP|NON_GET_METHOD|READS_REQUEST|NOT_FORCE_STATIC,false
compliance-tracker,route,/api/v1/projexa/veri-meetings/[id]/pdf,src/app/api/v1/projexa/veri-meetings/[id]/pdf/route.ts,83,[id],,false,false,false,false,false,,0,false,0,,,,,,false,false,false,false,GET,request passed to helper,,,false,false,,,,false,DYNAMIC_SEGMENT_NO_GSP|READS_REQUEST|NOT_FORCE_STATIC,,,,DYNAMIC_SEGMENT_NO_GSP|READS_REQUEST|NOT_FORCE_STATIC,false
compliance-tracker,route,/api/v1/projexa/veri-meetings/[id],src/app/api/v1/projexa/veri-meetings/[id]/route.ts,99,[id],,false,false,false,false,false,,0,false,0,,,,,,false,false,false,false,GET|PATCH|DELETE,request.json|request passed to helper,,,false,false,,,,false,DYNAMIC_SEGMENT_NO_GSP|NON_GET_METHOD|READS_REQUEST|NOT_FORCE_STATIC,,,,DYNAMIC_SEGMENT_NO_GSP|NON_GET_METHOD|READS_REQUEST|NOT_FORCE_STATIC,false
compliance-tracker,route,/api/v1/projexa/veri-meetings/[id]/share-links,src/app/api/v1/projexa/veri-meetings/[id]/share-links/route.ts,71,[id],,false,false,false,false,false,,0,false,0,,,,,,false,false,false,false,GET|POST,request.json|request.nextUrl|request passed to helper,,,false,false,,,,false,DYNAMIC_SEGMENT_NO_GSP|NON_GET_METHOD|READS_REQUEST|NOT_FORCE_STATIC,,,,DYNAMIC_SEGMENT_NO_GSP|NON_GET_METHOD|READS_REQUEST|NOT_FORCE_STATIC,false
compliance-tracker,route,/api/v1/projexa/veri-meetings,src/app/api/v1/projexa/veri-meetings/route.ts,78,,,false,true,false,false,false,,0,false,0,,,,,,false,false,false,false,GET|POST,request.nextUrl|request.json,,,false,false,,,,false,NON_GET_METHOD|READS_REQUEST|NOT_FORCE_STATIC,,,,NON_GET_METHOD|READS_REQUEST|NOT_FORCE_STATIC,false
compliance-tracker,route,/api/v1/projexa/veri-meetings/share-links/[linkId],src/app/api/v1/projexa/veri-meetings/share-links/[linkId]/route.ts,31,[linkId],,false,false,false,false,false,,0,false,0,,,,,,false,false,false,false,DELETE,request passed to helper,,,false,false,,,,false,DYNAMIC_SEGMENT_NO_GSP|NON_GET_METHOD|READS_REQUEST|NOT_FORCE_STATIC,,,,DYNAMIC_SEGMENT_NO_GSP|NON_GET_METHOD|READS_REQUEST|NOT_FORCE_STATIC,false
compliance-tracker,route,/api/v1/projexa/wiki/[id],src/app/api/v1/projexa/wiki/[id]/route.ts,48,[id],,false,false,false,false,false,,0,false,0,,,,,,false,false,false,false,GET|PATCH,request.json|request passed to helper,,,false,false,,,,false,DYNAMIC_SEGMENT_NO_GSP|NON_GET_METHOD|READS_REQUEST|NOT_FORCE_STATIC,,,,DYNAMIC_SEGMENT_NO_GSP|NON_GET_METHOD|READS_REQUEST|NOT_FORCE_STATIC,false
compliance-tracker,route,/api/v1/projexa/wiki/by-slug,src/app/api/v1/projexa/wiki/by-slug/route.ts,26,,,false,true,false,false,false,,0,false,0,,,,,,false,false,false,false,GET,request.nextUrl|request passed to helper,,,false,false,,,,false,READS_REQUEST|NOT_FORCE_STATIC,,,,READS_REQUEST|NOT_FORCE_STATIC,false
compliance-tracker,route,/api/v1/projexa/wiki,src/app/api/v1/projexa/wiki/route.ts,48,,,false,true,false,false,false,,0,false,0,,,,,,false,false,false,false,GET|POST,request.nextUrl|request.json|request passed to helper,,,false,false,,,,false,NON_GET_METHOD|READS_REQUEST|NOT_FORCE_STATIC,,,,NON_GET_METHOD|READS_REQUEST|NOT_FORCE_STATIC,false
compliance-tracker,route,/api/v1/projexa/work-progress/[id],src/app/api/v1/projexa/work-progress/[id]/route.ts,8,[id],,false,false,false,false,false,,0,false,0,,,,,,false,false,false,false,GET|PATCH|DELETE,,,,false,false,,,,false,DYNAMIC_SEGMENT_NO_GSP|NON_GET_METHOD|NOT_FORCE_STATIC,,,,DYNAMIC_SEGMENT_NO_GSP|NON_GET_METHOD|NOT_FORCE_STATIC,false
compliance-tracker,route,/api/v1/projexa/work-progress/activities,src/app/api/v1/projexa/work-progress/activities/route.ts,93,,,false,true,false,false,false,,0,false,0,,,,,,false,false,false,false,GET|POST,request.nextUrl|request.json|request passed to helper,,,false,false,,,,false,NON_GET_METHOD|READS_REQUEST|NOT_FORCE_STATIC,,,,NON_GET_METHOD|READS_REQUEST|NOT_FORCE_STATIC,false
compliance-tracker,route,/api/v1/projexa/work-progress/report/pdf,src/app/api/v1/projexa/work-progress/report/pdf/route.ts,119,,,false,true,false,false,false,,0,false,0,,,,,,false,false,false,false,GET,request.nextUrl|request passed to helper,,,false,false,,,,false,READS_REQUEST|NOT_FORCE_STATIC,,,,READS_REQUEST|NOT_FORCE_STATIC,false
compliance-tracker,route,/api/v1/projexa/work-progress/report/xlsx,src/app/api/v1/projexa/work-progress/report/xlsx/route.ts,104,,,false,true,false,false,false,,0,false,0,,,,,,false,false,false,false,GET,request.nextUrl|request passed to helper,,,false,false,,,,false,READS_REQUEST|NOT_FORCE_STATIC,,,,READS_REQUEST|NOT_FORCE_STATIC,false
compliance-tracker,route,/api/v1/projexa/work-progress,src/app/api/v1/projexa/work-progress/route.ts,2,,,false,true,false,false,false,,0,false,0,,,,,,false,false,false,false,GET|POST,,,,false,false,,,,false,NON_GET_METHOD|NOT_FORCE_STATIC,,,,NON_GET_METHOD|NOT_FORCE_STATIC,false
compliance-tracker,route,/api/v1/reports/catalog,src/app/api/v1/reports/catalog/route.ts,30,,,false,true,false,false,false,,0,false,0,,,,,,false,false,false,false,GET,request passed to helper,,,false,false,,,,false,READS_REQUEST|NOT_FORCE_STATIC,,,,READS_REQUEST|NOT_FORCE_STATIC,false
compliance-tracker,route,/api/v1/reports/definitions/[id]/run,src/app/api/v1/reports/definitions/[id]/run/route.ts,67,[id],,false,false,false,false,false,,0,false,0,,,,,,false,false,false,false,POST,request.json|request.nextUrl|request passed to helper,,,false,false,,,,false,DYNAMIC_SEGMENT_NO_GSP|NON_GET_METHOD|READS_REQUEST|NOT_FORCE_STATIC,,,,DYNAMIC_SEGMENT_NO_GSP|NON_GET_METHOD|READS_REQUEST|NOT_FORCE_STATIC,false
compliance-tracker,route,/api/v1/tasks/[id],src/app/api/v1/tasks/[id]/route.ts,44,[id],,false,false,false,false,false,,0,false,0,,,,,,false,false,false,false,GET|PATCH,request.json|request passed to helper,,,false,false,,,,false,DYNAMIC_SEGMENT_NO_GSP|NON_GET_METHOD|READS_REQUEST|NOT_FORCE_STATIC,,,,DYNAMIC_SEGMENT_NO_GSP|NON_GET_METHOD|READS_REQUEST|NOT_FORCE_STATIC,false
compliance-tracker,route,/api/v1/tasks/[id]/status,src/app/api/v1/tasks/[id]/status/route.ts,27,[id],,false,false,false,false,false,,0,false,0,,,,,,false,false,false,false,GET,request passed to helper,,,false,false,,,,false,DYNAMIC_SEGMENT_NO_GSP|READS_REQUEST|NOT_FORCE_STATIC,,,,DYNAMIC_SEGMENT_NO_GSP|READS_REQUEST|NOT_FORCE_STATIC,false
compliance-tracker,route,/api/v1/tasks,src/app/api/v1/tasks/route.ts,47,,,false,true,false,false,false,,0,false,0,,,,,,false,false,false,false,GET|POST,request.nextUrl|request.json|request passed to helper,,,false,false,,,,false,NON_GET_METHOD|READS_REQUEST|NOT_FORCE_STATIC,,,,NON_GET_METHOD|READS_REQUEST|NOT_FORCE_STATIC,false
compliance-tracker,route,/api/vendor-portal/[token]/auctions/[auctionId]/bid,src/app/api/vendor-portal/[token]/auctions/[auctionId]/bid/route.ts,20,[token]|[auctionId],,false,false,false,false,false,,0,false,0,,,,,,false,false,false,false,POST,request.json,,,false,false,,,,false,DYNAMIC_SEGMENT_NO_GSP|NON_GET_METHOD|READS_REQUEST|NOT_FORCE_STATIC,,,,DYNAMIC_SEGMENT_NO_GSP|NON_GET_METHOD|READS_REQUEST|NOT_FORCE_STATIC,false
compliance-tracker,route,/api/vendor-portal/[token]/auctions,src/app/api/vendor-portal/[token]/auctions/route.ts,17,[token],,false,false,false,false,false,,0,false,0,,,,,,false,false,false,false,GET,"NextRequest (typed, no member read detected)",,,false,false,,,,false,DYNAMIC_SEGMENT_NO_GSP|NOT_FORCE_STATIC,,,,DYNAMIC_SEGMENT_NO_GSP|NOT_FORCE_STATIC,false
compliance-tracker,route,/api/vendor-portal/[token]/bank-account,src/app/api/vendor-portal/[token]/bank-account/route.ts,22,[token],,false,false,false,false,false,,0,false,0,,,,,,false,false,false,false,POST,request.json,,,false,false,,,,false,DYNAMIC_SEGMENT_NO_GSP|NON_GET_METHOD|READS_REQUEST|NOT_FORCE_STATIC,,,,DYNAMIC_SEGMENT_NO_GSP|NON_GET_METHOD|READS_REQUEST|NOT_FORCE_STATIC,false
compliance-tracker,route,/api/vendor-portal/[token],src/app/api/vendor-portal/[token]/route.ts,18,[token],,false,false,false,false,false,,0,false,0,,,,,,false,false,false,false,GET,"NextRequest (typed, no member read detected)",,,false,false,,,,false,DYNAMIC_SEGMENT_NO_GSP|NOT_FORCE_STATIC,,,,DYNAMIC_SEGMENT_NO_GSP|NOT_FORCE_STATIC,false
compliance-tracker,route,/api/vendor-risk/[id]/assess,src/app/api/vendor-risk/[id]/assess/route.ts,54,[id],,false,false,false,false,false,,0,false,0,,,,,,false,false,false,false,POST,request.json,,,false,false,,,,false,DYNAMIC_SEGMENT_NO_GSP|NON_GET_METHOD|READS_REQUEST|NOT_FORCE_STATIC,,,,DYNAMIC_SEGMENT_NO_GSP|NON_GET_METHOD|READS_REQUEST|NOT_FORCE_STATIC,false
compliance-tracker,route,/api/vendor-risk,src/app/api/vendor-risk/route.ts,33,,,false,true,false,false,false,,0,false,0,,,,,,false,false,false,false,GET|POST,request.json,,,false,false,,,,false,NON_GET_METHOD|READS_REQUEST|NOT_FORCE_STATIC,,,,NON_GET_METHOD|READS_REQUEST|NOT_FORCE_STATIC,false
compliance-tracker,route,/api/veri-chat/approvals,src/app/api/veri-chat/approvals/route.ts,150,,,false,true,false,false,false,,0,false,0,,,,,,false,false,false,false,GET,,,,false,false,,,,false,NOT_FORCE_STATIC,,,,NOT_FORCE_STATIC,false
compliance-tracker,route,/api/veri-chat/conversations/[id]/context,src/app/api/veri-chat/conversations/[id]/context/route.ts,26,[id],,false,false,false,false,false,,0,false,0,,,,,,false,false,false,false,PATCH,request.json,,,false,false,,,,false,DYNAMIC_SEGMENT_NO_GSP|NON_GET_METHOD|READS_REQUEST|NOT_FORCE_STATIC,,,,DYNAMIC_SEGMENT_NO_GSP|NON_GET_METHOD|READS_REQUEST|NOT_FORCE_STATIC,false
compliance-tracker,route,/api/veri-chat/conversations/[id]/guest-access,src/app/api/veri-chat/conversations/[id]/guest-access/route.ts,46,[id],,false,false,false,false,false,,0,false,0,,,,,,false,false,false,false,GET|POST,request.json|request.nextUrl,,,false,false,,,,false,DYNAMIC_SEGMENT_NO_GSP|NON_GET_METHOD|READS_REQUEST|NOT_FORCE_STATIC,,,,DYNAMIC_SEGMENT_NO_GSP|NON_GET_METHOD|READS_REQUEST|NOT_FORCE_STATIC,false
compliance-tracker,route,/api/veri-chat/conversations/[id]/share-links,src/app/api/veri-chat/conversations/[id]/share-links/route.ts,45,[id],,false,false,false,false,false,,0,false,0,,,,,,false,false,false,false,GET|POST,request.nextUrl,,,false,false,,,,false,DYNAMIC_SEGMENT_NO_GSP|NON_GET_METHOD|READS_REQUEST|NOT_FORCE_STATIC,,,,DYNAMIC_SEGMENT_NO_GSP|NON_GET_METHOD|READS_REQUEST|NOT_FORCE_STATIC,false
compliance-tracker,route,/api/veri-chat/guest-access/[id],src/app/api/veri-chat/guest-access/[id]/route.ts,22,[id],,false,false,false,false,false,,0,false,0,,,,,,false,false,false,false,DELETE,"NextRequest (typed, no member read detected)",,,false,false,,,,false,DYNAMIC_SEGMENT_NO_GSP|NON_GET_METHOD|NOT_FORCE_STATIC,,,,DYNAMIC_SEGMENT_NO_GSP|NON_GET_METHOD|NOT_FORCE_STATIC,false
compliance-tracker,route,/api/veri-chat/meetings/action-items,src/app/api/veri-chat/meetings/action-items/route.ts,24,,,false,true,false,false,false,,0,false,0,,,,,,false,false,false,false,GET,,,,false,false,,,,false,NOT_FORCE_STATIC,,,,NOT_FORCE_STATIC,false
compliance-tracker,route,/api/veri-chat/messages/[id]/attachments,src/app/api/veri-chat/messages/[id]/attachments/route.ts,24,[id],,false,false,false,false,false,,0,false,0,,,,,,false,false,false,false,POST,request.json,,,false,false,,,,false,DYNAMIC_SEGMENT_NO_GSP|NON_GET_METHOD|READS_REQUEST|NOT_FORCE_STATIC,,,,DYNAMIC_SEGMENT_NO_GSP|NON_GET_METHOD|READS_REQUEST|NOT_FORCE_STATIC,false
compliance-tracker,route,/api/veri-chat/share-links/[id],src/app/api/veri-chat/share-links/[id]/route.ts,22,[id],,false,false,false,false,false,,0,false,0,,,,,,false,false,false,false,DELETE,"NextRequest (typed, no member read detected)",,,false,false,,,,false,DYNAMIC_SEGMENT_NO_GSP|NON_GET_METHOD|NOT_FORCE_STATIC,,,,DYNAMIC_SEGMENT_NO_GSP|NON_GET_METHOD|NOT_FORCE_STATIC,false
compliance-tracker,route,/api/veri-chat/share-target,src/app/api/veri-chat/share-target/route.ts,34,,,false,true,false,false,false,,0,false,0,,,,,,false,false,false,false,POST,request.formData|request.url,,,false,false,,,,false,NON_GET_METHOD|READS_REQUEST|NOT_FORCE_STATIC,,,,NON_GET_METHOD|READS_REQUEST|NOT_FORCE_STATIC,false
compliance-tracker,route,/api/veri-chat/voice-tickets,src/app/api/veri-chat/voice-tickets/route.ts,28,,,false,true,false,false,false,,0,false,0,,,,,,false,false,false,false,GET,,,,false,false,,,,false,NOT_FORCE_STATIC,,,,NOT_FORCE_STATIC,false
compliance-tracker,route,/api/veri-meetings/[id]/action-items,src/app/api/veri-meetings/[id]/action-items/route.ts,37,[id],,false,false,false,false,false,,0,false,0,,,,,,false,false,false,false,POST,request.json,,,false,false,,,,false,DYNAMIC_SEGMENT_NO_GSP|NON_GET_METHOD|READS_REQUEST|NOT_FORCE_STATIC,,,,DYNAMIC_SEGMENT_NO_GSP|NON_GET_METHOD|READS_REQUEST|NOT_FORCE_STATIC,false
compliance-tracker,route,/api/veri-meetings/[id]/audit-log,src/app/api/veri-meetings/[id]/audit-log/route.ts,22,[id],,false,false,false,false,false,,0,false,0,,,,,,false,false,false,false,GET,"NextRequest (typed, no member read detected)",,,false,false,,,,false,DYNAMIC_SEGMENT_NO_GSP|NOT_FORCE_STATIC,,,,DYNAMIC_SEGMENT_NO_GSP|NOT_FORCE_STATIC,false
compliance-tracker,route,/api/veri-meetings/[id]/export,src/app/api/veri-meetings/[id]/export/route.ts,91,[id],,false,false,false,false,false,,0,false,0,,,,,,false,false,false,false,GET,"NextRequest (typed, no member read detected)",,,false,false,,,,false,DYNAMIC_SEGMENT_NO_GSP|NOT_FORCE_STATIC,,,,DYNAMIC_SEGMENT_NO_GSP|NOT_FORCE_STATIC,false
compliance-tracker,route,/api/veri-meetings/[id]/generate-intelligence,src/app/api/veri-meetings/[id]/generate-intelligence/route.ts,33,[id],,false,false,false,false,false,,0,false,0,,,,,,false,false,false,false,POST,"NextRequest (typed, no member read detected)",,,false,false,,,,false,DYNAMIC_SEGMENT_NO_GSP|NON_GET_METHOD|NOT_FORCE_STATIC,,,,DYNAMIC_SEGMENT_NO_GSP|NON_GET_METHOD|NOT_FORCE_STATIC,false
compliance-tracker,route,/api/veri-meetings/[id]/minutes,src/app/api/veri-meetings/[id]/minutes/route.ts,26,[id],,false,false,false,false,false,,0,false,0,,,,,,false,false,false,false,PATCH,request.json,,,false,false,,,,false,DYNAMIC_SEGMENT_NO_GSP|NON_GET_METHOD|READS_REQUEST|NOT_FORCE_STATIC,,,,DYNAMIC_SEGMENT_NO_GSP|NON_GET_METHOD|READS_REQUEST|NOT_FORCE_STATIC,false
compliance-tracker,route,/api/veri-meetings/[id]/publish,src/app/api/veri-meetings/[id]/publish/route.ts,24,[id],,false,false,false,false,false,,0,false,0,,,,,,false,false,false,false,POST,"NextRequest (typed, no member read detected)",,,false,false,,,,false,DYNAMIC_SEGMENT_NO_GSP|NON_GET_METHOD|NOT_FORCE_STATIC,,,,DYNAMIC_SEGMENT_NO_GSP|NON_GET_METHOD|NOT_FORCE_STATIC,false
compliance-tracker,route,/api/veri-meetings/[id],src/app/api/veri-meetings/[id]/route.ts,41,[id],,false,false,false,false,false,,0,false,0,,,,,,false,false,false,false,GET|PATCH,request.json,,,false,false,,,,false,DYNAMIC_SEGMENT_NO_GSP|NON_GET_METHOD|READS_REQUEST|NOT_FORCE_STATIC,,,,DYNAMIC_SEGMENT_NO_GSP|NON_GET_METHOD|READS_REQUEST|NOT_FORCE_STATIC,false
compliance-tracker,route,/api/veri-meetings/[id]/share-links,src/app/api/veri-meetings/[id]/share-links/route.ts,55,[id],,false,false,false,false,false,,0,false,0,,,,,,false,false,false,false,GET|POST,request.nextUrl,,,false,false,,,,false,DYNAMIC_SEGMENT_NO_GSP|NON_GET_METHOD|READS_REQUEST|NOT_FORCE_STATIC,,,,DYNAMIC_SEGMENT_NO_GSP|NON_GET_METHOD|READS_REQUEST|NOT_FORCE_STATIC,false
compliance-tracker,route,/api/veri-meetings,src/app/api/veri-meetings/route.ts,37,,,false,true,false,false,false,,0,false,0,,,,,,false,false,false,false,GET|POST,request.json,,,false,false,,,,false,NON_GET_METHOD|READS_REQUEST|NOT_FORCE_STATIC,,,,NON_GET_METHOD|READS_REQUEST|NOT_FORCE_STATIC,false
compliance-tracker,route,/api/veri-meetings/share/[token]/pdf,src/app/api/veri-meetings/share/[token]/pdf/route.ts,50,[token],,false,false,false,false,false,,0,false,0,,,,,,false,false,false,false,GET,,,,false,false,,,,false,DYNAMIC_SEGMENT_NO_GSP|NOT_FORCE_STATIC,,,,DYNAMIC_SEGMENT_NO_GSP|NOT_FORCE_STATIC,false
compliance-tracker,route,/api/veri-meetings/share/[token],src/app/api/veri-meetings/share/[token]/route.ts,21,[token],,false,false,false,false,false,,0,false,0,,,,,,false,false,false,false,GET,,,,false,false,,,,false,DYNAMIC_SEGMENT_NO_GSP|NOT_FORCE_STATIC,,,,DYNAMIC_SEGMENT_NO_GSP|NOT_FORCE_STATIC,false
compliance-tracker,route,/api/veri-meetings/share-links/[linkId],src/app/api/veri-meetings/share-links/[linkId]/route.ts,30,[linkId],,false,false,false,false,false,,0,false,0,,,,,,false,false,false,false,DELETE,"NextRequest (typed, no member read detected)",,,false,false,,,,false,DYNAMIC_SEGMENT_NO_GSP|NON_GET_METHOD|NOT_FORCE_STATIC,,,,DYNAMIC_SEGMENT_NO_GSP|NON_GET_METHOD|NOT_FORCE_STATIC,false
compliance-tracker,route,/api/veri-reward/admin-report,src/app/api/veri-reward/admin-report/route.ts,31,,,false,true,false,false,false,,0,false,0,,,,,,false,false,false,false,GET,,,,false,false,,,,false,NOT_FORCE_STATIC,,,,NOT_FORCE_STATIC,false
compliance-tracker,route,/api/veri-reward/export,src/app/api/veri-reward/export/route.ts,63,,,false,true,false,false,false,,0,false,0,,,,,,false,false,false,false,GET,request.url|new URL(request.url),,,false,false,,,,false,READS_REQUEST|NOT_FORCE_STATIC,,,,READS_REQUEST|NOT_FORCE_STATIC,false
compliance-tracker,route,/api/veri-reward/history,src/app/api/veri-reward/history/route.ts,62,,,false,true,false,false,false,,0,false,0,,,,,,false,false,false,false,GET,request.url|new URL(request.url),,,false,false,,,,false,READS_REQUEST|NOT_FORCE_STATIC,,,,READS_REQUEST|NOT_FORCE_STATIC,false
compliance-tracker,route,/api/veri-reward/leaderboard,src/app/api/veri-reward/leaderboard/route.ts,37,,,false,true,false,false,false,,0,false,0,,,,,,false,false,false,false,GET,request.url|new URL(request.url),,,false,false,,,,false,READS_REQUEST|NOT_FORCE_STATIC,,,,READS_REQUEST|NOT_FORCE_STATIC,false
compliance-tracker,route,/api/veri-reward/referral,src/app/api/veri-reward/referral/route.ts,67,,,false,true,false,false,false,,0,false,0,,,,,,false,false,false,false,GET|POST,request.json,,,false,false,,,,false,NON_GET_METHOD|READS_REQUEST|NOT_FORCE_STATIC,,,,NON_GET_METHOD|READS_REQUEST|NOT_FORCE_STATIC,false
compliance-tracker,route,/api/veri-reward,src/app/api/veri-reward/route.ts,57,,,false,true,false,false,false,,0,false,0,,,,,,false,false,false,false,GET,,,,false,false,,,,false,NOT_FORCE_STATIC,,,,NOT_FORCE_STATIC,false
compliance-tracker,route,/api/veri-reward/streak,src/app/api/veri-reward/streak/route.ts,35,,,false,true,false,false,false,,0,false,0,,,,,,false,false,false,false,POST,request.json,,,false,false,,,,false,NON_GET_METHOD|READS_REQUEST|NOT_FORCE_STATIC,,,,NON_GET_METHOD|READS_REQUEST|NOT_FORCE_STATIC,false
compliance-tracker,route,/api/veri-todo,src/app/api/veri-todo/route.ts,18,,,false,true,false,false,false,,0,false,0,,,,,,false,false,false,false,GET,,,,false,false,,,,false,NOT_FORCE_STATIC,,,,NOT_FORCE_STATIC,false
compliance-tracker,route,/api/voice-tickets/[id]/action-items,src/app/api/voice-tickets/[id]/action-items/route.ts,40,[id],,false,false,false,false,false,,0,false,0,,,,,,false,false,false,false,POST,request.json,,,false,false,,,,false,DYNAMIC_SEGMENT_NO_GSP|NON_GET_METHOD|READS_REQUEST|NOT_FORCE_STATIC,,,,DYNAMIC_SEGMENT_NO_GSP|NON_GET_METHOD|READS_REQUEST|NOT_FORCE_STATIC,false
compliance-tracker,route,/api/voice-tickets/[id],src/app/api/voice-tickets/[id]/route.ts,22,[id],,false,false,false,false,false,,0,false,0,,,,,,false,false,false,false,GET,,,,false,false,,,,false,DYNAMIC_SEGMENT_NO_GSP|NOT_FORCE_STATIC,,,,DYNAMIC_SEGMENT_NO_GSP|NOT_FORCE_STATIC,false
compliance-tracker,route,/api/voice-tickets,src/app/api/voice-tickets/route.ts,108,,,false,true,false,false,false,,0,false,0,,,,,,false,true,false,false,GET|POST,request.formData,,,false,false,,,,false,AFTER|NON_GET_METHOD|READS_REQUEST|NOT_FORCE_STATIC,,,,AFTER|NON_GET_METHOD|READS_REQUEST|NOT_FORCE_STATIC,false
compliance-tracker,route,/api/webhooks/resend-inbound,src/app/api/webhooks/resend-inbound/route.ts,193,,,false,true,false,false,false,,0,false,0,,,,,,false,false,false,false,POST,request.headers|request.text,,,false,false,,,,false,NON_GET_METHOD|READS_REQUEST|NOT_FORCE_STATIC,,,,NON_GET_METHOD|READS_REQUEST|NOT_FORCE_STATIC,false
compliance-tracker,route,/api/webhooks/vercel-deployment,src/app/api/webhooks/vercel-deployment/route.ts,150,,,false,true,false,false,false,,0,false,0,,,,,,false,false,false,false,POST,request.headers|request.text|request passed to helper,,,false,false,,,,false,NON_GET_METHOD|READS_REQUEST|NOT_FORCE_STATIC,,,,NON_GET_METHOD|READS_REQUEST|NOT_FORCE_STATIC,false
compliance-tracker,route,/api/whistleblower,src/app/api/whistleblower/route.ts,72,,,false,true,false,false,false,,0,false,0,,,,,,false,false,false,false,GET|POST,request.json,,,false,false,,,,false,NON_GET_METHOD|READS_REQUEST|NOT_FORCE_STATIC,,,,NON_GET_METHOD|READS_REQUEST|NOT_FORCE_STATIC,false
compliance-tracker,route,/api/work-dashboard,src/app/api/work-dashboard/route.ts,22,,,false,true,false,false,false,,0,false,0,,,,,,false,false,false,false,GET,,,,false,false,,,,false,NOT_FORCE_STATIC,,,,NOT_FORCE_STATIC,false
compliance-tracker,route,/api/worker-agents/[id]/publish,src/app/api/worker-agents/[id]/publish/route.ts,37,[id],,false,false,false,false,false,,0,false,0,,,,,,false,false,false,false,PATCH,"NextRequest (typed, no member read detected)",,,false,false,,,,false,DYNAMIC_SEGMENT_NO_GSP|NON_GET_METHOD|NOT_FORCE_STATIC,,,,DYNAMIC_SEGMENT_NO_GSP|NON_GET_METHOD|NOT_FORCE_STATIC,false
compliance-tracker,route,/api/worker-agents/[id],src/app/api/worker-agents/[id]/route.ts,70,[id],,false,false,false,false,false,,0,false,0,,,,,,false,false,false,false,PATCH,request.json,,,false,false,,,,false,DYNAMIC_SEGMENT_NO_GSP|NON_GET_METHOD|READS_REQUEST|NOT_FORCE_STATIC,,,,DYNAMIC_SEGMENT_NO_GSP|NON_GET_METHOD|READS_REQUEST|NOT_FORCE_STATIC,false
compliance-tracker,route,/api/worker-agents,src/app/api/worker-agents/route.ts,80,,,false,true,false,false,false,,0,false,0,,,,,,false,false,false,false,GET|POST,request.nextUrl|request.json,,,false,false,,,,false,NON_GET_METHOD|READS_REQUEST|NOT_FORCE_STATIC,,,,NON_GET_METHOD|READS_REQUEST|NOT_FORCE_STATIC,false
compliance-tracker,route,/api/workspace-memory/drive-export,src/app/api/workspace-memory/drive-export/route.ts,54,,,false,true,false,false,false,,0,false,0,,,,,,false,false,false,false,POST,request passed to helper,,,false,false,,,,false,NON_GET_METHOD|READS_REQUEST|NOT_FORCE_STATIC,,,,NON_GET_METHOD|READS_REQUEST|NOT_FORCE_STATIC,false
compliance-tracker,route,/api/workspace-memory/drive-import,src/app/api/workspace-memory/drive-import/route.ts,36,,,false,true,false,false,false,,0,false,0,,,,,,false,false,false,false,POST,request passed to helper,,,false,false,,,,false,NON_GET_METHOD|READS_REQUEST|NOT_FORCE_STATIC,,,,NON_GET_METHOD|READS_REQUEST|NOT_FORCE_STATIC,false
compliance-tracker,route,/api/workspace-memory/export,src/app/api/workspace-memory/export/route.ts,26,,,false,true,false,false,false,,0,false,0,,,,,,false,false,false,false,POST,request passed to helper,,,false,false,,,,false,NON_GET_METHOD|READS_REQUEST|NOT_FORCE_STATIC,,,,NON_GET_METHOD|READS_REQUEST|NOT_FORCE_STATIC,false
compliance-tracker,route,/api/workspace-memory/import,src/app/api/workspace-memory/import/route.ts,36,,,false,true,false,false,false,,0,false,0,,,,,,false,false,false,false,POST,request.formData|request passed to helper,,,false,false,,,,false,NON_GET_METHOD|READS_REQUEST|NOT_FORCE_STATIC,,,,NON_GET_METHOD|READS_REQUEST|NOT_FORCE_STATIC,false
compliance-tracker,route,/api/workspace-memory/latest,src/app/api/workspace-memory/latest/route.ts,48,,,false,true,false,false,false,,0,false,0,,,,,,false,false,false,false,GET,"NextRequest (typed, no member read detected)",,,false,false,,,,false,NOT_FORCE_STATIC,,,,NOT_FORCE_STATIC,false
compliance-tracker,route,/api/workspace-memory,src/app/api/workspace-memory/route.ts,24,,,false,true,false,false,false,,0,false,0,,,,,,false,false,false,false,GET,"NextRequest (typed, no member read detected)",,,false,false,,,,false,NOT_FORCE_STATIC,,,,NOT_FORCE_STATIC,false
compliance-tracker,route,/auth/callback,src/app/auth/callback/route.ts,46,,,false,true,false,false,false,,0,false,0,,,,,,false,false,false,false,GET,request.url|new URL(request.url),,,false,false,,,,false,READS_REQUEST|NOT_FORCE_STATIC,,,,READS_REQUEST|NOT_FORCE_STATIC,false
compliance-tracker,page,/client-portal/[token],src/app/client-portal/[token]/page.tsx,172,[token],,false,false,true,false,false,,0,false,0,,,,,,false,false,false,false,,,/api/client-portal/${params.token}|/api/client-portal/${params.token}/deliverables/${deliverableId}/submit|/api/client-portal/${params.token}/documents,,false,false,,,,false,DYNAMIC_SEGMENT_NO_GSP,NEXT_HEADERS_TRANSITIVE,src/app/layout.tsx,,DYNAMIC_SEGMENT_NO_GSP|NEXT_HEADERS_TRANSITIVE,false
compliance-tracker,page,/contact,src/app/contact/page.tsx,117,,,false,true,false,false,false,headers,0,false,0,,,,,,false,false,false,true,,,,,false,false,,,,false,NEXT_HEADERS|SEARCH_PARAMS_PROP,NEXT_HEADERS_TRANSITIVE,src/app/layout.tsx,,NEXT_HEADERS|SEARCH_PARAMS_PROP|NEXT_HEADERS_TRANSITIVE,false
compliance-tracker,page,/data-policy,src/app/data-policy/page.tsx,101,,,false,true,false,false,false,headers,0,false,0,,,,,,false,false,false,false,,,,,false,false,,,,false,NEXT_HEADERS,NEXT_HEADERS_TRANSITIVE,src/app/layout.tsx,,NEXT_HEADERS|NEXT_HEADERS_TRANSITIVE,false
compliance-tracker,page,/disclaimer,src/app/disclaimer/page.tsx,262,,,false,true,false,false,false,headers,0,false,0,,,,,,false,false,false,false,,,,,false,false,,,,false,NEXT_HEADERS,NEXT_HEADERS_TRANSITIVE,src/app/layout.tsx,,NEXT_HEADERS|NEXT_HEADERS_TRANSITIVE,false
compliance-tracker,page,/dpdp/access-log,src/app/dpdp/(app)/access-log/page.tsx,41,,,false,true,true,false,false,,0,false,0,,,,,,false,false,false,false,,,,,false,false,,,,false,,NEXT_HEADERS_TRANSITIVE|REDIRECT_IN_SERVER_COMPONENT,src/app/layout.tsx|src/app/dpdp/(app)/layout.tsx,,NEXT_HEADERS_TRANSITIVE|REDIRECT_IN_SERVER_COMPONENT,false
compliance-tracker,page,/dpdp/ai-link,src/app/dpdp/(app)/ai-link/page.tsx,99,,,false,true,true,false,false,,0,false,0,,,,,,false,false,false,false,,,,,false,false,,,,false,,NEXT_HEADERS_TRANSITIVE|REDIRECT_IN_SERVER_COMPONENT,src/app/layout.tsx|src/app/dpdp/(app)/layout.tsx,,NEXT_HEADERS_TRANSITIVE|REDIRECT_IN_SERVER_COMPONENT,false
compliance-tracker,page,/dpdp/ai-work,src/app/dpdp/(app)/ai-work/page.tsx,88,,,false,true,true,false,false,,0,false,0,,,,,,false,false,false,false,,,,,false,false,,,,false,,NEXT_HEADERS_TRANSITIVE|REDIRECT_IN_SERVER_COMPONENT,src/app/layout.tsx|src/app/dpdp/(app)/layout.tsx,,NEXT_HEADERS_TRANSITIVE|REDIRECT_IN_SERVER_COMPONENT,false
compliance-tracker,page,/dpdp/attest,src/app/dpdp/(app)/attest/page.tsx,58,,,false,true,true,false,false,,0,false,0,,,,,,false,false,false,false,,,,,false,false,,,,false,,NEXT_HEADERS_TRANSITIVE|REDIRECT_IN_SERVER_COMPONENT,src/app/layout.tsx|src/app/dpdp/(app)/layout.tsx,,NEXT_HEADERS_TRANSITIVE|REDIRECT_IN_SERVER_COMPONENT,false
compliance-tracker,page,/dpdp/breach,src/app/dpdp/(app)/breach/page.tsx,57,,,false,true,true,false,false,,0,false,0,,,,,,false,false,false,false,,,,,false,false,,,,false,,NEXT_HEADERS_TRANSITIVE|REDIRECT_IN_SERVER_COMPONENT,src/app/layout.tsx|src/app/dpdp/(app)/layout.tsx,,NEXT_HEADERS_TRANSITIVE|REDIRECT_IN_SERVER_COMPONENT,false
compliance-tracker,page,/dpdp/ca-clients,src/app/dpdp/(app)/ca-clients/page.tsx,54,,,false,true,false,false,false,,0,false,0,,,,,,false,false,false,false,,,,,false,false,src/lib/services/dpdp-session.ts (depth 1),,,false,NEXT_HEADERS_TRANSITIVE,NEXT_HEADERS_TRANSITIVE|REDIRECT_IN_SERVER_COMPONENT,src/app/layout.tsx|src/app/dpdp/(app)/layout.tsx,,NEXT_HEADERS_TRANSITIVE|REDIRECT_IN_SERVER_COMPONENT,false
compliance-tracker,page,/dpdp/consent,src/app/dpdp/(app)/consent/page.tsx,87,,,false,true,true,false,false,,0,false,0,,,,,,false,false,false,false,,,,,false,false,,,,false,,NEXT_HEADERS_TRANSITIVE|REDIRECT_IN_SERVER_COMPONENT,src/app/layout.tsx|src/app/dpdp/(app)/layout.tsx,,NEXT_HEADERS_TRANSITIVE|REDIRECT_IN_SERVER_COMPONENT,false
compliance-tracker,page,/dpdp/data-map,src/app/dpdp/(app)/data-map/page.tsx,105,,,false,true,true,false,false,,0,false,0,,,,,,false,false,false,false,,,,,false,false,,,,false,,NEXT_HEADERS_TRANSITIVE|REDIRECT_IN_SERVER_COMPONENT,src/app/layout.tsx|src/app/dpdp/(app)/layout.tsx,,NEXT_HEADERS_TRANSITIVE|REDIRECT_IN_SERVER_COMPONENT,false
compliance-tracker,page,/dpdp/edge,src/app/dpdp/(app)/edge/page.tsx,42,,,false,true,false,false,false,,0,false,0,,,,,,false,false,false,false,,,,,false,false,,,,false,,NEXT_HEADERS_TRANSITIVE|REDIRECT_IN_SERVER_COMPONENT,src/app/layout.tsx|src/app/dpdp/(app)/layout.tsx,,NEXT_HEADERS_TRANSITIVE|REDIRECT_IN_SERVER_COMPONENT,false
compliance-tracker,page,/dpdp/exposure,src/app/dpdp/(app)/exposure/page.tsx,63,,,false,true,true,false,false,,0,false,0,,,,,,false,false,false,false,,,,,false,false,,,,false,,NEXT_HEADERS_TRANSITIVE|REDIRECT_IN_SERVER_COMPONENT,src/app/layout.tsx|src/app/dpdp/(app)/layout.tsx,,NEXT_HEADERS_TRANSITIVE|REDIRECT_IN_SERVER_COMPONENT,false
compliance-tracker,page,/dpdp/grievance-officer,src/app/dpdp/(app)/grievance-officer/page.tsx,52,,,false,true,true,false,false,,0,false,0,,,,,,false,false,false,false,,,,,false,false,,,,false,,NEXT_HEADERS_TRANSITIVE|REDIRECT_IN_SERVER_COMPONENT,src/app/layout.tsx|src/app/dpdp/(app)/layout.tsx,,NEXT_HEADERS_TRANSITIVE|REDIRECT_IN_SERVER_COMPONENT,false
compliance-tracker,page,/dpdp/grievances,src/app/dpdp/(app)/grievances/page.tsx,46,,,false,true,true,false,false,,0,false,0,,,,,,false,false,false,false,,,,,false,false,,,,false,,NEXT_HEADERS_TRANSITIVE|REDIRECT_IN_SERVER_COMPONENT,src/app/layout.tsx|src/app/dpdp/(app)/layout.tsx,,NEXT_HEADERS_TRANSITIVE|REDIRECT_IN_SERVER_COMPONENT,false
compliance-tracker,page,/dpdp/home,src/app/dpdp/(app)/home/page.tsx,80,,,false,true,false,false,true,,0,false,0,,,,,,false,false,false,false,,,,,false,false,src/lib/services/dpdp-session.ts (depth 1),src/app/dpdp/(app)/home/actions.ts (depth 1),,false,SERVER_ACTION|NEXT_HEADERS_TRANSITIVE,NEXT_HEADERS_TRANSITIVE|REDIRECT_IN_SERVER_COMPONENT,src/app/layout.tsx|src/app/dpdp/(app)/layout.tsx,,SERVER_ACTION|NEXT_HEADERS_TRANSITIVE|REDIRECT_IN_SERVER_COMPONENT,false
compliance-tracker,layout,/dpdp,src/app/dpdp/(app)/layout.tsx,30,,,false,true,false,false,false,,1,true,0,,,,,,false,false,false,false,,,,,false,false,src/lib/services/dpdp-session.ts (depth 1),,,false,REDIRECT_IN_SERVER_COMPONENT|NEXT_HEADERS_TRANSITIVE,NEXT_HEADERS_TRANSITIVE,src/app/layout.tsx,,REDIRECT_IN_SERVER_COMPONENT|NEXT_HEADERS_TRANSITIVE,false
compliance-tracker,page,/dpdp/lifecycle,src/app/dpdp/(app)/lifecycle/page.tsx,48,,,false,true,false,false,false,,0,false,0,,,,,,false,false,false,false,,,,,false,false,src/lib/services/dpdp-session.ts (depth 1),,,false,NEXT_HEADERS_TRANSITIVE,NEXT_HEADERS_TRANSITIVE|REDIRECT_IN_SERVER_COMPONENT,src/app/layout.tsx|src/app/dpdp/(app)/layout.tsx,,NEXT_HEADERS_TRANSITIVE|REDIRECT_IN_SERVER_COMPONENT,false
compliance-tracker,page,/dpdp/mydata,src/app/dpdp/(app)/mydata/page.tsx,36,,,false,true,true,false,false,,0,false,0,,,,,,false,false,false,false,,,,,false,false,,,,false,,NEXT_HEADERS_TRANSITIVE|REDIRECT_IN_SERVER_COMPONENT,src/app/layout.tsx|src/app/dpdp/(app)/layout.tsx,,NEXT_HEADERS_TRANSITIVE|REDIRECT_IN_SERVER_COMPONENT,false
compliance-tracker,page,/dpdp/notices,src/app/dpdp/(app)/notices/page.tsx,55,,,false,true,true,false,false,,0,false,0,,,,,,false,false,false,false,,,,,false,false,,,,false,,NEXT_HEADERS_TRANSITIVE|REDIRECT_IN_SERVER_COMPONENT,src/app/layout.tsx|src/app/dpdp/(app)/layout.tsx,,NEXT_HEADERS_TRANSITIVE|REDIRECT_IN_SERVER_COMPONENT,false
compliance-tracker,page,/dpdp/obligations,src/app/dpdp/(app)/obligations/page.tsx,80,,,false,true,true,false,false,,0,false,0,,,,,,false,false,false,false,,,,,false,false,,,,false,,NEXT_HEADERS_TRANSITIVE|REDIRECT_IN_SERVER_COMPONENT,src/app/layout.tsx|src/app/dpdp/(app)/layout.tsx,,NEXT_HEADERS_TRANSITIVE|REDIRECT_IN_SERVER_COMPONENT,false
compliance-tracker,page,/dpdp/outbox,src/app/dpdp/(app)/outbox/page.tsx,57,,,false,true,true,false,false,,0,false,0,,,,,,false,false,false,false,,,,,false,false,,,,false,,NEXT_HEADERS_TRANSITIVE|REDIRECT_IN_SERVER_COMPONENT,src/app/layout.tsx|src/app/dpdp/(app)/layout.tsx,,NEXT_HEADERS_TRANSITIVE|REDIRECT_IN_SERVER_COMPONENT,false
compliance-tracker,page,/dpdp/partner,src/app/dpdp/(app)/partner/page.tsx,60,,,false,true,true,false,false,,0,false,0,,,,,,false,false,false,false,,,,,false,false,,,,false,,NEXT_HEADERS_TRANSITIVE|REDIRECT_IN_SERVER_COMPONENT,src/app/layout.tsx|src/app/dpdp/(app)/layout.tsx,,NEXT_HEADERS_TRANSITIVE|REDIRECT_IN_SERVER_COMPONENT,false
compliance-tracker,page,/dpdp/people,src/app/dpdp/(app)/people/page.tsx,71,,,false,true,true,false,false,,0,false,0,,,,,,false,false,false,false,,,,,false,false,,,,false,,NEXT_HEADERS_TRANSITIVE|REDIRECT_IN_SERVER_COMPONENT,src/app/layout.tsx|src/app/dpdp/(app)/layout.tsx,,NEXT_HEADERS_TRANSITIVE|REDIRECT_IN_SERVER_COMPONENT,false
compliance-tracker,page,/dpdp/proof,src/app/dpdp/(app)/proof/page.tsx,90,,,false,true,true,false,false,,0,false,0,,,,,,false,false,false,false,,,,,false,false,,,,false,,NEXT_HEADERS_TRANSITIVE|REDIRECT_IN_SERVER_COMPONENT,src/app/layout.tsx|src/app/dpdp/(app)/layout.tsx,,NEXT_HEADERS_TRANSITIVE|REDIRECT_IN_SERVER_COMPONENT,false
compliance-tracker,page,/dpdp/public-page,src/app/dpdp/(app)/public-page/page.tsx,36,,,false,true,true,false,false,,0,false,0,,,,,,false,false,false,false,,,,,false,false,,,,false,,NEXT_HEADERS_TRANSITIVE|REDIRECT_IN_SERVER_COMPONENT,src/app/layout.tsx|src/app/dpdp/(app)/layout.tsx,,NEXT_HEADERS_TRANSITIVE|REDIRECT_IN_SERVER_COMPONENT,false
compliance-tracker,page,/dpdp/record,src/app/dpdp/(app)/record/page.tsx,43,,,false,true,false,false,false,,0,false,0,,,,,,false,false,false,false,,,,,false,false,src/lib/services/dpdp-session.ts (depth 1),,,false,NEXT_HEADERS_TRANSITIVE,NEXT_HEADERS_TRANSITIVE|REDIRECT_IN_SERVER_COMPONENT,src/app/layout.tsx|src/app/dpdp/(app)/layout.tsx,,NEXT_HEADERS_TRANSITIVE|REDIRECT_IN_SERVER_COMPONENT,false
compliance-tracker,page,/dpdp/refer,src/app/dpdp/(app)/refer/page.tsx,69,,,false,true,true,false,false,,0,false,0,,,,,,false,false,false,false,,,,,false,false,,,,false,,NEXT_HEADERS_TRANSITIVE|REDIRECT_IN_SERVER_COMPONENT,src/app/layout.tsx|src/app/dpdp/(app)/layout.tsx,,NEXT_HEADERS_TRANSITIVE|REDIRECT_IN_SERVER_COMPONENT,false
compliance-tracker,page,/dpdp/relationships,src/app/dpdp/(app)/relationships/page.tsx,86,,,false,true,true,false,false,,0,false,0,,,,,,false,false,false,false,,,,,false,false,,,,false,,NEXT_HEADERS_TRANSITIVE|REDIRECT_IN_SERVER_COMPONENT,src/app/layout.tsx|src/app/dpdp/(app)/layout.tsx,,NEXT_HEADERS_TRANSITIVE|REDIRECT_IN_SERVER_COMPONENT,false
compliance-tracker,page,/dpdp/review,src/app/dpdp/(app)/review/page.tsx,61,,,false,true,true,false,false,,0,false,0,,,,,,false,false,false,false,,,,,false,false,,,,false,,NEXT_HEADERS_TRANSITIVE|REDIRECT_IN_SERVER_COMPONENT,src/app/layout.tsx|src/app/dpdp/(app)/layout.tsx,,NEXT_HEADERS_TRANSITIVE|REDIRECT_IN_SERVER_COMPONENT,false
compliance-tracker,page,/dpdp/rights-requests,src/app/dpdp/(app)/rights-requests/page.tsx,58,,,false,true,true,false,false,,0,false,0,,,,,,false,false,false,false,,,,,false,false,,,,false,,NEXT_HEADERS_TRANSITIVE|REDIRECT_IN_SERVER_COMPONENT,src/app/layout.tsx|src/app/dpdp/(app)/layout.tsx,,NEXT_HEADERS_TRANSITIVE|REDIRECT_IN_SERVER_COMPONENT,false
compliance-tracker,page,/dpdp/g/[slug],src/app/dpdp/g/[slug]/page.tsx,34,[slug],,false,false,false,false,false,,0,false,1,,,,,,false,false,false,false,,,,,false,false,,,,false,DYNAMIC_SEGMENT_NO_GSP,NEXT_HEADERS_TRANSITIVE,src/app/layout.tsx,,DYNAMIC_SEGMENT_NO_GSP|NEXT_HEADERS_TRANSITIVE,false
compliance-tracker,page,/dpdp/login,src/app/dpdp/login/page.tsx,57,,,false,true,true,false,false,,0,false,0,,,,,,false,false,false,false,,,,,false,false,,,,false,,NEXT_HEADERS_TRANSITIVE,src/app/layout.tsx,,NEXT_HEADERS_TRANSITIVE,false
compliance-tracker,page,/dpdp/onboarding,src/app/dpdp/onboarding/page.tsx,86,,,false,true,true,false,false,,0,false,0,,,,,,false,false,false,false,,,,,false,false,,,,false,,NEXT_HEADERS_TRANSITIVE,src/app/layout.tsx,,NEXT_HEADERS_TRANSITIVE,false
compliance-tracker,page,/dpdp/p/[token],src/app/dpdp/p/[token]/page.tsx,90,[token],,false,false,true,false,false,,0,false,0,,,,,,false,false,false,false,,,,,false,false,,,,false,DYNAMIC_SEGMENT_NO_GSP,NEXT_HEADERS_TRANSITIVE,src/app/layout.tsx,,DYNAMIC_SEGMENT_NO_GSP|NEXT_HEADERS_TRANSITIVE,false
compliance-tracker,layout,/dpdp/p,src/app/dpdp/p/layout.tsx,18,,,false,true,false,false,false,,0,false,0,,,,,,false,false,false,false,,,,,false,false,,,,false,,NEXT_HEADERS_TRANSITIVE,src/app/layout.tsx,,NEXT_HEADERS_TRANSITIVE,false
compliance-tracker,page,/dpdp,src/app/dpdp/page.tsx,34,,,false,true,false,false,false,,2,true,0,,,,,,false,false,false,false,,,,,false,false,src/lib/services/dpdp-session.ts (depth 1),,,false,REDIRECT_IN_SERVER_COMPONENT|NEXT_HEADERS_TRANSITIVE,NEXT_HEADERS_TRANSITIVE,src/app/layout.tsx,,REDIRECT_IN_SERVER_COMPONENT|NEXT_HEADERS_TRANSITIVE,false
compliance-tracker,page,/dpdp-firm,src/app/dpdp-firm/page.tsx,21,,,false,true,false,false,false,,2,true,0,,,,,,false,false,false,false,,,,,false,false,src/lib/services/dpdp-session.ts (depth 1),,,false,REDIRECT_IN_SERVER_COMPONENT|NEXT_HEADERS_TRANSITIVE,NEXT_HEADERS_TRANSITIVE,src/app/layout.tsx,,REDIRECT_IN_SERVER_COMPONENT|NEXT_HEADERS_TRANSITIVE,false
compliance-tracker,page,/dpdp-institution,src/app/dpdp-institution/page.tsx,21,,,false,true,false,false,false,,2,true,0,,,,,,false,false,false,false,,,,,false,false,src/lib/services/dpdp-session.ts (depth 1),,,false,REDIRECT_IN_SERVER_COMPONENT|NEXT_HEADERS_TRANSITIVE,NEXT_HEADERS_TRANSITIVE,src/app/layout.tsx,,REDIRECT_IN_SERVER_COMPONENT|NEXT_HEADERS_TRANSITIVE,false
compliance-tracker,layout,/forge,src/app/forge/layout.tsx,20,,,false,true,false,false,false,,0,false,0,,,,,,false,false,false,false,,,,,false,false,,,,false,,NEXT_HEADERS_TRANSITIVE,src/app/layout.tsx,,NEXT_HEADERS_TRANSITIVE,false
compliance-tracker,page,/forge,src/app/forge/page.tsx,677,,,false,true,true,false,false,,0,false,0,,,,,,false,false,false,false,,,,,false,false,,,,false,,NEXT_HEADERS_TRANSITIVE,src/app/layout.tsx,,NEXT_HEADERS_TRANSITIVE,false
compliance-tracker,page,/forgot-password,src/app/forgot-password/page.tsx,18,,,false,true,false,false,false,,1,true,0,,,,,,false,false,false,false,,,,,false,false,,,,false,REDIRECT_IN_SERVER_COMPONENT,NEXT_HEADERS_TRANSITIVE,src/app/layout.tsx,,REDIRECT_IN_SERVER_COMPONENT|NEXT_HEADERS_TRANSITIVE,false
compliance-tracker,page,/guest-chat/[token],src/app/guest-chat/[token]/page.tsx,198,[token],,false,false,true,false,false,,0,false,0,,,,,,false,false,false,false,,,/api/guest-chat/${params.token}|/api/guest-chat/${params.token}/survey|/api/guest-chat/${params.token}/messages,,false,false,,,,false,DYNAMIC_SEGMENT_NO_GSP,NEXT_HEADERS_TRANSITIVE,src/app/layout.tsx,,DYNAMIC_SEGMENT_NO_GSP|NEXT_HEADERS_TRANSITIVE,false
compliance-tracker,route,/invite/[token],src/app/invite/[token]/route.ts,17,[token],,false,false,false,false,false,,0,false,0,,,,,,false,false,false,false,GET,request.url,,,false,false,,,,false,DYNAMIC_SEGMENT_NO_GSP|READS_REQUEST|NOT_FORCE_STATIC,,,,DYNAMIC_SEGMENT_NO_GSP|READS_REQUEST|NOT_FORCE_STATIC,false
compliance-tracker,page,/join-us,src/app/join-us/page.tsx,59,,,false,true,false,false,false,,0,false,0,,,,,,false,false,false,false,,,,,false,false,,,,false,,NEXT_HEADERS_TRANSITIVE,src/app/layout.tsx,,NEXT_HEADERS_TRANSITIVE,false
compliance-tracker,layout,/,src/app/layout.tsx,95,,,false,true,false,false,false,,0,false,0,,,,,,false,false,false,false,,,,,true,false,,,,false,NEXT_HEADERS_TRANSITIVE,,,,NEXT_HEADERS_TRANSITIVE,false
compliance-tracker,page,/litert-spike,src/app/litert-spike/page.tsx,230,,,false,true,true,false,false,,0,false,0,,,,,,false,false,false,false,,,,,false,false,,,,false,,NEXT_HEADERS_TRANSITIVE,src/app/layout.tsx,,NEXT_HEADERS_TRANSITIVE,false
compliance-tracker,page,/litert-spike-embeddings,src/app/litert-spike-embeddings/page.tsx,232,,,false,true,true,false,false,,0,false,0,,,,,,false,false,false,false,,,,,false,false,,,,false,,NEXT_HEADERS_TRANSITIVE,src/app/layout.tsx,,NEXT_HEADERS_TRANSITIVE,false
compliance-tracker,page,/login,src/app/login/page.tsx,52,,,false,true,false,false,false,headers,0,false,0,,,,,,false,false,false,false,,,,,false,false,src/i18n/actions.ts (depth 3),src/i18n/actions.ts (depth 3),src/i18n/request.ts,false,NEXT_HEADERS|SERVER_ACTION_TRANSITIVE,NEXT_HEADERS_TRANSITIVE,src/app/layout.tsx,,NEXT_HEADERS|SERVER_ACTION_TRANSITIVE|NEXT_HEADERS_TRANSITIVE,false
compliance-tracker,page,/mfa-challenge,src/app/mfa-challenge/page.tsx,29,,,false,true,false,false,false,headers,0,false,0,,,,,,false,false,false,false,,,,,false,false,,,,false,NEXT_HEADERS,NEXT_HEADERS_TRANSITIVE,src/app/layout.tsx,,NEXT_HEADERS|NEXT_HEADERS_TRANSITIVE,false
compliance-tracker,page,/mom-share/[token],src/app/mom-share/[token]/page.tsx,104,[token],,false,false,true,false,false,,0,false,0,,,,,,false,false,false,false,,,/api/veri-meetings/share/${params.token},,false,false,,,,false,DYNAMIC_SEGMENT_NO_GSP,NEXT_HEADERS_TRANSITIVE,src/app/layout.tsx,,DYNAMIC_SEGMENT_NO_GSP|NEXT_HEADERS_TRANSITIVE,false
compliance-tracker,layout,/office,src/app/office/layout.tsx,38,,,false,true,false,false,false,,0,false,0,,,,,,false,false,false,false,,,,,false,false,,,,false,,NEXT_HEADERS_TRANSITIVE,src/app/layout.tsx,,NEXT_HEADERS_TRANSITIVE,false
compliance-tracker,page,/office,src/app/office/page.tsx,673,,,false,true,true,false,false,,0,false,0,,,,,,false,false,false,false,,,,,false,false,,,,false,,NEXT_HEADERS_TRANSITIVE,src/app/layout.tsx,,NEXT_HEADERS_TRANSITIVE,false
compliance-tracker,page,/,src/app/page.tsx,400,,,false,true,false,false,false,headers,1,true,0,,,,,,false,false,false,true,,,,,false,false,,,,false,NEXT_HEADERS|REDIRECT_IN_SERVER_COMPONENT|SEARCH_PARAMS_PROP,NEXT_HEADERS_TRANSITIVE,src/app/layout.tsx,,NEXT_HEADERS|REDIRECT_IN_SERVER_COMPONENT|SEARCH_PARAMS_PROP|NEXT_HEADERS_TRANSITIVE,false
compliance-tracker,page,/partner/[token],src/app/partner/[token]/page.tsx,151,[token],,false,false,true,false,false,,0,false,0,,,,,,false,false,false,false,,,/api/partner/${params.token},,false,false,,,,false,DYNAMIC_SEGMENT_NO_GSP,NEXT_HEADERS_TRANSITIVE,src/app/layout.tsx,,DYNAMIC_SEGMENT_NO_GSP|NEXT_HEADERS_TRANSITIVE,false
compliance-tracker,page,/pricing,src/app/pricing/page.tsx,20,,,false,true,false,false,false,headers,0,false,0,,,,,,false,false,false,false,,,,,false,false,,,,false,NEXT_HEADERS,NEXT_HEADERS_TRANSITIVE,src/app/layout.tsx,,NEXT_HEADERS|NEXT_HEADERS_TRANSITIVE,false
compliance-tracker,page,/privacy,src/app/privacy/page.tsx,111,,,false,true,false,false,false,headers,0,false,0,,,,,,false,false,false,false,,,,,false,false,,,,false,NEXT_HEADERS,NEXT_HEADERS_TRANSITIVE,src/app/layout.tsx,,NEXT_HEADERS|NEXT_HEADERS_TRANSITIVE,false
compliance-tracker,route,/r/[token],src/app/r/[token]/route.ts,34,[token],,false,false,false,false,false,,0,false,0,,,,,,false,false,false,false,GET,request.url,,,false,false,,,,false,DYNAMIC_SEGMENT_NO_GSP|READS_REQUEST|NOT_FORCE_STATIC,,,,DYNAMIC_SEGMENT_NO_GSP|READS_REQUEST|NOT_FORCE_STATIC,false
compliance-tracker,page,/shared/conversation/[token],src/app/shared/conversation/[token]/page.tsx,76,[token],,false,false,true,false,false,,0,false,0,,,,,,false,false,false,false,,,/api/shared/conversation/${params.token},,false,false,,,,false,DYNAMIC_SEGMENT_NO_GSP,NEXT_HEADERS_TRANSITIVE,src/app/layout.tsx,,DYNAMIC_SEGMENT_NO_GSP|NEXT_HEADERS_TRANSITIVE,false
compliance-tracker,page,/shared/meeting/[token],src/app/shared/meeting/[token]/page.tsx,111,[token],,false,false,true,false,false,,0,false,0,,,,,,false,false,false,false,,,/api/veri-meetings/share/${params.token},,false,false,,,,false,DYNAMIC_SEGMENT_NO_GSP,NEXT_HEADERS_TRANSITIVE,src/app/layout.tsx,,DYNAMIC_SEGMENT_NO_GSP|NEXT_HEADERS_TRANSITIVE,false
compliance-tracker,page,/sign/[token],src/app/sign/[token]/page.tsx,211,[token],,false,false,true,false,false,,0,false,0,,,,,,false,false,false,false,,,/api/esignature/sign/${params.token}|/api/esignature/sign/${params.token}/submit|/api/esignature/sign/${params.token}/decline,,false,false,,,,false,DYNAMIC_SEGMENT_NO_GSP,NEXT_HEADERS_TRANSITIVE,src/app/layout.tsx,,DYNAMIC_SEGMENT_NO_GSP|NEXT_HEADERS_TRANSITIVE,false
compliance-tracker,page,/signup,src/app/signup/page.tsx,27,,,false,true,false,false,false,headers,0,false,0,,,,,,false,false,false,false,,,,,false,false,src/i18n/actions.ts (depth 3),src/i18n/actions.ts (depth 3),src/i18n/request.ts,false,NEXT_HEADERS|SERVER_ACTION_TRANSITIVE,NEXT_HEADERS_TRANSITIVE,src/app/layout.tsx,,NEXT_HEADERS|SERVER_ACTION_TRANSITIVE|NEXT_HEADERS_TRANSITIVE,false
compliance-tracker,page,/stage0-chat,src/app/stage0-chat/page.tsx,184,,,false,true,true,false,false,,0,false,0,,,,,,false,false,false,false,,,/api/stage0/inbox|/api/stage0/conversations/${id}/messages|/api/stage0/conversations/${activeConvo}/messages,,false,false,,,,false,,NEXT_HEADERS_TRANSITIVE,src/app/layout.tsx,,NEXT_HEADERS_TRANSITIVE,false
compliance-tracker,page,/terms,src/app/terms/page.tsx,121,,,false,true,false,false,false,headers,0,false,0,,,,,,false,false,false,false,,,,,false,false,,,,false,NEXT_HEADERS,NEXT_HEADERS_TRANSITIVE,src/app/layout.tsx,,NEXT_HEADERS|NEXT_HEADERS_TRANSITIVE,false
compliance-tracker,layout,/the-firm,src/app/the-firm/layout.tsx,21,,,false,true,false,false,false,,0,false,0,,,,,,false,false,false,false,,,,,false,false,,,,false,,NEXT_HEADERS_TRANSITIVE,src/app/layout.tsx,,NEXT_HEADERS_TRANSITIVE,false
compliance-tracker,page,/the-firm,src/app/the-firm/page.tsx,547,,,false,true,true,false,false,,0,false,0,,,,,,false,false,false,false,,,,,false,false,,,,false,,NEXT_HEADERS_TRANSITIVE,src/app/layout.tsx,,NEXT_HEADERS_TRANSITIVE,false
compliance-tracker,page,/vendor-portal/[token],src/app/vendor-portal/[token]/page.tsx,187,[token],,false,false,true,false,false,,0,false,0,,,,,,false,false,false,false,,,/api/vendor-portal/${params.token}|/api/vendor-portal/${params.token}/auctions|/api/vendor-portal/${params.token}/auctions/${auctionId}/bid|/api/vendor-portal/${params.token}/bank-account,,false,false,,,,false,DYNAMIC_SEGMENT_NO_GSP,NEXT_HEADERS_TRANSITIVE,src/app/layout.tsx,,DYNAMIC_SEGMENT_NO_GSP|NEXT_HEADERS_TRANSITIVE,false
compliance-tracker,layout,/veri-fm-cs,src/app/veri-fm-cs/layout.tsx,20,,,false,true,false,false,false,,0,false,0,,,,,,false,false,false,false,,,,,false,false,,,,false,,NEXT_HEADERS_TRANSITIVE,src/app/layout.tsx,,NEXT_HEADERS_TRANSITIVE,false
compliance-tracker,page,/veri-fm-cs,src/app/veri-fm-cs/page.tsx,688,,,false,true,true,false,false,,0,false,0,,,,,,false,false,false,false,,,,,false,false,,,,false,,NEXT_HEADERS_TRANSITIVE,src/app/layout.tsx,,NEXT_HEADERS_TRANSITIVE,false
compliance-tracker,route,/vr/[token],src/app/vr/[token]/route.ts,25,[token],,false,false,false,false,false,,0,false,0,,,,,,false,false,false,false,GET,request.url,,,false,false,,,,false,DYNAMIC_SEGMENT_NO_GSP|READS_REQUEST|NOT_FORCE_STATIC,,,,DYNAMIC_SEGMENT_NO_GSP|READS_REQUEST|NOT_FORCE_STATIC,false
