repo,kind,routePath,file,lines,dynamicSegments,parallelSlot,hasGenerateStaticParams,gspCovered,useClient,useServerFile,useServerInline,nextHeadersImports,redirectCalls,redirectImportedFromNextNavigation,notFoundCalls,exportDynamic,exportRevalidate,exportRuntime,exportFetchCache,exportDynamicParams,usesUnstableCache,usesAfter,usesNoStoreOrConnection,readsSearchParamsProp,httpMethods,requestReads,apiFetchTargets,veridianCalls,importsNextIntlServer,reexportDefault,transitiveNextHeadersVia,transitiveUseServerVia,transitiveNextIntlServerVia,forceStatic,ownBlockers,inheritedBlockers,inheritedFrom,neutralizedByForceStatic,effectiveBlockers,exportable
projexa,page,/accounting/companies/new,src/app/(app)/accounting/companies/new/page.tsx,12,,,false,true,false,false,false,,0,false,0,,,,,,false,false,false,false,,,,,false,false,,,,false,,NEXT_HEADERS_TRANSITIVE,src/app/layout.tsx,,NEXT_HEADERS_TRANSITIVE,false
projexa,page,/accounting/journal-entries/[id],src/app/(app)/accounting/journal-entries/[id]/page.tsx,14,[id],,false,false,false,false,false,,0,false,0,,,,,,false,false,false,false,,,,,false,false,,,,false,DYNAMIC_SEGMENT_NO_GSP,NEXT_HEADERS_TRANSITIVE,src/app/layout.tsx,,DYNAMIC_SEGMENT_NO_GSP|NEXT_HEADERS_TRANSITIVE,false
projexa,page,/accounting/journal-entries/new,src/app/(app)/accounting/journal-entries/new/page.tsx,12,,,false,true,false,false,false,,0,false,0,,,,,,false,false,false,false,,,,,false,false,,,,false,,NEXT_HEADERS_TRANSITIVE,src/app/layout.tsx,,NEXT_HEADERS_TRANSITIVE,false
projexa,page,/accounting,src/app/(app)/accounting/page.tsx,20,,,false,true,false,false,false,,0,false,0,,,,,,false,false,false,true,,,,,false,false,,,,false,SEARCH_PARAMS_PROP,NEXT_HEADERS_TRANSITIVE,src/app/layout.tsx,,SEARCH_PARAMS_PROP|NEXT_HEADERS_TRANSITIVE,false
projexa,page,/analysis/exceptions,src/app/(app)/analysis/exceptions/page.tsx,32,,,false,true,false,false,false,,0,false,0,,,,,,false,false,false,true,,,,,false,false,src/lib/project-selection.ts (depth 1),,,false,SEARCH_PARAMS_PROP|NEXT_HEADERS_TRANSITIVE,NEXT_HEADERS_TRANSITIVE,src/app/layout.tsx,,SEARCH_PARAMS_PROP|NEXT_HEADERS_TRANSITIVE,false
projexa,page,/analysis,src/app/(app)/analysis/page.tsx,50,,,false,true,false,false,false,,0,false,0,,,,,,false,false,false,true,,,,,false,false,src/lib/project-selection.ts (depth 1),,,false,SEARCH_PARAMS_PROP|NEXT_HEADERS_TRANSITIVE,NEXT_HEADERS_TRANSITIVE,src/app/layout.tsx,,SEARCH_PARAMS_PROP|NEXT_HEADERS_TRANSITIVE,false
projexa,page,/analysis/project-360,src/app/(app)/analysis/project-360/page.tsx,33,,,false,true,false,false,false,,0,false,0,,,,,,false,false,false,true,,,,,false,false,src/lib/project-selection.ts (depth 1),,,false,SEARCH_PARAMS_PROP|NEXT_HEADERS_TRANSITIVE,NEXT_HEADERS_TRANSITIVE,src/app/layout.tsx,,SEARCH_PARAMS_PROP|NEXT_HEADERS_TRANSITIVE,false
projexa,page,/billing-milestones,src/app/(app)/billing-milestones/page.tsx,32,,,false,true,false,false,false,,0,false,0,,,,,,false,false,false,true,,,,,false,false,src/lib/project-selection.ts (depth 1),,,false,SEARCH_PARAMS_PROP|NEXT_HEADERS_TRANSITIVE,NEXT_HEADERS_TRANSITIVE,src/app/layout.tsx,,SEARCH_PARAMS_PROP|NEXT_HEADERS_TRANSITIVE,false
projexa,page,/budgets/[id],src/app/(app)/budgets/[id]/page.tsx,9,[id],,false,false,false,false,false,,1,true,0,,,,,,false,false,false,false,,,,,false,false,,,,false,DYNAMIC_SEGMENT_NO_GSP|REDIRECT_IN_SERVER_COMPONENT,NEXT_HEADERS_TRANSITIVE,src/app/layout.tsx,,DYNAMIC_SEGMENT_NO_GSP|REDIRECT_IN_SERVER_COMPONENT|NEXT_HEADERS_TRANSITIVE,false
projexa,page,/budgets/new,src/app/(app)/budgets/new/page.tsx,20,,,false,true,false,false,false,,1,true,0,,,,,,false,false,false,true,,,,,false,false,,,,false,REDIRECT_IN_SERVER_COMPONENT|SEARCH_PARAMS_PROP,NEXT_HEADERS_TRANSITIVE,src/app/layout.tsx,,REDIRECT_IN_SERVER_COMPONENT|SEARCH_PARAMS_PROP|NEXT_HEADERS_TRANSITIVE,false
projexa,page,/budgets,src/app/(app)/budgets/page.tsx,52,,,false,true,false,false,false,,1,true,0,,,,,,false,false,false,true,,,,,false,false,,,,false,REDIRECT_IN_SERVER_COMPONENT|SEARCH_PARAMS_PROP,NEXT_HEADERS_TRANSITIVE,src/app/layout.tsx,,REDIRECT_IN_SERVER_COMPONENT|SEARCH_PARAMS_PROP|NEXT_HEADERS_TRANSITIVE,false
projexa,page,/change-orders/[id],src/app/(app)/change-orders/[id]/page.tsx,14,[id],,false,false,false,false,false,,0,false,0,,,,,,false,false,false,false,,,,,false,false,,,,false,DYNAMIC_SEGMENT_NO_GSP,NEXT_HEADERS_TRANSITIVE,src/app/layout.tsx,,DYNAMIC_SEGMENT_NO_GSP|NEXT_HEADERS_TRANSITIVE,false
projexa,page,/change-orders/new,src/app/(app)/change-orders/new/page.tsx,39,,,false,true,false,false,false,,0,false,0,,,,,,false,false,false,true,,,,,false,false,src/lib/project-selection.ts (depth 1),,,false,SEARCH_PARAMS_PROP|NEXT_HEADERS_TRANSITIVE,NEXT_HEADERS_TRANSITIVE,src/app/layout.tsx,,SEARCH_PARAMS_PROP|NEXT_HEADERS_TRANSITIVE,false
projexa,page,/change-orders,src/app/(app)/change-orders/page.tsx,70,,,false,true,false,false,false,,0,false,0,,,,,,false,false,false,true,,,,/screen-definitions/variations.list,false,false,src/lib/project-selection.ts (depth 1),,,false,SEARCH_PARAMS_PROP|NEXT_HEADERS_TRANSITIVE,NEXT_HEADERS_TRANSITIVE,src/app/layout.tsx,,SEARCH_PARAMS_PROP|NEXT_HEADERS_TRANSITIVE,false
projexa,page,/copilot,src/app/(app)/copilot/page.tsx,29,,,false,true,false,false,false,,0,false,0,,,,,,false,false,false,true,,,,,false,false,src/lib/project-selection.ts (depth 1),,,false,SEARCH_PARAMS_PROP|NEXT_HEADERS_TRANSITIVE,NEXT_HEADERS_TRANSITIVE,src/app/layout.tsx,,SEARCH_PARAMS_PROP|NEXT_HEADERS_TRANSITIVE,false
projexa,page,/customers/[id],src/app/(app)/customers/[id]/page.tsx,13,[id],,false,false,false,false,false,,0,false,0,,,,,,false,false,false,false,,,,,false,false,,,,false,DYNAMIC_SEGMENT_NO_GSP,NEXT_HEADERS_TRANSITIVE,src/app/layout.tsx,,DYNAMIC_SEGMENT_NO_GSP|NEXT_HEADERS_TRANSITIVE,false
projexa,page,/customers/new,src/app/(app)/customers/new/page.tsx,10,,,false,true,false,false,false,,0,false,0,,,,,,false,false,false,false,,,,,false,false,,,,false,,NEXT_HEADERS_TRANSITIVE,src/app/layout.tsx,,NEXT_HEADERS_TRANSITIVE,false
projexa,page,/customers,src/app/(app)/customers/page.tsx,14,,,false,true,false,false,false,,0,false,0,,,,,,false,false,false,false,,,,,false,false,,,,false,,NEXT_HEADERS_TRANSITIVE,src/app/layout.tsx,,NEXT_HEADERS_TRANSITIVE,false
projexa,page,/dashboard/hierarchy,src/app/(app)/dashboard/hierarchy/page.tsx,53,,,false,true,false,false,false,,0,false,0,,,,,,false,false,false,false,,,,,false,false,src/lib/supabase/server.ts (depth 2),,,false,NEXT_HEADERS_TRANSITIVE,NEXT_HEADERS_TRANSITIVE,src/app/layout.tsx,,NEXT_HEADERS_TRANSITIVE,false
projexa,page,/dashboard/overview,src/app/(app)/dashboard/overview/page.tsx,27,,,false,true,false,false,false,,1,true,0,,,,,,false,false,false,false,,,,,false,false,,,,false,REDIRECT_IN_SERVER_COMPONENT,NEXT_HEADERS_TRANSITIVE,src/app/layout.tsx,,REDIRECT_IN_SERVER_COMPONENT|NEXT_HEADERS_TRANSITIVE,false
projexa,page,/dashboard,src/app/(app)/dashboard/page.tsx,266,,,false,true,false,false,false,cookies,0,false,0,,,,,,false,false,false,true,,,,/currencies|/permits?withinDays=30,false,false,src/lib/module-list-source.ts (depth 1),,,false,NEXT_HEADERS|SEARCH_PARAMS_PROP,NEXT_HEADERS_TRANSITIVE,src/app/layout.tsx,,NEXT_HEADERS|SEARCH_PARAMS_PROP|NEXT_HEADERS_TRANSITIVE,false
projexa,page,/dashboard/project,src/app/(app)/dashboard/project/page.tsx,51,,,false,true,false,false,false,,0,false,0,,,,,,false,false,false,true,,,,/screen-definitions/dashboard.dashboard,false,false,src/lib/project-selection.ts (depth 1),,,false,SEARCH_PARAMS_PROP|NEXT_HEADERS_TRANSITIVE,NEXT_HEADERS_TRANSITIVE,src/app/layout.tsx,,SEARCH_PARAMS_PROP|NEXT_HEADERS_TRANSITIVE,false
projexa,page,/design-studio/cost-analysis,src/app/(app)/design-studio/cost-analysis/page.tsx,32,,,false,true,false,false,false,,0,false,0,,,,,,false,false,false,true,,,,,false,false,src/lib/project-selection.ts (depth 1),,,false,SEARCH_PARAMS_PROP|NEXT_HEADERS_TRANSITIVE,NEXT_HEADERS_TRANSITIVE,src/app/layout.tsx,,SEARCH_PARAMS_PROP|NEXT_HEADERS_TRANSITIVE,false
projexa,page,/design-studio,src/app/(app)/design-studio/page.tsx,69,,,false,true,false,false,false,,0,false,0,,,,,,false,false,false,true,,,,,false,false,src/lib/project-selection.ts (depth 1),,,false,SEARCH_PARAMS_PROP|NEXT_HEADERS_TRANSITIVE,NEXT_HEADERS_TRANSITIVE,src/app/layout.tsx,,SEARCH_PARAMS_PROP|NEXT_HEADERS_TRANSITIVE,false
projexa,page,/design-studio/review,src/app/(app)/design-studio/review/page.tsx,36,,,false,true,false,false,false,,0,false,0,,,,,,false,false,false,true,,,,,false,false,src/lib/project-selection.ts (depth 1),,,false,SEARCH_PARAMS_PROP|NEXT_HEADERS_TRANSITIVE,NEXT_HEADERS_TRANSITIVE,src/app/layout.tsx,,SEARCH_PARAMS_PROP|NEXT_HEADERS_TRANSITIVE,false
projexa,page,/design-studio/timesheets/[id],src/app/(app)/design-studio/timesheets/[id]/page.tsx,55,[id],,false,false,false,false,false,,0,false,0,,,,,,false,false,false,true,,,,,false,false,src/lib/project-selection.ts (depth 1),,,false,DYNAMIC_SEGMENT_NO_GSP|SEARCH_PARAMS_PROP|NEXT_HEADERS_TRANSITIVE,NEXT_HEADERS_TRANSITIVE,src/app/layout.tsx,,DYNAMIC_SEGMENT_NO_GSP|SEARCH_PARAMS_PROP|NEXT_HEADERS_TRANSITIVE,false
projexa,page,/design-studio/timesheets/new,src/app/(app)/design-studio/timesheets/new/page.tsx,53,,,false,true,false,false,false,,0,false,0,,,,,,false,false,false,true,,,,,false,false,src/lib/project-selection.ts (depth 1),,,false,SEARCH_PARAMS_PROP|NEXT_HEADERS_TRANSITIVE,NEXT_HEADERS_TRANSITIVE,src/app/layout.tsx,,SEARCH_PARAMS_PROP|NEXT_HEADERS_TRANSITIVE,false
projexa,page,/documents/[id],src/app/(app)/documents/[id]/page.tsx,15,[id],,false,false,false,false,false,,0,false,0,,,,,,false,false,false,false,,,,,false,false,,,,false,DYNAMIC_SEGMENT_NO_GSP,NEXT_HEADERS_TRANSITIVE,src/app/layout.tsx,,DYNAMIC_SEGMENT_NO_GSP|NEXT_HEADERS_TRANSITIVE,false
projexa,page,/documents,src/app/(app)/documents/page.tsx,112,,,false,true,false,false,false,,0,false,0,,,,,,false,false,false,true,,,,,false,false,src/lib/module-list-source.ts (depth 1),,,false,SEARCH_PARAMS_PROP|NEXT_HEADERS_TRANSITIVE,NEXT_HEADERS_TRANSITIVE,src/app/layout.tsx,,SEARCH_PARAMS_PROP|NEXT_HEADERS_TRANSITIVE,false
projexa,page,/documents/upload,src/app/(app)/documents/upload/page.tsx,72,,,false,true,false,false,false,,0,false,0,,,,,,false,false,false,true,,,,,false,false,src/lib/project-selection.ts (depth 1),,,false,SEARCH_PARAMS_PROP|NEXT_HEADERS_TRANSITIVE,NEXT_HEADERS_TRANSITIVE,src/app/layout.tsx,,SEARCH_PARAMS_PROP|NEXT_HEADERS_TRANSITIVE,false
projexa,page,/drawings/[id],src/app/(app)/drawings/[id]/page.tsx,18,[id],,false,false,false,false,false,,0,false,0,,,,,,false,false,false,true,,,,,false,false,,,,false,DYNAMIC_SEGMENT_NO_GSP|SEARCH_PARAMS_PROP,NEXT_HEADERS_TRANSITIVE,src/app/layout.tsx,,DYNAMIC_SEGMENT_NO_GSP|SEARCH_PARAMS_PROP|NEXT_HEADERS_TRANSITIVE,false
projexa,page,/drawings/new,src/app/(app)/drawings/new/page.tsx,83,,,false,true,false,false,false,,0,false,0,,,,,,false,false,false,true,,,,,false,false,src/lib/project-selection.ts (depth 1),,,false,SEARCH_PARAMS_PROP|NEXT_HEADERS_TRANSITIVE,NEXT_HEADERS_TRANSITIVE,src/app/layout.tsx,,SEARCH_PARAMS_PROP|NEXT_HEADERS_TRANSITIVE,false
projexa,page,/drawings,src/app/(app)/drawings/page.tsx,81,,,false,true,false,false,false,,0,false,0,,,,,,false,false,false,true,,,,,false,false,src/lib/module-list-source.ts (depth 1),,,false,SEARCH_PARAMS_PROP|NEXT_HEADERS_TRANSITIVE,NEXT_HEADERS_TRANSITIVE,src/app/layout.tsx,,SEARCH_PARAMS_PROP|NEXT_HEADERS_TRANSITIVE,false
projexa,page,/employees/[id],src/app/(app)/employees/[id]/page.tsx,15,[id],,false,false,false,false,false,,0,false,0,,,,,,false,false,false,false,,,,,false,false,,,,false,DYNAMIC_SEGMENT_NO_GSP,NEXT_HEADERS_TRANSITIVE,src/app/layout.tsx,,DYNAMIC_SEGMENT_NO_GSP|NEXT_HEADERS_TRANSITIVE,false
projexa,page,/employees/departments/new,src/app/(app)/employees/departments/new/page.tsx,12,,,false,true,false,false,false,,0,false,0,,,,,,false,false,false,false,,,,,false,false,,,,false,,NEXT_HEADERS_TRANSITIVE,src/app/layout.tsx,,NEXT_HEADERS_TRANSITIVE,false
projexa,page,/employees/leave/balance/new,src/app/(app)/employees/leave/balance/new/page.tsx,12,,,false,true,false,false,false,,0,false,0,,,,,,false,false,false,false,,,,,false,false,,,,false,,NEXT_HEADERS_TRANSITIVE,src/app/layout.tsx,,NEXT_HEADERS_TRANSITIVE,false
projexa,page,/employees/leave/new,src/app/(app)/employees/leave/new/page.tsx,12,,,false,true,false,false,false,,0,false,0,,,,,,false,false,false,false,,,,,false,false,,,,false,,NEXT_HEADERS_TRANSITIVE,src/app/layout.tsx,,NEXT_HEADERS_TRANSITIVE,false
projexa,page,/employees/new,src/app/(app)/employees/new/page.tsx,12,,,false,true,false,false,false,,0,false,0,,,,,,false,false,false,false,,,,,false,false,,,,false,,NEXT_HEADERS_TRANSITIVE,src/app/layout.tsx,,NEXT_HEADERS_TRANSITIVE,false
projexa,page,/employees,src/app/(app)/employees/page.tsx,20,,,false,true,false,false,false,,0,false,0,,,,,,false,false,false,true,,,,,false,false,,,,false,SEARCH_PARAMS_PROP,NEXT_HEADERS_TRANSITIVE,src/app/layout.tsx,,SEARCH_PARAMS_PROP|NEXT_HEADERS_TRANSITIVE,false
projexa,page,/expenses/new,src/app/(app)/expenses/new/page.tsx,39,,,false,true,false,false,false,,0,false,0,,,,,,false,false,false,true,,,,,false,false,src/lib/project-selection.ts (depth 1),,,false,SEARCH_PARAMS_PROP|NEXT_HEADERS_TRANSITIVE,NEXT_HEADERS_TRANSITIVE,src/app/layout.tsx,,SEARCH_PARAMS_PROP|NEXT_HEADERS_TRANSITIVE,false
projexa,page,/expenses,src/app/(app)/expenses/page.tsx,29,,,false,true,false,false,false,,0,false,0,,,,,,false,false,false,true,,,,,false,false,src/lib/project-selection.ts (depth 1),,,false,SEARCH_PARAMS_PROP|NEXT_HEADERS_TRANSITIVE,NEXT_HEADERS_TRANSITIVE,src/app/layout.tsx,,SEARCH_PARAMS_PROP|NEXT_HEADERS_TRANSITIVE,false
projexa,page,/ffe/[id],src/app/(app)/ffe/[id]/page.tsx,14,[id],,false,false,false,false,false,,0,false,0,,,,,,false,false,false,false,,,,,false,false,,,,false,DYNAMIC_SEGMENT_NO_GSP,NEXT_HEADERS_TRANSITIVE,src/app/layout.tsx,,DYNAMIC_SEGMENT_NO_GSP|NEXT_HEADERS_TRANSITIVE,false
projexa,page,/ffe/new,src/app/(app)/ffe/new/page.tsx,39,,,false,true,false,false,false,,0,false,0,,,,,,false,false,false,true,,,,,false,false,src/lib/project-selection.ts (depth 1),,,false,SEARCH_PARAMS_PROP|NEXT_HEADERS_TRANSITIVE,NEXT_HEADERS_TRANSITIVE,src/app/layout.tsx,,SEARCH_PARAMS_PROP|NEXT_HEADERS_TRANSITIVE,false
projexa,page,/ffe,src/app/(app)/ffe/page.tsx,24,,,false,true,false,false,false,,0,false,0,,,,,,false,false,false,true,,,,,false,false,src/lib/project-selection.ts (depth 1),,,false,SEARCH_PARAMS_PROP|NEXT_HEADERS_TRANSITIVE,NEXT_HEADERS_TRANSITIVE,src/app/layout.tsx,,SEARCH_PARAMS_PROP|NEXT_HEADERS_TRANSITIVE,false
projexa,page,/finance/budgets/[id],src/app/(app)/finance/budgets/[id]/page.tsx,14,[id],,false,false,false,false,false,,0,false,0,,,,,,false,false,false,false,,,,,false,false,,,,false,DYNAMIC_SEGMENT_NO_GSP,NEXT_HEADERS_TRANSITIVE,src/app/layout.tsx,,DYNAMIC_SEGMENT_NO_GSP|NEXT_HEADERS_TRANSITIVE,false
projexa,page,/finance/budgets/new,src/app/(app)/finance/budgets/new/page.tsx,48,,,false,true,false,false,false,,0,false,0,,,,,,false,false,false,false,,,,,false,false,src/lib/supabase/server.ts (depth 2),,,false,NEXT_HEADERS_TRANSITIVE,NEXT_HEADERS_TRANSITIVE,src/app/layout.tsx,,NEXT_HEADERS_TRANSITIVE,false
projexa,page,/finance/budgets,src/app/(app)/finance/budgets/page.tsx,82,,,false,true,false,false,false,,0,false,0,,,,,,false,false,false,false,,,,,false,false,src/lib/supabase/server.ts (depth 2),,,false,NEXT_HEADERS_TRANSITIVE,NEXT_HEADERS_TRANSITIVE,src/app/layout.tsx,,NEXT_HEADERS_TRANSITIVE,false
projexa,page,/floor-plans/[id],src/app/(app)/floor-plans/[id]/page.tsx,17,[id],,false,false,false,false,false,,0,false,0,,,,,,false,false,false,false,,,,,false,false,,,,false,DYNAMIC_SEGMENT_NO_GSP,NEXT_HEADERS_TRANSITIVE,src/app/layout.tsx,,DYNAMIC_SEGMENT_NO_GSP|NEXT_HEADERS_TRANSITIVE,false
projexa,page,/floor-plans/[id]/walkthrough,src/app/(app)/floor-plans/[id]/walkthrough/page.tsx,17,[id],,false,false,false,false,false,,0,false,0,,,,,,false,false,false,false,,,,,false,false,,,,false,DYNAMIC_SEGMENT_NO_GSP,NEXT_HEADERS_TRANSITIVE,src/app/layout.tsx,,DYNAMIC_SEGMENT_NO_GSP|NEXT_HEADERS_TRANSITIVE,false
projexa,page,/floor-plans,src/app/(app)/floor-plans/page.tsx,24,,,false,true,false,false,false,,0,false,0,,,,,,false,false,false,true,,,,,false,false,src/lib/project-selection.ts (depth 1),,,false,SEARCH_PARAMS_PROP|NEXT_HEADERS_TRANSITIVE,NEXT_HEADERS_TRANSITIVE,src/app/layout.tsx,,SEARCH_PARAMS_PROP|NEXT_HEADERS_TRANSITIVE,false
projexa,page,/grc/access-review/[id],src/app/(app)/grc/access-review/[id]/page.tsx,11,[id],,false,false,false,false,false,,0,false,0,,,,,,false,false,false,false,,,,,false,false,,,,false,DYNAMIC_SEGMENT_NO_GSP,NEXT_HEADERS_TRANSITIVE,src/app/layout.tsx,,DYNAMIC_SEGMENT_NO_GSP|NEXT_HEADERS_TRANSITIVE,false
projexa,page,/grc/access-review/new,src/app/(app)/grc/access-review/new/page.tsx,10,,,false,true,false,false,false,,0,false,0,,,,,,false,false,false,false,,,,,false,false,,,,false,,NEXT_HEADERS_TRANSITIVE,src/app/layout.tsx,,NEXT_HEADERS_TRANSITIVE,false
projexa,page,/grc/audits/new,src/app/(app)/grc/audits/new/page.tsx,10,,,false,true,false,false,false,,0,false,0,,,,,,false,false,false,false,,,,,false,false,,,,false,,NEXT_HEADERS_TRANSITIVE,src/app/layout.tsx,,NEXT_HEADERS_TRANSITIVE,false
projexa,page,/grc/cases/[id],src/app/(app)/grc/cases/[id]/page.tsx,11,[id],,false,false,false,false,false,,0,false,0,,,,,,false,false,false,false,,,,,false,false,,,,false,DYNAMIC_SEGMENT_NO_GSP,NEXT_HEADERS_TRANSITIVE,src/app/layout.tsx,,DYNAMIC_SEGMENT_NO_GSP|NEXT_HEADERS_TRANSITIVE,false
projexa,page,/grc/cases/new,src/app/(app)/grc/cases/new/page.tsx,10,,,false,true,false,false,false,,0,false,0,,,,,,false,false,false,false,,,,,false,false,,,,false,,NEXT_HEADERS_TRANSITIVE,src/app/layout.tsx,,NEXT_HEADERS_TRANSITIVE,false
projexa,page,/grc/findings/new,src/app/(app)/grc/findings/new/page.tsx,10,,,false,true,false,false,false,,0,false,0,,,,,,false,false,false,false,,,,,false,false,,,,false,,NEXT_HEADERS_TRANSITIVE,src/app/layout.tsx,,NEXT_HEADERS_TRANSITIVE,false
projexa,page,/grc,src/app/(app)/grc/page.tsx,52,,,false,true,false,false,false,,0,false,0,,,,,,false,false,false,true,,,,,false,false,src/lib/module-list-source.ts (depth 1),,,false,SEARCH_PARAMS_PROP|NEXT_HEADERS_TRANSITIVE,NEXT_HEADERS_TRANSITIVE,src/app/layout.tsx,,SEARCH_PARAMS_PROP|NEXT_HEADERS_TRANSITIVE,false
projexa,page,/grc/policies/[id],src/app/(app)/grc/policies/[id]/page.tsx,11,[id],,false,false,false,false,false,,0,false,0,,,,,,false,false,false,false,,,,,false,false,,,,false,DYNAMIC_SEGMENT_NO_GSP,NEXT_HEADERS_TRANSITIVE,src/app/layout.tsx,,DYNAMIC_SEGMENT_NO_GSP|NEXT_HEADERS_TRANSITIVE,false
projexa,page,/grc/policies/new,src/app/(app)/grc/policies/new/page.tsx,10,,,false,true,false,false,false,,0,false,0,,,,,,false,false,false,false,,,,,false,false,,,,false,,NEXT_HEADERS_TRANSITIVE,src/app/layout.tsx,,NEXT_HEADERS_TRANSITIVE,false
projexa,page,/grc/risks/[id],src/app/(app)/grc/risks/[id]/page.tsx,11,[id],,false,false,false,false,false,,0,false,0,,,,,,false,false,false,false,,,,,false,false,,,,false,DYNAMIC_SEGMENT_NO_GSP,NEXT_HEADERS_TRANSITIVE,src/app/layout.tsx,,DYNAMIC_SEGMENT_NO_GSP|NEXT_HEADERS_TRANSITIVE,false
projexa,page,/grc/risks/new,src/app/(app)/grc/risks/new/page.tsx,10,,,false,true,false,false,false,,0,false,0,,,,,,false,false,false,false,,,,,false,false,,,,false,,NEXT_HEADERS_TRANSITIVE,src/app/layout.tsx,,NEXT_HEADERS_TRANSITIVE,false
projexa,page,/grc/vendors/new,src/app/(app)/grc/vendors/new/page.tsx,10,,,false,true,false,false,false,,0,false,0,,,,,,false,false,false,false,,,,,false,false,,,,false,,NEXT_HEADERS_TRANSITIVE,src/app/layout.tsx,,NEXT_HEADERS_TRANSITIVE,false
projexa,page,/hr,src/app/(app)/hr/page.tsx,14,,,false,true,false,false,false,,0,false,0,,,,,,false,false,false,false,,,,,false,false,,,,false,,NEXT_HEADERS_TRANSITIVE,src/app/layout.tsx,,NEXT_HEADERS_TRANSITIVE,false
projexa,page,/inventory/items/[id],src/app/(app)/inventory/items/[id]/page.tsx,11,[id],,false,false,false,false,false,,0,false,0,,,,,,false,false,false,false,,,,,false,false,,,,false,DYNAMIC_SEGMENT_NO_GSP,NEXT_HEADERS_TRANSITIVE,src/app/layout.tsx,,DYNAMIC_SEGMENT_NO_GSP|NEXT_HEADERS_TRANSITIVE,false
projexa,page,/inventory/items/new,src/app/(app)/inventory/items/new/page.tsx,10,,,false,true,false,false,false,,0,false,0,,,,,,false,false,false,false,,,,,false,false,,,,false,,NEXT_HEADERS_TRANSITIVE,src/app/layout.tsx,,NEXT_HEADERS_TRANSITIVE,false
projexa,page,/inventory,src/app/(app)/inventory/page.tsx,17,,,false,true,false,false,false,,0,false,0,,,,,,false,false,false,true,,,,,false,false,,,,false,SEARCH_PARAMS_PROP,NEXT_HEADERS_TRANSITIVE,src/app/layout.tsx,,SEARCH_PARAMS_PROP|NEXT_HEADERS_TRANSITIVE,false
projexa,page,/inventory/stock-entries/new,src/app/(app)/inventory/stock-entries/new/page.tsx,10,,,false,true,false,false,false,,0,false,0,,,,,,false,false,false,false,,,,,false,false,,,,false,,NEXT_HEADERS_TRANSITIVE,src/app/layout.tsx,,NEXT_HEADERS_TRANSITIVE,false
projexa,page,/inventory/warehouses/new,src/app/(app)/inventory/warehouses/new/page.tsx,10,,,false,true,false,false,false,,0,false,0,,,,,,false,false,false,false,,,,,false,false,,,,false,,NEXT_HEADERS_TRANSITIVE,src/app/layout.tsx,,NEXT_HEADERS_TRANSITIVE,false
projexa,page,/invoices/[id],src/app/(app)/invoices/[id]/page.tsx,11,[id],,false,false,false,false,false,,0,false,0,,,,,,false,false,false,false,,,,,false,false,,,,false,DYNAMIC_SEGMENT_NO_GSP,NEXT_HEADERS_TRANSITIVE,src/app/layout.tsx,,DYNAMIC_SEGMENT_NO_GSP|NEXT_HEADERS_TRANSITIVE,false
projexa,page,/invoices/credit-notes/[id],src/app/(app)/invoices/credit-notes/[id]/page.tsx,11,[id],,false,false,false,false,false,,0,false,0,,,,,,false,false,false,false,,,,,false,false,,,,false,DYNAMIC_SEGMENT_NO_GSP,NEXT_HEADERS_TRANSITIVE,src/app/layout.tsx,,DYNAMIC_SEGMENT_NO_GSP|NEXT_HEADERS_TRANSITIVE,false
projexa,page,/invoices/credit-notes/new,src/app/(app)/invoices/credit-notes/new/page.tsx,10,,,false,true,false,false,false,,0,false,0,,,,,,false,false,false,false,,,,,false,false,,,,false,,NEXT_HEADERS_TRANSITIVE,src/app/layout.tsx,,NEXT_HEADERS_TRANSITIVE,false
projexa,page,/invoices/new,src/app/(app)/invoices/new/page.tsx,10,,,false,true,false,false,false,,0,false,0,,,,,,false,false,false,false,,,,,false,false,,,,false,,NEXT_HEADERS_TRANSITIVE,src/app/layout.tsx,,NEXT_HEADERS_TRANSITIVE,false
projexa,page,/invoices,src/app/(app)/invoices/page.tsx,18,,,false,true,false,false,false,,0,false,0,,,,,,false,false,false,true,,,,,false,false,,,,false,SEARCH_PARAMS_PROP,NEXT_HEADERS_TRANSITIVE,src/app/layout.tsx,,SEARCH_PARAMS_PROP|NEXT_HEADERS_TRANSITIVE,false
projexa,page,/knowledge-base/[id],src/app/(app)/knowledge-base/[id]/page.tsx,11,[id],,false,false,false,false,false,,0,false,0,,,,,,false,false,false,false,,,,,false,false,,,,false,DYNAMIC_SEGMENT_NO_GSP,NEXT_HEADERS_TRANSITIVE,src/app/layout.tsx,,DYNAMIC_SEGMENT_NO_GSP|NEXT_HEADERS_TRANSITIVE,false
projexa,page,/knowledge-base/new,src/app/(app)/knowledge-base/new/page.tsx,10,,,false,true,false,false,false,,0,false,0,,,,,,false,false,false,false,,,,,false,false,,,,false,,NEXT_HEADERS_TRANSITIVE,src/app/layout.tsx,,NEXT_HEADERS_TRANSITIVE,false
projexa,page,/knowledge-base,src/app/(app)/knowledge-base/page.tsx,31,,,false,true,false,false,false,,0,false,0,,,,,,false,false,false,false,,,,,false,false,src/lib/module-list-source.ts (depth 1),,,false,NEXT_HEADERS_TRANSITIVE,NEXT_HEADERS_TRANSITIVE,src/app/layout.tsx,,NEXT_HEADERS_TRANSITIVE,false
projexa,page,/kpis/[id],src/app/(app)/kpis/[id]/page.tsx,11,[id],,false,false,false,false,false,,0,false,0,,,,,,false,false,false,false,,,,,false,false,,,,false,DYNAMIC_SEGMENT_NO_GSP,NEXT_HEADERS_TRANSITIVE,src/app/layout.tsx,,DYNAMIC_SEGMENT_NO_GSP|NEXT_HEADERS_TRANSITIVE,false
projexa,page,/kpis/new,src/app/(app)/kpis/new/page.tsx,37,,,false,true,false,false,false,,0,false,0,,,,,,false,false,false,true,,,,,false,false,src/lib/project-selection.ts (depth 1),,,false,SEARCH_PARAMS_PROP|NEXT_HEADERS_TRANSITIVE,NEXT_HEADERS_TRANSITIVE,src/app/layout.tsx,,SEARCH_PARAMS_PROP|NEXT_HEADERS_TRANSITIVE,false
projexa,page,/kpis,src/app/(app)/kpis/page.tsx,29,,,false,true,false,false,false,,0,false,0,,,,,,false,false,false,true,,,,,false,false,src/lib/project-selection.ts (depth 1),,,false,SEARCH_PARAMS_PROP|NEXT_HEADERS_TRANSITIVE,NEXT_HEADERS_TRANSITIVE,src/app/layout.tsx,,SEARCH_PARAMS_PROP|NEXT_HEADERS_TRANSITIVE,false
projexa,page,/labour/[id],src/app/(app)/labour/[id]/page.tsx,23,[id],,false,false,false,false,false,,0,false,0,,,,,,false,false,false,true,,,,,false,false,,,,false,DYNAMIC_SEGMENT_NO_GSP|SEARCH_PARAMS_PROP,NEXT_HEADERS_TRANSITIVE,src/app/layout.tsx,,DYNAMIC_SEGMENT_NO_GSP|SEARCH_PARAMS_PROP|NEXT_HEADERS_TRANSITIVE,false
projexa,page,/labour/attendance/[date],src/app/(app)/labour/attendance/[date]/page.tsx,54,[date],,false,false,false,false,false,,0,false,0,,,,,,false,false,false,true,,,,,false,false,src/lib/project-selection.ts (depth 1),,,false,DYNAMIC_SEGMENT_NO_GSP|SEARCH_PARAMS_PROP|NEXT_HEADERS_TRANSITIVE,NEXT_HEADERS_TRANSITIVE,src/app/layout.tsx,,DYNAMIC_SEGMENT_NO_GSP|SEARCH_PARAMS_PROP|NEXT_HEADERS_TRANSITIVE,false
projexa,page,/labour/attendance/new,src/app/(app)/labour/attendance/new/page.tsx,83,,,false,true,false,false,false,,0,false,0,,,,,,false,false,false,true,,,,,false,false,src/lib/module-list-source.ts (depth 1),,,false,SEARCH_PARAMS_PROP|NEXT_HEADERS_TRANSITIVE,NEXT_HEADERS_TRANSITIVE,src/app/layout.tsx,,SEARCH_PARAMS_PROP|NEXT_HEADERS_TRANSITIVE,false
projexa,page,/labour/import,src/app/(app)/labour/import/page.tsx,41,,,false,true,false,false,false,,0,false,0,,,,,,false,false,false,true,,,,,false,false,src/lib/project-selection.ts (depth 1),,,false,SEARCH_PARAMS_PROP|NEXT_HEADERS_TRANSITIVE,NEXT_HEADERS_TRANSITIVE,src/app/layout.tsx,,SEARCH_PARAMS_PROP|NEXT_HEADERS_TRANSITIVE,false
projexa,page,/labour/new,src/app/(app)/labour/new/page.tsx,53,,,false,true,false,false,false,,0,false,0,,,,,,false,false,false,true,,,,,false,false,src/lib/module-list-source.ts (depth 1),,,false,SEARCH_PARAMS_PROP|NEXT_HEADERS_TRANSITIVE,NEXT_HEADERS_TRANSITIVE,src/app/layout.tsx,,SEARCH_PARAMS_PROP|NEXT_HEADERS_TRANSITIVE,false
projexa,page,/labour,src/app/(app)/labour/page.tsx,217,,,false,true,false,false,false,,0,false,0,,,,,,false,false,false,true,,,,,false,false,src/lib/module-list-source.ts (depth 1),,,false,SEARCH_PARAMS_PROP|NEXT_HEADERS_TRANSITIVE,NEXT_HEADERS_TRANSITIVE,src/app/layout.tsx,,SEARCH_PARAMS_PROP|NEXT_HEADERS_TRANSITIVE,false
projexa,layout,/,src/app/(app)/layout.tsx,58,,,false,true,true,false,false,,0,false,0,,,,,,false,false,false,false,,,,,false,false,,,,false,,NEXT_HEADERS_TRANSITIVE,src/app/layout.tsx,,NEXT_HEADERS_TRANSITIVE,false
projexa,page,/materials/[id],src/app/(app)/materials/[id]/page.tsx,11,[id],,false,false,false,false,false,,0,false,0,,,,,,false,false,false,false,,,,,false,false,,,,false,DYNAMIC_SEGMENT_NO_GSP,NEXT_HEADERS_TRANSITIVE,src/app/layout.tsx,,DYNAMIC_SEGMENT_NO_GSP|NEXT_HEADERS_TRANSITIVE,false
projexa,page,/materials/issues/new,src/app/(app)/materials/issues/new/page.tsx,43,,,false,true,false,false,false,,0,false,0,,,,,,false,false,false,true,,,,,false,false,src/lib/project-selection.ts (depth 1),,,false,SEARCH_PARAMS_PROP|NEXT_HEADERS_TRANSITIVE,NEXT_HEADERS_TRANSITIVE,src/app/layout.tsx,,SEARCH_PARAMS_PROP|NEXT_HEADERS_TRANSITIVE,false
projexa,page,/materials/new,src/app/(app)/materials/new/page.tsx,53,,,false,true,false,false,false,,0,false,0,,,,,,false,false,false,true,,,,,false,false,src/lib/module-list-source.ts (depth 1),,,false,SEARCH_PARAMS_PROP|NEXT_HEADERS_TRANSITIVE,NEXT_HEADERS_TRANSITIVE,src/app/layout.tsx,,SEARCH_PARAMS_PROP|NEXT_HEADERS_TRANSITIVE,false
projexa,page,/materials,src/app/(app)/materials/page.tsx,154,,,false,true,false,false,false,,0,false,0,,,,,,false,false,false,true,,,,/dashboard/${encodeURIComponent(projectId)},false,false,src/lib/module-list-source.ts (depth 1),,,false,SEARCH_PARAMS_PROP|NEXT_HEADERS_TRANSITIVE,NEXT_HEADERS_TRANSITIVE,src/app/layout.tsx,,SEARCH_PARAMS_PROP|NEXT_HEADERS_TRANSITIVE,false
projexa,page,/materials/receipts/[id],src/app/(app)/materials/receipts/[id]/page.tsx,14,[id],,false,false,false,false,false,,0,false,0,,,,,,false,false,false,false,,,,,false,false,,,,false,DYNAMIC_SEGMENT_NO_GSP,NEXT_HEADERS_TRANSITIVE,src/app/layout.tsx,,DYNAMIC_SEGMENT_NO_GSP|NEXT_HEADERS_TRANSITIVE,false
projexa,page,/materials/receipts/new,src/app/(app)/materials/receipts/new/page.tsx,53,,,false,true,false,false,false,,0,false,0,,,,,,false,false,false,true,,,,,false,false,src/lib/module-list-source.ts (depth 1),,,false,SEARCH_PARAMS_PROP|NEXT_HEADERS_TRANSITIVE,NEXT_HEADERS_TRANSITIVE,src/app/layout.tsx,,SEARCH_PARAMS_PROP|NEXT_HEADERS_TRANSITIVE,false
projexa,page,/meetings/[id],src/app/(app)/meetings/[id]/page.tsx,11,[id],,false,false,false,false,false,,0,false,0,,,,,,false,false,false,false,,,,,false,false,,,,false,DYNAMIC_SEGMENT_NO_GSP,NEXT_HEADERS_TRANSITIVE,src/app/layout.tsx,,DYNAMIC_SEGMENT_NO_GSP|NEXT_HEADERS_TRANSITIVE,false
projexa,page,/meetings/new,src/app/(app)/meetings/new/page.tsx,37,,,false,true,false,false,false,,0,false,0,,,,,,false,false,false,true,,,,,false,false,src/lib/project-selection.ts (depth 1),,,false,SEARCH_PARAMS_PROP|NEXT_HEADERS_TRANSITIVE,NEXT_HEADERS_TRANSITIVE,src/app/layout.tsx,,SEARCH_PARAMS_PROP|NEXT_HEADERS_TRANSITIVE,false
projexa,page,/meetings,src/app/(app)/meetings/page.tsx,69,,,false,true,false,false,false,,0,false,0,,,,,,false,false,false,true,,,,,false,false,src/lib/project-selection.ts (depth 1),,,false,SEARCH_PARAMS_PROP|NEXT_HEADERS_TRANSITIVE,NEXT_HEADERS_TRANSITIVE,src/app/layout.tsx,,SEARCH_PARAMS_PROP|NEXT_HEADERS_TRANSITIVE,false
projexa,page,/moms/[id],src/app/(app)/moms/[id]/page.tsx,26,[id],,false,false,false,false,false,,0,false,0,,,,,,false,false,false,true,,,,,false,false,,,,false,DYNAMIC_SEGMENT_NO_GSP|SEARCH_PARAMS_PROP,NEXT_HEADERS_TRANSITIVE,src/app/layout.tsx,,DYNAMIC_SEGMENT_NO_GSP|SEARCH_PARAMS_PROP|NEXT_HEADERS_TRANSITIVE,false
projexa,page,/moms/new,src/app/(app)/moms/new/page.tsx,146,,,false,true,false,false,false,,0,false,0,,,,,,false,false,false,true,,,,,false,false,src/lib/project-selection.ts (depth 1),,,false,SEARCH_PARAMS_PROP|NEXT_HEADERS_TRANSITIVE,NEXT_HEADERS_TRANSITIVE,src/app/layout.tsx,,SEARCH_PARAMS_PROP|NEXT_HEADERS_TRANSITIVE,false
projexa,page,/moms,src/app/(app)/moms/page.tsx,134,,,false,true,false,false,false,,0,false,0,,,,,,false,false,false,true,,,,,false,false,src/lib/module-list-source.ts (depth 1),,,false,SEARCH_PARAMS_PROP|NEXT_HEADERS_TRANSITIVE,NEXT_HEADERS_TRANSITIVE,src/app/layout.tsx,,SEARCH_PARAMS_PROP|NEXT_HEADERS_TRANSITIVE,false
projexa,page,/mood-boards/[id],src/app/(app)/mood-boards/[id]/page.tsx,11,[id],,false,false,false,false,false,,0,false,0,,,,,,false,false,false,false,,,,,false,false,,,,false,DYNAMIC_SEGMENT_NO_GSP,NEXT_HEADERS_TRANSITIVE,src/app/layout.tsx,,DYNAMIC_SEGMENT_NO_GSP|NEXT_HEADERS_TRANSITIVE,false
projexa,page,/mood-boards/new,src/app/(app)/mood-boards/new/page.tsx,37,,,false,true,false,false,false,,0,false,0,,,,,,false,false,false,true,,,,,false,false,src/lib/project-selection.ts (depth 1),,,false,SEARCH_PARAMS_PROP|NEXT_HEADERS_TRANSITIVE,NEXT_HEADERS_TRANSITIVE,src/app/layout.tsx,,SEARCH_PARAMS_PROP|NEXT_HEADERS_TRANSITIVE,false
projexa,page,/mood-boards,src/app/(app)/mood-boards/page.tsx,50,,,false,true,false,false,false,,0,false,0,,,,,,false,false,false,true,,,,,false,false,src/lib/project-selection.ts (depth 1),,,false,SEARCH_PARAMS_PROP|NEXT_HEADERS_TRANSITIVE,NEXT_HEADERS_TRANSITIVE,src/app/layout.tsx,,SEARCH_PARAMS_PROP|NEXT_HEADERS_TRANSITIVE,false
projexa,page,/payroll/components/new,src/app/(app)/payroll/components/new/page.tsx,10,,,false,true,false,false,false,,0,false,0,,,,,,false,false,false,false,,,,,false,false,,,,false,,NEXT_HEADERS_TRANSITIVE,src/app/layout.tsx,,NEXT_HEADERS_TRANSITIVE,false
projexa,page,/payroll,src/app/(app)/payroll/page.tsx,17,,,false,true,false,false,false,,0,false,0,,,,,,false,false,false,true,,,,,false,false,,,,false,SEARCH_PARAMS_PROP,NEXT_HEADERS_TRANSITIVE,src/app/layout.tsx,,SEARCH_PARAMS_PROP|NEXT_HEADERS_TRANSITIVE,false
projexa,page,/payroll/runs/[id],src/app/(app)/payroll/runs/[id]/page.tsx,11,[id],,false,false,false,false,false,,0,false,0,,,,,,false,false,false,false,,,,,false,false,,,,false,DYNAMIC_SEGMENT_NO_GSP,NEXT_HEADERS_TRANSITIVE,src/app/layout.tsx,,DYNAMIC_SEGMENT_NO_GSP|NEXT_HEADERS_TRANSITIVE,false
projexa,page,/payroll/runs/[id]/payslips/[payslipId],src/app/(app)/payroll/runs/[id]/payslips/[payslipId]/page.tsx,11,[id]|[payslipId],,false,false,false,false,false,,0,false,0,,,,,,false,false,false,false,,,,,false,false,,,,false,DYNAMIC_SEGMENT_NO_GSP,NEXT_HEADERS_TRANSITIVE,src/app/layout.tsx,,DYNAMIC_SEGMENT_NO_GSP|NEXT_HEADERS_TRANSITIVE,false
projexa,page,/payroll/runs/new,src/app/(app)/payroll/runs/new/page.tsx,10,,,false,true,false,false,false,,0,false,0,,,,,,false,false,false,false,,,,,false,false,,,,false,,NEXT_HEADERS_TRANSITIVE,src/app/layout.tsx,,NEXT_HEADERS_TRANSITIVE,false
projexa,page,/payroll/statutory-rules/new,src/app/(app)/payroll/statutory-rules/new/page.tsx,10,,,false,true,false,false,false,,0,false,0,,,,,,false,false,false,false,,,,,false,false,,,,false,,NEXT_HEADERS_TRANSITIVE,src/app/layout.tsx,,NEXT_HEADERS_TRANSITIVE,false
projexa,page,/payroll/structures/new,src/app/(app)/payroll/structures/new/page.tsx,10,,,false,true,false,false,false,,0,false,0,,,,,,false,false,false,false,,,,,false,false,,,,false,,NEXT_HEADERS_TRANSITIVE,src/app/layout.tsx,,NEXT_HEADERS_TRANSITIVE,false
projexa,page,/payroll/tax-slabs/new,src/app/(app)/payroll/tax-slabs/new/page.tsx,10,,,false,true,false,false,false,,0,false,0,,,,,,false,false,false,false,,,,,false,false,,,,false,,NEXT_HEADERS_TRANSITIVE,src/app/layout.tsx,,NEXT_HEADERS_TRANSITIVE,false
projexa,page,/permits/[id],src/app/(app)/permits/[id]/page.tsx,16,[id],,false,false,false,false,false,,0,false,0,,,,,,false,false,false,false,,,,,false,false,,,,false,DYNAMIC_SEGMENT_NO_GSP,NEXT_HEADERS_TRANSITIVE,src/app/layout.tsx,,DYNAMIC_SEGMENT_NO_GSP|NEXT_HEADERS_TRANSITIVE,false
projexa,page,/permits/new,src/app/(app)/permits/new/page.tsx,64,,,false,true,false,false,false,,0,false,0,,,,,,false,false,false,true,,,,,false,false,src/lib/project-selection.ts (depth 1),,,false,SEARCH_PARAMS_PROP|NEXT_HEADERS_TRANSITIVE,NEXT_HEADERS_TRANSITIVE,src/app/layout.tsx,,SEARCH_PARAMS_PROP|NEXT_HEADERS_TRANSITIVE,false
projexa,page,/permits,src/app/(app)/permits/page.tsx,100,,,false,true,false,false,false,,0,false,0,,,,,,false,false,false,true,,,,,false,false,src/lib/module-list-source.ts (depth 1),,,false,SEARCH_PARAMS_PROP|NEXT_HEADERS_TRANSITIVE,NEXT_HEADERS_TRANSITIVE,src/app/layout.tsx,,SEARCH_PARAMS_PROP|NEXT_HEADERS_TRANSITIVE,false
projexa,page,/procurement/goods-receipts/[id],src/app/(app)/procurement/goods-receipts/[id]/page.tsx,11,[id],,false,false,false,false,false,,0,false,0,,,,,,false,false,false,false,,,,,false,false,,,,false,DYNAMIC_SEGMENT_NO_GSP,NEXT_HEADERS_TRANSITIVE,src/app/layout.tsx,,DYNAMIC_SEGMENT_NO_GSP|NEXT_HEADERS_TRANSITIVE,false
projexa,page,/procurement/goods-receipts/new,src/app/(app)/procurement/goods-receipts/new/page.tsx,11,,,false,true,false,false,false,,0,false,0,,,,,,false,false,false,true,,,,,false,false,,,,false,SEARCH_PARAMS_PROP,NEXT_HEADERS_TRANSITIVE,src/app/layout.tsx,,SEARCH_PARAMS_PROP|NEXT_HEADERS_TRANSITIVE,false
projexa,page,/procurement,src/app/(app)/procurement/page.tsx,15,,,false,true,false,false,false,,0,false,0,,,,,,false,false,false,true,,,,,false,false,,,,false,SEARCH_PARAMS_PROP,NEXT_HEADERS_TRANSITIVE,src/app/layout.tsx,,SEARCH_PARAMS_PROP|NEXT_HEADERS_TRANSITIVE,false
projexa,page,/procurement/purchase-orders/[id],src/app/(app)/procurement/purchase-orders/[id]/page.tsx,11,[id],,false,false,false,false,false,,0,false,0,,,,,,false,false,false,false,,,,,false,false,,,,false,DYNAMIC_SEGMENT_NO_GSP,NEXT_HEADERS_TRANSITIVE,src/app/layout.tsx,,DYNAMIC_SEGMENT_NO_GSP|NEXT_HEADERS_TRANSITIVE,false
projexa,page,/procurement/quotations/new,src/app/(app)/procurement/quotations/new/page.tsx,10,,,false,true,false,false,false,,0,false,0,,,,,,false,false,false,false,,,,,false,false,,,,false,,NEXT_HEADERS_TRANSITIVE,src/app/layout.tsx,,NEXT_HEADERS_TRANSITIVE,false
projexa,page,/procurement/requisitions/[id],src/app/(app)/procurement/requisitions/[id]/page.tsx,11,[id],,false,false,false,false,false,,0,false,0,,,,,,false,false,false,false,,,,,false,false,,,,false,DYNAMIC_SEGMENT_NO_GSP,NEXT_HEADERS_TRANSITIVE,src/app/layout.tsx,,DYNAMIC_SEGMENT_NO_GSP|NEXT_HEADERS_TRANSITIVE,false
projexa,page,/procurement/requisitions/new,src/app/(app)/procurement/requisitions/new/page.tsx,10,,,false,true,false,false,false,,0,false,0,,,,,,false,false,false,false,,,,,false,false,,,,false,,NEXT_HEADERS_TRANSITIVE,src/app/layout.tsx,,NEXT_HEADERS_TRANSITIVE,false
projexa,page,/procurement/rfqs/[id],src/app/(app)/procurement/rfqs/[id]/page.tsx,11,[id],,false,false,false,false,false,,0,false,0,,,,,,false,false,false,false,,,,,false,false,,,,false,DYNAMIC_SEGMENT_NO_GSP,NEXT_HEADERS_TRANSITIVE,src/app/layout.tsx,,DYNAMIC_SEGMENT_NO_GSP|NEXT_HEADERS_TRANSITIVE,false
projexa,page,/procurement/rfqs/new,src/app/(app)/procurement/rfqs/new/page.tsx,10,,,false,true,false,false,false,,0,false,0,,,,,,false,false,false,false,,,,,false,false,,,,false,,NEXT_HEADERS_TRANSITIVE,src/app/layout.tsx,,NEXT_HEADERS_TRANSITIVE,false
projexa,page,/projects/new,src/app/(app)/projects/new/page.tsx,40,,,false,true,false,false,false,,0,false,0,,,,,,false,false,false,false,,,,/products,false,false,src/lib/supabase/server.ts (depth 2),,,false,NEXT_HEADERS_TRANSITIVE,NEXT_HEADERS_TRANSITIVE,src/app/layout.tsx,,NEXT_HEADERS_TRANSITIVE,false
projexa,page,/projects,src/app/(app)/projects/page.tsx,16,,,false,true,false,false,false,,0,false,0,,,,,,false,false,false,false,,,,,false,false,,,,false,,NEXT_HEADERS_TRANSITIVE,src/app/layout.tsx,,NEXT_HEADERS_TRANSITIVE,false
projexa,page,/punch-list/[id],src/app/(app)/punch-list/[id]/page.tsx,11,[id],,false,false,false,false,false,,0,false,0,,,,,,false,false,false,false,,,,,false,false,,,,false,DYNAMIC_SEGMENT_NO_GSP,NEXT_HEADERS_TRANSITIVE,src/app/layout.tsx,,DYNAMIC_SEGMENT_NO_GSP|NEXT_HEADERS_TRANSITIVE,false
projexa,page,/punch-list/new,src/app/(app)/punch-list/new/page.tsx,37,,,false,true,false,false,false,,0,false,0,,,,,,false,false,false,true,,,,,false,false,src/lib/project-selection.ts (depth 1),,,false,SEARCH_PARAMS_PROP|NEXT_HEADERS_TRANSITIVE,NEXT_HEADERS_TRANSITIVE,src/app/layout.tsx,,SEARCH_PARAMS_PROP|NEXT_HEADERS_TRANSITIVE,false
projexa,page,/punch-list,src/app/(app)/punch-list/page.tsx,24,,,false,true,false,false,false,,0,false,0,,,,,,false,false,false,true,,,,,false,false,src/lib/project-selection.ts (depth 1),,,false,SEARCH_PARAMS_PROP|NEXT_HEADERS_TRANSITIVE,NEXT_HEADERS_TRANSITIVE,src/app/layout.tsx,,SEARCH_PARAMS_PROP|NEXT_HEADERS_TRANSITIVE,false
projexa,page,/purchase-orders/new,src/app/(app)/purchase-orders/new/page.tsx,10,,,false,true,false,false,false,,0,false,0,,,,,,false,false,false,false,,,,,false,false,,,,false,,NEXT_HEADERS_TRANSITIVE,src/app/layout.tsx,,NEXT_HEADERS_TRANSITIVE,false
projexa,page,/purchase-orders,src/app/(app)/purchase-orders/page.tsx,14,,,false,true,false,false,false,,0,false,0,,,,,,false,false,false,false,,,,,false,false,,,,false,,NEXT_HEADERS_TRANSITIVE,src/app/layout.tsx,,NEXT_HEADERS_TRANSITIVE,false
projexa,page,/quotations/[id],src/app/(app)/quotations/[id]/page.tsx,11,[id],,false,false,false,false,false,,0,false,0,,,,,,false,false,false,false,,,,,false,false,,,,false,DYNAMIC_SEGMENT_NO_GSP,NEXT_HEADERS_TRANSITIVE,src/app/layout.tsx,,DYNAMIC_SEGMENT_NO_GSP|NEXT_HEADERS_TRANSITIVE,false
projexa,page,/quotations/new,src/app/(app)/quotations/new/page.tsx,10,,,false,true,false,false,false,,0,false,0,,,,,,false,false,false,false,,,,,false,false,,,,false,,NEXT_HEADERS_TRANSITIVE,src/app/layout.tsx,,NEXT_HEADERS_TRANSITIVE,false
projexa,page,/quotations,src/app/(app)/quotations/page.tsx,14,,,false,true,false,false,false,,0,false,0,,,,,,false,false,false,false,,,,,false,false,,,,false,,NEXT_HEADERS_TRANSITIVE,src/app/layout.tsx,,NEXT_HEADERS_TRANSITIVE,false
projexa,page,/recruitment/applications/[id],src/app/(app)/recruitment/applications/[id]/page.tsx,11,[id],,false,false,false,false,false,,0,false,0,,,,,,false,false,false,false,,,,,false,false,,,,false,DYNAMIC_SEGMENT_NO_GSP,NEXT_HEADERS_TRANSITIVE,src/app/layout.tsx,,DYNAMIC_SEGMENT_NO_GSP|NEXT_HEADERS_TRANSITIVE,false
projexa,page,/recruitment/applications/new,src/app/(app)/recruitment/applications/new/page.tsx,10,,,false,true,false,false,false,,0,false,0,,,,,,false,false,false,false,,,,,false,false,,,,false,,NEXT_HEADERS_TRANSITIVE,src/app/layout.tsx,,NEXT_HEADERS_TRANSITIVE,false
projexa,page,/recruitment/candidates/new,src/app/(app)/recruitment/candidates/new/page.tsx,10,,,false,true,false,false,false,,0,false,0,,,,,,false,false,false,false,,,,,false,false,,,,false,,NEXT_HEADERS_TRANSITIVE,src/app/layout.tsx,,NEXT_HEADERS_TRANSITIVE,false
projexa,page,/recruitment/openings/[id],src/app/(app)/recruitment/openings/[id]/page.tsx,11,[id],,false,false,false,false,false,,0,false,0,,,,,,false,false,false,false,,,,,false,false,,,,false,DYNAMIC_SEGMENT_NO_GSP,NEXT_HEADERS_TRANSITIVE,src/app/layout.tsx,,DYNAMIC_SEGMENT_NO_GSP|NEXT_HEADERS_TRANSITIVE,false
projexa,page,/recruitment/openings/new,src/app/(app)/recruitment/openings/new/page.tsx,10,,,false,true,false,false,false,,0,false,0,,,,,,false,false,false,false,,,,,false,false,,,,false,,NEXT_HEADERS_TRANSITIVE,src/app/layout.tsx,,NEXT_HEADERS_TRANSITIVE,false
projexa,page,/recruitment,src/app/(app)/recruitment/page.tsx,17,,,false,true,false,false,false,,0,false,0,,,,,,false,false,false,true,,,,,false,false,,,,false,SEARCH_PARAMS_PROP,NEXT_HEADERS_TRANSITIVE,src/app/layout.tsx,,SEARCH_PARAMS_PROP|NEXT_HEADERS_TRANSITIVE,false
projexa,page,/reports,src/app/(app)/reports/page.tsx,77,,,false,true,false,false,false,,0,false,0,,,,,,false,false,false,true,,,,,false,false,src/lib/module-list-source.ts (depth 1),,,false,SEARCH_PARAMS_PROP|NEXT_HEADERS_TRANSITIVE,NEXT_HEADERS_TRANSITIVE,src/app/layout.tsx,,SEARCH_PARAMS_PROP|NEXT_HEADERS_TRANSITIVE,false
projexa,page,/rfis/[id],src/app/(app)/rfis/[id]/page.tsx,11,[id],,false,false,false,false,false,,0,false,0,,,,,,false,false,false,false,,,,,false,false,,,,false,DYNAMIC_SEGMENT_NO_GSP,NEXT_HEADERS_TRANSITIVE,src/app/layout.tsx,,DYNAMIC_SEGMENT_NO_GSP|NEXT_HEADERS_TRANSITIVE,false
projexa,page,/rfis/new,src/app/(app)/rfis/new/page.tsx,37,,,false,true,false,false,false,,0,false,0,,,,,,false,false,false,true,,,,,false,false,src/lib/project-selection.ts (depth 1),,,false,SEARCH_PARAMS_PROP|NEXT_HEADERS_TRANSITIVE,NEXT_HEADERS_TRANSITIVE,src/app/layout.tsx,,SEARCH_PARAMS_PROP|NEXT_HEADERS_TRANSITIVE,false
projexa,page,/rfis,src/app/(app)/rfis/page.tsx,24,,,false,true,false,false,false,,0,false,0,,,,,,false,false,false,true,,,,,false,false,src/lib/project-selection.ts (depth 1),,,false,SEARCH_PARAMS_PROP|NEXT_HEADERS_TRANSITIVE,NEXT_HEADERS_TRANSITIVE,src/app/layout.tsx,,SEARCH_PARAMS_PROP|NEXT_HEADERS_TRANSITIVE,false
projexa,page,/sales/leads/[id],src/app/(app)/sales/leads/[id]/page.tsx,11,[id],,false,false,false,false,false,,0,false,0,,,,,,false,false,false,false,,,,,false,false,,,,false,DYNAMIC_SEGMENT_NO_GSP,NEXT_HEADERS_TRANSITIVE,src/app/layout.tsx,,DYNAMIC_SEGMENT_NO_GSP|NEXT_HEADERS_TRANSITIVE,false
projexa,page,/sales/leads/new,src/app/(app)/sales/leads/new/page.tsx,10,,,false,true,false,false,false,,0,false,0,,,,,,false,false,false,false,,,,,false,false,,,,false,,NEXT_HEADERS_TRANSITIVE,src/app/layout.tsx,,NEXT_HEADERS_TRANSITIVE,false
projexa,page,/sales/leads,src/app/(app)/sales/leads/page.tsx,14,,,false,true,false,false,false,,0,false,0,,,,,,false,false,false,false,,,,,false,false,,,,false,,NEXT_HEADERS_TRANSITIVE,src/app/layout.tsx,,NEXT_HEADERS_TRANSITIVE,false
projexa,page,/sales/opportunities/[id],src/app/(app)/sales/opportunities/[id]/page.tsx,11,[id],,false,false,false,false,false,,0,false,0,,,,,,false,false,false,false,,,,,false,false,,,,false,DYNAMIC_SEGMENT_NO_GSP,NEXT_HEADERS_TRANSITIVE,src/app/layout.tsx,,DYNAMIC_SEGMENT_NO_GSP|NEXT_HEADERS_TRANSITIVE,false
projexa,page,/sales/opportunities/new,src/app/(app)/sales/opportunities/new/page.tsx,10,,,false,true,false,false,false,,0,false,0,,,,,,false,false,false,false,,,,,false,false,,,,false,,NEXT_HEADERS_TRANSITIVE,src/app/layout.tsx,,NEXT_HEADERS_TRANSITIVE,false
projexa,page,/sales/opportunities,src/app/(app)/sales/opportunities/page.tsx,14,,,false,true,false,false,false,,0,false,0,,,,,,false,false,false,false,,,,,false,false,,,,false,,NEXT_HEADERS_TRANSITIVE,src/app/layout.tsx,,NEXT_HEADERS_TRANSITIVE,false
projexa,page,/sales,src/app/(app)/sales/page.tsx,14,,,false,true,false,false,false,,0,false,0,,,,,,false,false,false,false,,,,,false,false,,,,false,,NEXT_HEADERS_TRANSITIVE,src/app/layout.tsx,,NEXT_HEADERS_TRANSITIVE,false
projexa,page,/sales-orders/[id],src/app/(app)/sales-orders/[id]/page.tsx,11,[id],,false,false,false,false,false,,0,false,0,,,,,,false,false,false,false,,,,,false,false,,,,false,DYNAMIC_SEGMENT_NO_GSP,NEXT_HEADERS_TRANSITIVE,src/app/layout.tsx,,DYNAMIC_SEGMENT_NO_GSP|NEXT_HEADERS_TRANSITIVE,false
projexa,page,/sales-orders/new,src/app/(app)/sales-orders/new/page.tsx,10,,,false,true,false,false,false,,0,false,0,,,,,,false,false,false,false,,,,,false,false,,,,false,,NEXT_HEADERS_TRANSITIVE,src/app/layout.tsx,,NEXT_HEADERS_TRANSITIVE,false
projexa,page,/sales-orders,src/app/(app)/sales-orders/page.tsx,14,,,false,true,false,false,false,,0,false,0,,,,,,false,false,false,false,,,,,false,false,,,,false,,NEXT_HEADERS_TRANSITIVE,src/app/layout.tsx,,NEXT_HEADERS_TRANSITIVE,false
projexa,page,/schedule/import,src/app/(app)/schedule/import/page.tsx,33,,,false,true,false,false,false,,0,false,0,,,,,,false,false,false,true,,,,,false,false,src/lib/project-selection.ts (depth 1),,,false,SEARCH_PARAMS_PROP|NEXT_HEADERS_TRANSITIVE,NEXT_HEADERS_TRANSITIVE,src/app/layout.tsx,,SEARCH_PARAMS_PROP|NEXT_HEADERS_TRANSITIVE,false
projexa,page,/schedule/log-time,src/app/(app)/schedule/log-time/page.tsx,47,,,false,true,false,false,false,,1,true,0,,,,,,false,false,false,true,,,,,false,false,src/lib/module-list-source.ts (depth 1),,,false,REDIRECT_IN_SERVER_COMPONENT|SEARCH_PARAMS_PROP|NEXT_HEADERS_TRANSITIVE,NEXT_HEADERS_TRANSITIVE,src/app/layout.tsx,,REDIRECT_IN_SERVER_COMPONENT|SEARCH_PARAMS_PROP|NEXT_HEADERS_TRANSITIVE,false
projexa,page,/schedule,src/app/(app)/schedule/page.tsx,200,,,false,true,false,false,false,,0,false,0,,,,,,false,false,false,true,,,,/schedule/gantt?projectId=${encodeURIComponent(projectId)},false,false,src/lib/module-list-source.ts (depth 1),,,false,SEARCH_PARAMS_PROP|NEXT_HEADERS_TRANSITIVE,NEXT_HEADERS_TRANSITIVE,src/app/layout.tsx,,SEARCH_PARAMS_PROP|NEXT_HEADERS_TRANSITIVE,false
projexa,page,/schedule/sprints/new,src/app/(app)/schedule/sprints/new/page.tsx,39,,,false,true,false,false,false,,0,false,0,,,,,,false,false,false,true,,,,,false,false,src/lib/project-selection.ts (depth 1),,,false,SEARCH_PARAMS_PROP|NEXT_HEADERS_TRANSITIVE,NEXT_HEADERS_TRANSITIVE,src/app/layout.tsx,,SEARCH_PARAMS_PROP|NEXT_HEADERS_TRANSITIVE,false
projexa,page,/schedule/tasks/[id],src/app/(app)/schedule/tasks/[id]/page.tsx,32,[id],,false,false,false,false,false,,0,false,0,,,,,,false,false,false,true,,,,,false,false,,,,false,DYNAMIC_SEGMENT_NO_GSP|SEARCH_PARAMS_PROP,NEXT_HEADERS_TRANSITIVE,src/app/layout.tsx,,DYNAMIC_SEGMENT_NO_GSP|SEARCH_PARAMS_PROP|NEXT_HEADERS_TRANSITIVE,false
projexa,page,/schedule/tasks/new,src/app/(app)/schedule/tasks/new/page.tsx,53,,,false,true,false,false,false,,0,false,0,,,,,,false,false,false,true,,,,,false,false,src/lib/module-list-source.ts (depth 1),,,false,SEARCH_PARAMS_PROP|NEXT_HEADERS_TRANSITIVE,NEXT_HEADERS_TRANSITIVE,src/app/layout.tsx,,SEARCH_PARAMS_PROP|NEXT_HEADERS_TRANSITIVE,false
projexa,page,/scope/[id]/compare,src/app/(app)/scope/[id]/compare/page.tsx,22,[id],,false,false,false,false,false,,0,false,0,,,,,,false,false,false,false,,,,,false,false,src/lib/module-list-source.ts (depth 1),,,false,DYNAMIC_SEGMENT_NO_GSP|NEXT_HEADERS_TRANSITIVE,NEXT_HEADERS_TRANSITIVE,src/app/layout.tsx,,DYNAMIC_SEGMENT_NO_GSP|NEXT_HEADERS_TRANSITIVE,false
projexa,page,/scope/[id],src/app/(app)/scope/[id]/page.tsx,29,[id],,false,false,false,false,false,,0,false,0,,,,,,false,false,false,true,,,,,false,false,,,,false,DYNAMIC_SEGMENT_NO_GSP|SEARCH_PARAMS_PROP,NEXT_HEADERS_TRANSITIVE,src/app/layout.tsx,,DYNAMIC_SEGMENT_NO_GSP|SEARCH_PARAMS_PROP|NEXT_HEADERS_TRANSITIVE,false
projexa,page,/scope/[id]/revise,src/app/(app)/scope/[id]/revise/page.tsx,14,[id],,false,false,false,false,false,,0,false,0,,,,,,false,false,false,false,,,,,false,false,,,,false,DYNAMIC_SEGMENT_NO_GSP,NEXT_HEADERS_TRANSITIVE,src/app/layout.tsx,,DYNAMIC_SEGMENT_NO_GSP|NEXT_HEADERS_TRANSITIVE,false
projexa,page,/scope/import,src/app/(app)/scope/import/page.tsx,39,,,false,true,false,false,false,,0,false,0,,,,,,false,false,false,true,,,,,false,false,src/lib/project-selection.ts (depth 1),,,false,SEARCH_PARAMS_PROP|NEXT_HEADERS_TRANSITIVE,NEXT_HEADERS_TRANSITIVE,src/app/layout.tsx,,SEARCH_PARAMS_PROP|NEXT_HEADERS_TRANSITIVE,false
projexa,page,/scope/new,src/app/(app)/scope/new/page.tsx,53,,,false,true,false,false,false,,0,false,0,,,,,,false,false,false,true,,,,,false,false,src/lib/module-list-source.ts (depth 1),,,false,SEARCH_PARAMS_PROP|NEXT_HEADERS_TRANSITIVE,NEXT_HEADERS_TRANSITIVE,src/app/layout.tsx,,SEARCH_PARAMS_PROP|NEXT_HEADERS_TRANSITIVE,false
projexa,page,/scope,src/app/(app)/scope/page.tsx,182,,,false,true,false,false,false,,0,false,0,,,,,,false,false,false,true,,,,,false,false,src/lib/module-list-source.ts (depth 1),,,false,SEARCH_PARAMS_PROP|NEXT_HEADERS_TRANSITIVE,NEXT_HEADERS_TRANSITIVE,src/app/layout.tsx,,SEARCH_PARAMS_PROP|NEXT_HEADERS_TRANSITIVE,false
projexa,page,/settings,src/app/(app)/settings/page.tsx,66,,,false,true,false,false,false,,0,false,0,,,,,,false,false,false,false,,,,,false,false,src/lib/supabase/server.ts (depth 2),,,false,NEXT_HEADERS_TRANSITIVE,NEXT_HEADERS_TRANSITIVE,src/app/layout.tsx,,NEXT_HEADERS_TRANSITIVE,false
projexa,page,/site-diary/[id],src/app/(app)/site-diary/[id]/page.tsx,11,[id],,false,false,false,false,false,,0,false,0,,,,,,false,false,false,false,,,,,false,false,,,,false,DYNAMIC_SEGMENT_NO_GSP,NEXT_HEADERS_TRANSITIVE,src/app/layout.tsx,,DYNAMIC_SEGMENT_NO_GSP|NEXT_HEADERS_TRANSITIVE,false
projexa,page,/site-diary/new,src/app/(app)/site-diary/new/page.tsx,37,,,false,true,false,false,false,,0,false,0,,,,,,false,false,false,true,,,,,false,false,src/lib/project-selection.ts (depth 1),,,false,SEARCH_PARAMS_PROP|NEXT_HEADERS_TRANSITIVE,NEXT_HEADERS_TRANSITIVE,src/app/layout.tsx,,SEARCH_PARAMS_PROP|NEXT_HEADERS_TRANSITIVE,false
projexa,page,/site-diary,src/app/(app)/site-diary/page.tsx,59,,,false,true,false,false,false,,0,false,0,,,,,,false,false,false,true,,,,,false,false,src/lib/project-selection.ts (depth 1),,,false,SEARCH_PARAMS_PROP|NEXT_HEADERS_TRANSITIVE,NEXT_HEADERS_TRANSITIVE,src/app/layout.tsx,,SEARCH_PARAMS_PROP|NEXT_HEADERS_TRANSITIVE,false
projexa,page,/submittals/[id],src/app/(app)/submittals/[id]/page.tsx,11,[id],,false,false,false,false,false,,0,false,0,,,,,,false,false,false,false,,,,,false,false,,,,false,DYNAMIC_SEGMENT_NO_GSP,NEXT_HEADERS_TRANSITIVE,src/app/layout.tsx,,DYNAMIC_SEGMENT_NO_GSP|NEXT_HEADERS_TRANSITIVE,false
projexa,page,/submittals/new,src/app/(app)/submittals/new/page.tsx,37,,,false,true,false,false,false,,0,false,0,,,,,,false,false,false,true,,,,,false,false,src/lib/project-selection.ts (depth 1),,,false,SEARCH_PARAMS_PROP|NEXT_HEADERS_TRANSITIVE,NEXT_HEADERS_TRANSITIVE,src/app/layout.tsx,,SEARCH_PARAMS_PROP|NEXT_HEADERS_TRANSITIVE,false
projexa,page,/submittals,src/app/(app)/submittals/page.tsx,24,,,false,true,false,false,false,,0,false,0,,,,,,false,false,false,true,,,,,false,false,src/lib/project-selection.ts (depth 1),,,false,SEARCH_PARAMS_PROP|NEXT_HEADERS_TRANSITIVE,NEXT_HEADERS_TRANSITIVE,src/app/layout.tsx,,SEARCH_PARAMS_PROP|NEXT_HEADERS_TRANSITIVE,false
projexa,page,/vendors/[id],src/app/(app)/vendors/[id]/page.tsx,11,[id],,false,false,false,false,false,,0,false,0,,,,,,false,false,false,false,,,,,false,false,,,,false,DYNAMIC_SEGMENT_NO_GSP,NEXT_HEADERS_TRANSITIVE,src/app/layout.tsx,,DYNAMIC_SEGMENT_NO_GSP|NEXT_HEADERS_TRANSITIVE,false
projexa,page,/vendors/new,src/app/(app)/vendors/new/page.tsx,10,,,false,true,false,false,false,,0,false,0,,,,,,false,false,false,false,,,,,false,false,,,,false,,NEXT_HEADERS_TRANSITIVE,src/app/layout.tsx,,NEXT_HEADERS_TRANSITIVE,false
projexa,page,/vendors,src/app/(app)/vendors/page.tsx,14,,,false,true,false,false,false,,0,false,0,,,,,,false,false,false,false,,,,,false,false,,,,false,,NEXT_HEADERS_TRANSITIVE,src/app/layout.tsx,,NEXT_HEADERS_TRANSITIVE,false
projexa,page,/wiki/[id],src/app/(app)/wiki/[id]/page.tsx,11,[id],,false,false,false,false,false,,0,false,0,,,,,,false,false,false,false,,,,,false,false,,,,false,DYNAMIC_SEGMENT_NO_GSP,NEXT_HEADERS_TRANSITIVE,src/app/layout.tsx,,DYNAMIC_SEGMENT_NO_GSP|NEXT_HEADERS_TRANSITIVE,false
projexa,page,/wiki/new,src/app/(app)/wiki/new/page.tsx,37,,,false,true,false,false,false,,0,false,0,,,,,,false,false,false,true,,,,,false,false,src/lib/project-selection.ts (depth 1),,,false,SEARCH_PARAMS_PROP|NEXT_HEADERS_TRANSITIVE,NEXT_HEADERS_TRANSITIVE,src/app/layout.tsx,,SEARCH_PARAMS_PROP|NEXT_HEADERS_TRANSITIVE,false
projexa,page,/wiki,src/app/(app)/wiki/page.tsx,29,,,false,true,false,false,false,,0,false,0,,,,,,false,false,false,true,,,,,false,false,src/lib/project-selection.ts (depth 1),,,false,SEARCH_PARAMS_PROP|NEXT_HEADERS_TRANSITIVE,NEXT_HEADERS_TRANSITIVE,src/app/layout.tsx,,SEARCH_PARAMS_PROP|NEXT_HEADERS_TRANSITIVE,false
projexa,page,/work-progress/[id],src/app/(app)/work-progress/[id]/page.tsx,49,[id],,false,false,false,false,false,,0,false,0,,,,,,false,false,false,true,,,,,false,false,,,,false,DYNAMIC_SEGMENT_NO_GSP|SEARCH_PARAMS_PROP,NEXT_HEADERS_TRANSITIVE,src/app/layout.tsx,,DYNAMIC_SEGMENT_NO_GSP|SEARCH_PARAMS_PROP|NEXT_HEADERS_TRANSITIVE,false
projexa,page,/work-progress,src/app/(app)/work-progress/page.tsx,146,,,false,true,false,false,false,,0,false,0,,,,,,false,false,false,true,,,,,false,false,src/lib/module-list-source.ts (depth 1),,,false,SEARCH_PARAMS_PROP|NEXT_HEADERS_TRANSITIVE,NEXT_HEADERS_TRANSITIVE,src/app/layout.tsx,,SEARCH_PARAMS_PROP|NEXT_HEADERS_TRANSITIVE,false
projexa,page,/workspace/[id],src/app/(app)/workspace/[id]/page.tsx,61,[id],,false,false,false,false,false,,0,false,0,,,,,,false,false,false,false,,,,,false,false,src/lib/project-selection.ts (depth 1),,,false,DYNAMIC_SEGMENT_NO_GSP|NEXT_HEADERS_TRANSITIVE,NEXT_HEADERS_TRANSITIVE,src/app/layout.tsx,,DYNAMIC_SEGMENT_NO_GSP|NEXT_HEADERS_TRANSITIVE,false
projexa,route,/api/access-review/certifications/[id],src/app/api/access-review/certifications/[id]/route.ts,21,[id],,false,false,false,false,false,,0,false,0,,,,,,false,false,false,false,PATCH,request.json,,/access-review/certifications/${id},false,false,,,,false,DYNAMIC_SEGMENT_NO_GSP|NON_GET_METHOD|READS_REQUEST|NOT_FORCE_STATIC,,,,DYNAMIC_SEGMENT_NO_GSP|NON_GET_METHOD|READS_REQUEST|NOT_FORCE_STATIC,false
projexa,route,/api/access-review,src/app/api/access-review/route.ts,31,,,false,true,false,false,false,,0,false,0,,,,,,false,false,false,false,GET|POST,request.nextUrl|request.json,,/access-review${request.nextUrl.search}|/access-review,false,false,,,,false,NON_GET_METHOD|READS_REQUEST|NOT_FORCE_STATIC,,,,NON_GET_METHOD|READS_REQUEST|NOT_FORCE_STATIC,false
projexa,route,/api/accounts,src/app/api/accounts/route.ts,19,,,false,true,false,false,false,,0,false,0,,,,,,false,false,false,false,GET,,,/accounts,false,false,,,,false,NOT_FORCE_STATIC,,,,NOT_FORCE_STATIC,false
projexa,route,/api/ai/[token],src/app/api/ai/[token]/route.ts,157,[token],,false,false,false,false,false,,0,false,0,,,,,,false,false,false,false,GET,"NextRequest (typed, no member read detected)",,/tasks?limit=20,false,false,,,,false,DYNAMIC_SEGMENT_NO_GSP|NOT_FORCE_STATIC,,,,DYNAMIC_SEGMENT_NO_GSP|NOT_FORCE_STATIC,false
projexa,route,/api/ai/apply,src/app/api/ai/apply/route.ts,175,,,false,true,false,false,false,,0,false,0,,,,,,false,false,false,false,POST,request.json,,/tasks/${encodeURIComponent(targetKey)}|/tasks/${encodeURIComponent(taskId)},false,false,,,,false,NON_GET_METHOD|READS_REQUEST|NOT_FORCE_STATIC,,,,NON_GET_METHOD|READS_REQUEST|NOT_FORCE_STATIC,false
projexa,route,/api/ai-link,src/app/api/ai-link/route.ts,42,,,false,true,false,false,false,,0,false,0,,,,,,false,false,false,false,GET|POST,request.json,,,false,false,,,,false,NON_GET_METHOD|READS_REQUEST|NOT_FORCE_STATIC,,,,NON_GET_METHOD|READS_REQUEST|NOT_FORCE_STATIC,false
projexa,route,/api/ar-aging,src/app/api/ar-aging/route.ts,19,,,false,true,false,false,false,,0,false,0,,,,,,false,false,false,false,GET,request.nextUrl,,/ar-aging${request.nextUrl.search},false,false,,,,false,READS_REQUEST|NOT_FORCE_STATIC,,,,READS_REQUEST|NOT_FORCE_STATIC,false
projexa,route,/api/assistant,src/app/api/assistant/route.ts,104,,,false,true,false,false,false,,0,false,0,,,,,,false,false,false,false,GET|POST,request.json,,/assistant,false,false,,,,false,NON_GET_METHOD|READS_REQUEST|NOT_FORCE_STATIC,,,,NON_GET_METHOD|READS_REQUEST|NOT_FORCE_STATIC,false
projexa,route,/api/attendance/bulk,src/app/api/attendance/bulk/route.ts,27,,,false,true,false,false,false,,0,false,0,,,,,,false,false,false,false,POST,request.json,,/attendance/bulk,false,false,,,,false,NON_GET_METHOD|READS_REQUEST|NOT_FORCE_STATIC,,,,NON_GET_METHOD|READS_REQUEST|NOT_FORCE_STATIC,false
projexa,route,/api/attendance,src/app/api/attendance/route.ts,83,,,false,true,false,false,false,,0,false,0,,,,,,false,false,false,false,GET|POST,request.nextUrl|request.json,,/attendance?${params.toString()}|/attendance,false,false,,,,false,NON_GET_METHOD|READS_REQUEST|NOT_FORCE_STATIC,,,,NON_GET_METHOD|READS_REQUEST|NOT_FORCE_STATIC,false
projexa,route,/api/attendance/summary/pdf,src/app/api/attendance/summary/pdf/route.ts,40,,,false,true,false,false,false,,0,false,0,,,,,,false,false,false,false,GET,request.nextUrl,,/attendance/summary/pdf?${qs.toString()},false,false,,,,false,READS_REQUEST|NOT_FORCE_STATIC,,,,READS_REQUEST|NOT_FORCE_STATIC,false
projexa,route,/api/attendance/summary,src/app/api/attendance/summary/route.ts,62,,,false,true,false,false,false,,0,false,0,,,,,,false,false,false,false,GET,request.nextUrl,,/attendance/summary?${qs.toString()},false,false,,,,false,READS_REQUEST|NOT_FORCE_STATIC,,,,READS_REQUEST|NOT_FORCE_STATIC,false
projexa,route,/api/attendance/summary/share,src/app/api/attendance/summary/share/route.ts,36,,,false,true,false,false,false,,0,false,0,,,,,,false,false,false,false,POST,request.json|request.nextUrl,,/reports/share,false,false,,,,false,NON_GET_METHOD|READS_REQUEST|NOT_FORCE_STATIC,,,,NON_GET_METHOD|READS_REQUEST|NOT_FORCE_STATIC,false
projexa,route,/api/audit-engagements,src/app/api/audit-engagements/route.ts,32,,,false,true,false,false,false,,0,false,0,,,,,,false,false,false,false,GET|POST,request.json,,/audit-engagements,false,false,,,,false,NON_GET_METHOD|READS_REQUEST|NOT_FORCE_STATIC,,,,NON_GET_METHOD|READS_REQUEST|NOT_FORCE_STATIC,false
projexa,route,/api/audit-findings/[id],src/app/api/audit-findings/[id]/route.ts,20,[id],,false,false,false,false,false,,0,false,0,,,,,,false,false,false,false,PATCH,,,/audit-findings/${id},false,false,,,,false,DYNAMIC_SEGMENT_NO_GSP|NON_GET_METHOD|NOT_FORCE_STATIC,,,,DYNAMIC_SEGMENT_NO_GSP|NON_GET_METHOD|NOT_FORCE_STATIC,false
projexa,route,/api/audit-findings,src/app/api/audit-findings/route.ts,20,,,false,true,false,false,false,,0,false,0,,,,,,false,false,false,false,POST,request.json,,/audit-findings,false,false,,,,false,NON_GET_METHOD|READS_REQUEST|NOT_FORCE_STATIC,,,,NON_GET_METHOD|READS_REQUEST|NOT_FORCE_STATIC,false
projexa,route,/api/balance-sheet,src/app/api/balance-sheet/route.ts,18,,,false,true,false,false,false,,0,false,0,,,,,,false,false,false,false,GET,request.nextUrl,,/balance-sheet${request.nextUrl.search},false,false,,,,false,READS_REQUEST|NOT_FORCE_STATIC,,,,READS_REQUEST|NOT_FORCE_STATIC,false
projexa,route,/api/bank-reconciliation,src/app/api/bank-reconciliation/route.ts,19,,,false,true,false,false,false,,0,false,0,,,,,,false,false,false,false,GET,request.nextUrl,,/bank-reconciliation${request.nextUrl.search},false,false,,,,false,READS_REQUEST|NOT_FORCE_STATIC,,,,READS_REQUEST|NOT_FORCE_STATIC,false
projexa,route,/api/billing-claims/[id],src/app/api/billing-claims/[id]/route.ts,60,[id],,false,false,false,false,false,,0,false,0,,,,,,false,false,false,false,GET|PATCH,request.json,,/billing-claims/${encodeURIComponent(id)},false,false,,,,false,DYNAMIC_SEGMENT_NO_GSP|NON_GET_METHOD|READS_REQUEST|NOT_FORCE_STATIC,,,,DYNAMIC_SEGMENT_NO_GSP|NON_GET_METHOD|READS_REQUEST|NOT_FORCE_STATIC,false
projexa,route,/api/billing-claims,src/app/api/billing-claims/route.ts,52,,,false,true,false,false,false,,0,false,0,,,,,,false,false,false,false,GET|POST,request.nextUrl|request.json,,/billing-claims?${params.toString()}|/billing-claims,false,false,,,,false,NON_GET_METHOD|READS_REQUEST|NOT_FORCE_STATIC,,,,NON_GET_METHOD|READS_REQUEST|NOT_FORCE_STATIC,false
projexa,route,/api/board,src/app/api/board/route.ts,31,,,false,true,false,false,false,,0,false,0,,,,,,false,false,false,false,GET|PATCH,request.nextUrl|request.json,,/board?projectId=${encodeURIComponent(projectId)}|/board,false,false,,,,false,NON_GET_METHOD|READS_REQUEST|NOT_FORCE_STATIC,,,,NON_GET_METHOD|READS_REQUEST|NOT_FORCE_STATIC,false
projexa,route,/api/capability-tree,src/app/api/capability-tree/route.ts,68,,,false,true,false,false,false,,0,false,0,force-dynamic,,,,,false,false,false,false,GET,request.headers,,/capability-tree,false,false,,,,false,FORCE_DYNAMIC|READS_REQUEST|NOT_FORCE_STATIC,,,,FORCE_DYNAMIC|READS_REQUEST|NOT_FORCE_STATIC,false
projexa,route,/api/chain-options,src/app/api/chain-options/route.ts,110,,,false,true,false,false,false,,0,false,0,force-dynamic,,,,,false,false,false,false,GET,req.url|new URL(req.url),,/construction/labour-roster?projectId=${encodeURIComponent(source.projectId)}|/scope?projectId=${encodeURIComponent(source.projectId)},false,false,,,,false,FORCE_DYNAMIC|READS_REQUEST|NOT_FORCE_STATIC,,,,FORCE_DYNAMIC|READS_REQUEST|NOT_FORCE_STATIC,false
projexa,route,/api/change-orders/[id],src/app/api/change-orders/[id]/route.ts,52,[id],,false,false,false,false,false,,0,false,0,,,,,,false,false,false,false,GET|PATCH,request.json,,/change-orders/${encodeURIComponent(id)},false,false,,,,false,DYNAMIC_SEGMENT_NO_GSP|NON_GET_METHOD|READS_REQUEST|NOT_FORCE_STATIC,,,,DYNAMIC_SEGMENT_NO_GSP|NON_GET_METHOD|READS_REQUEST|NOT_FORCE_STATIC,false
projexa,route,/api/change-orders/[id]/signature-status,src/app/api/change-orders/[id]/signature-status/route.ts,24,[id],,false,false,false,false,false,,0,false,0,,,,,,false,false,false,false,GET,"NextRequest (typed, no member read detected)",,/change-orders/${encodeURIComponent(id)}/signature-status,false,false,,,,false,DYNAMIC_SEGMENT_NO_GSP|NOT_FORCE_STATIC,,,,DYNAMIC_SEGMENT_NO_GSP|NOT_FORCE_STATIC,false
projexa,route,/api/change-orders,src/app/api/change-orders/route.ts,33,,,false,true,false,false,false,,0,false,0,,,,,,false,false,false,false,GET|POST,request.nextUrl|request.json,,/change-orders?projectId=${encodeURIComponent(projectId)}|/change-orders,false,false,,,,false,NON_GET_METHOD|READS_REQUEST|NOT_FORCE_STATIC,,,,NON_GET_METHOD|READS_REQUEST|NOT_FORCE_STATIC,false
projexa,route,/api/classify,src/app/api/classify/route.ts,61,,,false,true,false,false,false,,0,false,0,force-dynamic,,,,,false,false,false,false,POST,req.json,,/classify,false,false,,,,false,FORCE_DYNAMIC|NON_GET_METHOD|READS_REQUEST|NOT_FORCE_STATIC,,,,FORCE_DYNAMIC|NON_GET_METHOD|READS_REQUEST|NOT_FORCE_STATIC,false
projexa,route,/api/companies,src/app/api/companies/route.ts,33,,,false,true,false,false,false,,0,false,0,,,,,,false,false,false,false,GET|POST,request.json,,/companies,false,false,,,,false,NON_GET_METHOD|READS_REQUEST|NOT_FORCE_STATIC,,,,NON_GET_METHOD|READS_REQUEST|NOT_FORCE_STATIC,false
projexa,route,/api/compliance-register,src/app/api/compliance-register/route.ts,31,,,false,true,false,false,false,,0,false,0,,,,,,false,false,false,false,GET|POST,request.nextUrl|request.json,,/compliance-register${request.nextUrl.search}|/compliance-register,false,false,,,,false,NON_GET_METHOD|READS_REQUEST|NOT_FORCE_STATIC,,,,NON_GET_METHOD|READS_REQUEST|NOT_FORCE_STATIC,false
projexa,route,/api/construction-budget/lines,src/app/api/construction-budget/lines/route.ts,18,,,false,true,false,false,false,,0,false,0,,,,,,false,false,false,false,POST,request.json,,/construction/budget/lines,false,false,,,,false,NON_GET_METHOD|READS_REQUEST|NOT_FORCE_STATIC,,,,NON_GET_METHOD|READS_REQUEST|NOT_FORCE_STATIC,false
projexa,route,/api/construction-materials/cost-report/export,src/app/api/construction-materials/cost-report/export/route.ts,62,,,false,true,false,false,false,,0,false,0,,,,,,false,false,false,false,GET,request.nextUrl,,/construction/materials/cost-report/export?${upstream.toString()},false,false,,,,false,READS_REQUEST|NOT_FORCE_STATIC,,,,READS_REQUEST|NOT_FORCE_STATIC,false
projexa,route,/api/construction-materials/cost-report,src/app/api/construction-materials/cost-report/route.ts,47,,,false,true,false,false,false,,0,false,0,,,,,,false,false,false,false,GET,request.nextUrl,,/construction/materials/cost-report?${search.toString()},false,false,,,,false,READS_REQUEST|NOT_FORCE_STATIC,,,,READS_REQUEST|NOT_FORCE_STATIC,false
projexa,route,/api/contact,src/app/api/contact/route.ts,22,,,false,true,false,false,false,,0,false,0,,,,,,false,false,false,false,POST,request.json,,,false,false,,,,false,NON_GET_METHOD|READS_REQUEST|NOT_FORCE_STATIC,,,,NON_GET_METHOD|READS_REQUEST|NOT_FORCE_STATIC,false
projexa,route,/api/conversations/[id]/messages,src/app/api/conversations/[id]/messages/route.ts,43,[id],,false,false,false,false,false,,0,false,0,,,,,,false,false,false,false,GET|POST,request.json,,,false,false,,,,false,DYNAMIC_SEGMENT_NO_GSP|NON_GET_METHOD|READS_REQUEST|NOT_FORCE_STATIC,,,,DYNAMIC_SEGMENT_NO_GSP|NON_GET_METHOD|READS_REQUEST|NOT_FORCE_STATIC,false
projexa,route,/api/conversations,src/app/api/conversations/route.ts,59,,,false,true,false,false,false,,0,false,0,,,,,,false,false,false,false,GET|POST,request.json,,,false,false,,,,false,NON_GET_METHOD|READS_REQUEST|NOT_FORCE_STATIC,,,,NON_GET_METHOD|READS_REQUEST|NOT_FORCE_STATIC,false
projexa,route,/api/cost-centers,src/app/api/cost-centers/route.ts,27,,,false,true,false,false,false,,0,false,0,,,,,,false,false,false,false,GET,,,,false,false,,,,false,NOT_FORCE_STATIC,,,,NOT_FORCE_STATIC,false
projexa,route,/api/credit-notes/[id],src/app/api/credit-notes/[id]/route.ts,20,[id],,false,false,false,false,false,,0,false,0,,,,,,false,false,false,false,GET,,,/credit-notes/${id},false,false,,,,false,DYNAMIC_SEGMENT_NO_GSP|NOT_FORCE_STATIC,,,,DYNAMIC_SEGMENT_NO_GSP|NOT_FORCE_STATIC,false
projexa,route,/api/credit-notes/[id]/submit,src/app/api/credit-notes/[id]/submit/route.ts,20,[id],,false,false,false,false,false,,0,false,0,,,,,,false,false,false,false,POST,,,/credit-notes/${id}/submit,false,false,,,,false,DYNAMIC_SEGMENT_NO_GSP|NON_GET_METHOD|NOT_FORCE_STATIC,,,,DYNAMIC_SEGMENT_NO_GSP|NON_GET_METHOD|NOT_FORCE_STATIC,false
projexa,route,/api/credit-notes,src/app/api/credit-notes/route.ts,31,,,false,true,false,false,false,,0,false,0,,,,,,false,false,false,false,GET|POST,request.json,,/credit-notes,false,false,,,,false,NON_GET_METHOD|READS_REQUEST|NOT_FORCE_STATIC,,,,NON_GET_METHOD|READS_REQUEST|NOT_FORCE_STATIC,false
projexa,route,/api/currencies,src/app/api/currencies/route.ts,33,,,false,true,false,false,false,,0,false,0,,,,,,false,false,false,false,GET,,,,false,false,,,,false,NOT_FORCE_STATIC,,,,NOT_FORCE_STATIC,false
projexa,route,/api/customers/[id]/overview,src/app/api/customers/[id]/overview/route.ts,20,[id],,false,false,false,false,false,,0,false,0,,,,,,false,false,false,false,GET,"NextRequest (typed, no member read detected)",,/customers/${id}/overview,false,false,,,,false,DYNAMIC_SEGMENT_NO_GSP|NOT_FORCE_STATIC,,,,DYNAMIC_SEGMENT_NO_GSP|NOT_FORCE_STATIC,false
projexa,route,/api/customers/[id],src/app/api/customers/[id]/route.ts,109,[id],,false,false,false,false,false,,0,false,0,,,,,,false,false,false,false,GET|PATCH|DELETE,request.json,,/customers/${encodeURIComponent(id)},false,false,,,,false,DYNAMIC_SEGMENT_NO_GSP|NON_GET_METHOD|READS_REQUEST|NOT_FORCE_STATIC,,,,DYNAMIC_SEGMENT_NO_GSP|NON_GET_METHOD|READS_REQUEST|NOT_FORCE_STATIC,false
projexa,route,/api/customers,src/app/api/customers/route.ts,37,,,false,true,false,false,false,,0,false,0,,,,,,false,false,false,false,GET|POST,request.nextUrl|request.json,,/customers${qs}|/customers,false,false,,,,false,NON_GET_METHOD|READS_REQUEST|NOT_FORCE_STATIC,,,,NON_GET_METHOD|READS_REQUEST|NOT_FORCE_STATIC,false
projexa,route,/api/dashboard/project/[projectId],src/app/api/dashboard/project/[projectId]/route.ts,41,[projectId],,false,false,false,false,false,,0,false,0,,,,,,false,false,false,false,GET,"NextRequest (typed, no member read detected)",,/dashboard/${encodeURIComponent(projectId)},false,false,,,,false,DYNAMIC_SEGMENT_NO_GSP|NOT_FORCE_STATIC,,,,DYNAMIC_SEGMENT_NO_GSP|NOT_FORCE_STATIC,false
projexa,route,/api/dashboard-hierarchy/companies/[companyId]/dashboard,src/app/api/dashboard-hierarchy/companies/[companyId]/dashboard/route.ts,80,[companyId],,false,false,false,false,false,,0,false,0,,,,,,false,false,false,false,GET,request.nextUrl,,,false,false,,,,false,DYNAMIC_SEGMENT_NO_GSP|READS_REQUEST|NOT_FORCE_STATIC,,,,DYNAMIC_SEGMENT_NO_GSP|READS_REQUEST|NOT_FORCE_STATIC,false
projexa,route,/api/dashboard-hierarchy/companies/[companyId]/departments,src/app/api/dashboard-hierarchy/companies/[companyId]/departments/route.ts,23,[companyId],,false,false,false,false,false,,0,false,0,,,,,,false,false,false,false,GET,,,/hr/departments,false,false,,,,false,DYNAMIC_SEGMENT_NO_GSP|NOT_FORCE_STATIC,,,,DYNAMIC_SEGMENT_NO_GSP|NOT_FORCE_STATIC,false
projexa,route,/api/dashboard-hierarchy/companies/[companyId]/projects/[projectId]/category-distribution,src/app/api/dashboard-hierarchy/companies/[companyId]/projects/[projectId]/category-distribution/route.ts,51,[companyId]|[projectId],,false,false,false,false,false,,0,false,0,,,,,,false,false,false,false,GET,,,/reports/category-boq-amounts?format=legacy&projectId=${encodeURIComponent(projectId)}|/reports/category-progress?format=legacy&projectId=${encodeURIComponent(projectId)},false,false,,,,false,DYNAMIC_SEGMENT_NO_GSP|NOT_FORCE_STATIC,,,,DYNAMIC_SEGMENT_NO_GSP|NOT_FORCE_STATIC,false
projexa,route,/api/dashboard-hierarchy/companies/[companyId]/projects/[projectId],src/app/api/dashboard-hierarchy/companies/[companyId]/projects/[projectId]/route.ts,132,[companyId]|[projectId],,false,false,false,false,false,,0,false,0,,,,,,false,false,false,false,GET,request.nextUrl,,/sales-invoices?${qs.toString()}|/expenses?projectId=${encodeURIComponent(projectId)}|/work-progress?projectId=${encodeURIComponent(projectId)}|/dashboard/${encodeURIComponent(projectId)},false,false,,,,false,DYNAMIC_SEGMENT_NO_GSP|READS_REQUEST|NOT_FORCE_STATIC,,,,DYNAMIC_SEGMENT_NO_GSP|READS_REQUEST|NOT_FORCE_STATIC,false
projexa,route,/api/dashboard-hierarchy/companies,src/app/api/dashboard-hierarchy/companies/route.ts,61,,,false,true,false,false,false,,0,false,0,,,,,,false,false,false,false,GET,,,,false,false,,,,false,NOT_FORCE_STATIC,,,,NOT_FORCE_STATIC,false
projexa,route,/api/design-materials,src/app/api/design-materials/route.ts,30,,,false,true,false,false,false,,0,false,0,,,,,,false,false,false,false,GET|POST,request.nextUrl|request.json,,/design-materials${category ? `?category=${encodeURIComponent(category)}|/design-materials,false,false,,,,false,NON_GET_METHOD|READS_REQUEST|NOT_FORCE_STATIC,,,,NON_GET_METHOD|READS_REQUEST|NOT_FORCE_STATIC,false
projexa,route,/api/discuss,src/app/api/discuss/route.ts,26,,,false,true,false,false,false,,0,false,0,,,,,,false,false,false,false,POST,request.json,,/discuss,false,false,,,,false,NON_GET_METHOD|READS_REQUEST|NOT_FORCE_STATIC,,,,NON_GET_METHOD|READS_REQUEST|NOT_FORCE_STATIC,false
projexa,route,/api/documents/[id]/dispose,src/app/api/documents/[id]/dispose/route.ts,18,[id],,false,false,false,false,false,,0,false,0,,,,,,false,false,false,false,POST,,,/documents/${encodeURIComponent(id)}/dispose,false,false,,,,false,DYNAMIC_SEGMENT_NO_GSP|NON_GET_METHOD|NOT_FORCE_STATIC,,,,DYNAMIC_SEGMENT_NO_GSP|NON_GET_METHOD|NOT_FORCE_STATIC,false
projexa,route,/api/documents/[id],src/app/api/documents/[id]/route.ts,46,[id],,false,false,false,false,false,,0,false,0,,,,,,false,false,false,false,GET|PATCH,request.json,,/documents/${encodeURIComponent(id)},false,false,,,,false,DYNAMIC_SEGMENT_NO_GSP|NON_GET_METHOD|READS_REQUEST|NOT_FORCE_STATIC,,,,DYNAMIC_SEGMENT_NO_GSP|NON_GET_METHOD|READS_REQUEST|NOT_FORCE_STATIC,false
projexa,route,/api/documents/[id]/versions,src/app/api/documents/[id]/versions/route.ts,30,[id],,false,false,false,false,false,,0,false,0,,,,,,false,false,false,false,POST,request.formData,,/documents/${encodeURIComponent(id)}/versions,false,false,,,,false,DYNAMIC_SEGMENT_NO_GSP|NON_GET_METHOD|READS_REQUEST|NOT_FORCE_STATIC,,,,DYNAMIC_SEGMENT_NO_GSP|NON_GET_METHOD|READS_REQUEST|NOT_FORCE_STATIC,false
projexa,route,/api/documents,src/app/api/documents/route.ts,62,,,false,true,false,false,false,,0,false,0,,,,,,false,false,false,false,GET|POST,request.nextUrl|request.formData,,/documents?${params.toString()}|/documents,false,false,,,,false,NON_GET_METHOD|READS_REQUEST|NOT_FORCE_STATIC,,,,NON_GET_METHOD|READS_REQUEST|NOT_FORCE_STATIC,false
projexa,route,/api/drawings/[id]/document-url,src/app/api/drawings/[id]/document-url/route.ts,32,[id],,false,false,false,false,false,,0,false,0,,,,,,false,false,false,false,GET,,,/drawings/${encodeURIComponent(id)}/document-url,false,false,,,,false,DYNAMIC_SEGMENT_NO_GSP|NOT_FORCE_STATIC,,,,DYNAMIC_SEGMENT_NO_GSP|NOT_FORCE_STATIC,false
projexa,route,/api/drawings/[id],src/app/api/drawings/[id]/route.ts,65,[id],,false,false,false,false,false,,0,false,0,,,,,,false,false,false,false,GET|PATCH|DELETE,request.json,,/drawings/${encodeURIComponent(id)},false,false,,,,false,DYNAMIC_SEGMENT_NO_GSP|NON_GET_METHOD|READS_REQUEST|NOT_FORCE_STATIC,,,,DYNAMIC_SEGMENT_NO_GSP|NON_GET_METHOD|READS_REQUEST|NOT_FORCE_STATIC,false
projexa,route,/api/drawings/export,src/app/api/drawings/export/route.ts,54,,,false,true,false,false,false,,0,false,0,,,,,,false,false,false,false,GET,request.nextUrl,,/drawings/export?${forward.toString()},false,false,,,,false,READS_REQUEST|NOT_FORCE_STATIC,,,,READS_REQUEST|NOT_FORCE_STATIC,false
projexa,route,/api/drawings,src/app/api/drawings/route.ts,60,,,false,true,false,false,false,,0,false,0,,,,,,false,false,false,false,GET|POST,request.nextUrl|request.formData,,/drawings?${forward.toString()}|/drawings,false,false,,,,false,NON_GET_METHOD|READS_REQUEST|NOT_FORCE_STATIC,,,,NON_GET_METHOD|READS_REQUEST|NOT_FORCE_STATIC,false
projexa,route,/api/email/[token],src/app/api/email/[token]/route.ts,94,[token],,false,false,false,false,false,,0,false,0,,,,,,false,false,false,false,GET|POST,"NextRequest (typed, no member read detected)",,,false,false,,,,false,DYNAMIC_SEGMENT_NO_GSP|NON_GET_METHOD|NOT_FORCE_STATIC,,,,DYNAMIC_SEGMENT_NO_GSP|NON_GET_METHOD|NOT_FORCE_STATIC,false
projexa,route,/api/email/inbound,src/app/api/email/inbound/route.ts,166,,,false,true,false,false,false,,0,false,0,,,,,,false,false,false,false,POST,request.headers|request.json|request passed to helper,,,false,false,,,,false,NON_GET_METHOD|READS_REQUEST|NOT_FORCE_STATIC,,,,NON_GET_METHOD|READS_REQUEST|NOT_FORCE_STATIC,false
projexa,route,/api/email/send-digest,src/app/api/email/send-digest/route.ts,28,,,false,true,false,false,false,,0,false,0,,,,,,false,false,false,false,POST,,,,false,false,,,,false,NON_GET_METHOD|NOT_FORCE_STATIC,,,,NON_GET_METHOD|NOT_FORCE_STATIC,false
projexa,route,/api/employees/[id],src/app/api/employees/[id]/route.ts,33,[id],,false,false,false,false,false,,0,false,0,,,,,,false,false,false,false,GET|PATCH,request.json,,/employees/${encodeURIComponent(id)},false,false,,,,false,DYNAMIC_SEGMENT_NO_GSP|NON_GET_METHOD|READS_REQUEST|NOT_FORCE_STATIC,,,,DYNAMIC_SEGMENT_NO_GSP|NON_GET_METHOD|READS_REQUEST|NOT_FORCE_STATIC,false
projexa,route,/api/employees,src/app/api/employees/route.ts,30,,,false,true,false,false,false,,0,false,0,,,,,,false,false,false,false,GET|POST,request.nextUrl|request.json,,/employees${qs}|/employees,false,false,,,,false,NON_GET_METHOD|READS_REQUEST|NOT_FORCE_STATIC,,,,NON_GET_METHOD|READS_REQUEST|NOT_FORCE_STATIC,false
projexa,route,/api/exceptions,src/app/api/exceptions/route.ts,49,,,false,true,false,false,false,,0,false,0,,,,,,false,false,false,false,GET,request.nextUrl,,/exceptions?projectId=${encodeURIComponent(projectId)},false,false,,,,false,READS_REQUEST|NOT_FORCE_STATIC,,,,READS_REQUEST|NOT_FORCE_STATIC,false
projexa,route,/api/expenses,src/app/api/expenses/route.ts,31,,,false,true,false,false,false,,0,false,0,,,,,,false,false,false,false,GET|POST,request.nextUrl|request.json,,/expenses?projectId=${encodeURIComponent(projectId)}|/expenses,false,false,,,,false,NON_GET_METHOD|READS_REQUEST|NOT_FORCE_STATIC,,,,NON_GET_METHOD|READS_REQUEST|NOT_FORCE_STATIC,false
projexa,route,/api/ffe/[id],src/app/api/ffe/[id]/route.ts,35,[id],,false,false,false,false,false,,0,false,0,,,,,,false,false,false,false,GET|PATCH,request.json,,/ffe/${encodeURIComponent(id)},false,false,,,,false,DYNAMIC_SEGMENT_NO_GSP|NON_GET_METHOD|READS_REQUEST|NOT_FORCE_STATIC,,,,DYNAMIC_SEGMENT_NO_GSP|NON_GET_METHOD|READS_REQUEST|NOT_FORCE_STATIC,false
projexa,route,/api/ffe/margin-summary,src/app/api/ffe/margin-summary/route.ts,19,,,false,true,false,false,false,,0,false,0,,,,,,false,false,false,false,GET,request.nextUrl,,/ffe/margin-summary?projectId=${encodeURIComponent(projectId)},false,false,,,,false,READS_REQUEST|NOT_FORCE_STATIC,,,,READS_REQUEST|NOT_FORCE_STATIC,false
projexa,route,/api/ffe,src/app/api/ffe/route.ts,31,,,false,true,false,false,false,,0,false,0,,,,,,false,false,false,false,GET|POST,request.nextUrl|request.json,,/ffe?projectId=${encodeURIComponent(projectId)}|/ffe,false,false,,,,false,NON_GET_METHOD|READS_REQUEST|NOT_FORCE_STATIC,,,,NON_GET_METHOD|READS_REQUEST|NOT_FORCE_STATIC,false
projexa,route,/api/finance-dashboard,src/app/api/finance-dashboard/route.ts,20,,,false,true,false,false,false,,0,false,0,,,,,,false,false,false,false,GET,,,/finance-dashboard,false,false,,,,false,NOT_FORCE_STATIC,,,,NOT_FORCE_STATIC,false
projexa,route,/api/fiscal-years,src/app/api/fiscal-years/route.ts,28,,,false,true,false,false,false,,0,false,0,,,,,,false,false,false,false,GET,,,,false,false,,,,false,NOT_FORCE_STATIC,,,,NOT_FORCE_STATIC,false
projexa,route,/api/floor-plans/[id]/placements/[placementId],src/app/api/floor-plans/[id]/placements/[placementId]/route.ts,33,[id]|[placementId],,false,false,false,false,false,,0,false,0,,,,,,false,false,false,false,PATCH|DELETE,request.json,,/floor-plans/${encodeURIComponent(id)}/placements/${encodeURIComponent(placementId)},false,false,,,,false,DYNAMIC_SEGMENT_NO_GSP|NON_GET_METHOD|READS_REQUEST|NOT_FORCE_STATIC,,,,DYNAMIC_SEGMENT_NO_GSP|NON_GET_METHOD|READS_REQUEST|NOT_FORCE_STATIC,false
projexa,route,/api/floor-plans/[id]/placements,src/app/api/floor-plans/[id]/placements/route.ts,21,[id],,false,false,false,false,false,,0,false,0,,,,,,false,false,false,false,POST,request.json,,/floor-plans/${encodeURIComponent(id)}/placements,false,false,,,,false,DYNAMIC_SEGMENT_NO_GSP|NON_GET_METHOD|READS_REQUEST|NOT_FORCE_STATIC,,,,DYNAMIC_SEGMENT_NO_GSP|NON_GET_METHOD|READS_REQUEST|NOT_FORCE_STATIC,false
projexa,route,/api/floor-plans/[id]/rooms/[roomId],src/app/api/floor-plans/[id]/rooms/[roomId]/route.ts,33,[id]|[roomId],,false,false,false,false,false,,0,false,0,,,,,,false,false,false,false,PATCH|DELETE,request.json,,/floor-plans/${encodeURIComponent(id)}/rooms/${encodeURIComponent(roomId)},false,false,,,,false,DYNAMIC_SEGMENT_NO_GSP|NON_GET_METHOD|READS_REQUEST|NOT_FORCE_STATIC,,,,DYNAMIC_SEGMENT_NO_GSP|NON_GET_METHOD|READS_REQUEST|NOT_FORCE_STATIC,false
projexa,route,/api/floor-plans/[id]/rooms,src/app/api/floor-plans/[id]/rooms/route.ts,21,[id],,false,false,false,false,false,,0,false,0,,,,,,false,false,false,false,POST,request.json,,/floor-plans/${encodeURIComponent(id)}/rooms,false,false,,,,false,DYNAMIC_SEGMENT_NO_GSP|NON_GET_METHOD|READS_REQUEST|NOT_FORCE_STATIC,,,,DYNAMIC_SEGMENT_NO_GSP|NON_GET_METHOD|READS_REQUEST|NOT_FORCE_STATIC,false
projexa,route,/api/floor-plans/[id],src/app/api/floor-plans/[id]/route.ts,33,[id],,false,false,false,false,false,,0,false,0,,,,,,false,false,false,false,GET|PATCH,request.json,,/floor-plans/${encodeURIComponent(id)},false,false,,,,false,DYNAMIC_SEGMENT_NO_GSP|NON_GET_METHOD|READS_REQUEST|NOT_FORCE_STATIC,,,,DYNAMIC_SEGMENT_NO_GSP|NON_GET_METHOD|READS_REQUEST|NOT_FORCE_STATIC,false
projexa,route,/api/floor-plans/[id]/scene,src/app/api/floor-plans/[id]/scene/route.ts,20,[id],,false,false,false,false,false,,0,false,0,,,,,,false,false,false,false,GET,"NextRequest (typed, no member read detected)",,/floor-plans/${encodeURIComponent(id)}/scene,false,false,,,,false,DYNAMIC_SEGMENT_NO_GSP|NOT_FORCE_STATIC,,,,DYNAMIC_SEGMENT_NO_GSP|NOT_FORCE_STATIC,false
projexa,route,/api/floor-plans,src/app/api/floor-plans/route.ts,31,,,false,true,false,false,false,,0,false,0,,,,,,false,false,false,false,GET|POST,request.nextUrl|request.json,,/floor-plans?projectId=${encodeURIComponent(projectId)}|/floor-plans,false,false,,,,false,NON_GET_METHOD|READS_REQUEST|NOT_FORCE_STATIC,,,,NON_GET_METHOD|READS_REQUEST|NOT_FORCE_STATIC,false
projexa,route,/api/fraud-cases/[id],src/app/api/fraud-cases/[id]/route.ts,39,[id],,false,false,false,false,false,,0,false,0,,,,,,false,false,false,false,GET|PATCH,request.json,,/fraud-cases/${id},false,false,,,,false,DYNAMIC_SEGMENT_NO_GSP|NON_GET_METHOD|READS_REQUEST|NOT_FORCE_STATIC,,,,DYNAMIC_SEGMENT_NO_GSP|NON_GET_METHOD|READS_REQUEST|NOT_FORCE_STATIC,false
projexa,route,/api/fraud-cases,src/app/api/fraud-cases/route.ts,32,,,false,true,false,false,false,,0,false,0,,,,,,false,false,false,false,GET|POST,request.json,,/fraud-cases,false,false,,,,false,NON_GET_METHOD|READS_REQUEST|NOT_FORCE_STATIC,,,,NON_GET_METHOD|READS_REQUEST|NOT_FORCE_STATIC,false
projexa,route,/api/grc-dashboard,src/app/api/grc-dashboard/route.ts,19,,,false,true,false,false,false,,0,false,0,,,,,,false,false,false,false,GET,,,/grc-dashboard,false,false,,,,false,NOT_FORCE_STATIC,,,,NOT_FORCE_STATIC,false
projexa,route,/api/hr/departments,src/app/api/hr/departments/route.ts,29,,,false,true,false,false,false,,0,false,0,,,,,,false,false,false,false,GET|POST,request.json,,/hr/departments,false,false,,,,false,NON_GET_METHOD|READS_REQUEST|NOT_FORCE_STATIC,,,,NON_GET_METHOD|READS_REQUEST|NOT_FORCE_STATIC,false
projexa,route,/api/hr/org-chart,src/app/api/hr/org-chart/route.ts,17,,,false,true,false,false,false,,0,false,0,,,,,,false,false,false,false,GET,,,/hr/org-chart,false,false,,,,false,NOT_FORCE_STATIC,,,,NOT_FORCE_STATIC,false
projexa,route,/api/integrations/google-sheets/disconnect,src/app/api/integrations/google-sheets/disconnect/route.ts,20,,,false,true,false,false,false,,0,false,0,,,,,,false,false,false,false,POST,,,,false,false,,,,false,NON_GET_METHOD|NOT_FORCE_STATIC,,,,NON_GET_METHOD|NOT_FORCE_STATIC,false
projexa,route,/api/integrations/google-sheets/refresh,src/app/api/integrations/google-sheets/refresh/route.ts,20,,,false,true,false,false,false,,0,false,0,,,,,,false,false,false,false,POST,,,,false,false,,,,false,NON_GET_METHOD|NOT_FORCE_STATIC,,,,NON_GET_METHOD|NOT_FORCE_STATIC,false
projexa,route,/api/integrations/google-sheets/setup,src/app/api/integrations/google-sheets/setup/route.ts,55,,,false,true,false,false,false,,0,false,0,,,,,,false,false,false,false,POST,,,,false,false,,,,false,NON_GET_METHOD|NOT_FORCE_STATIC,,,,NON_GET_METHOD|NOT_FORCE_STATIC,false
projexa,route,/api/integrations/google-sheets/status,src/app/api/integrations/google-sheets/status/route.ts,23,,,false,true,false,false,false,,0,false,0,,,,,,false,false,false,false,GET,,,,false,false,,,,false,NOT_FORCE_STATIC,,,,NOT_FORCE_STATIC,false
projexa,route,/api/integrations/google-sheets/webhook,src/app/api/integrations/google-sheets/webhook/route.ts,61,,,false,true,false,false,false,,0,false,0,,,,,,false,false,false,false,POST,request.headers|request.json,,,false,false,,,,false,NON_GET_METHOD|READS_REQUEST|NOT_FORCE_STATIC,,,,NON_GET_METHOD|READS_REQUEST|NOT_FORCE_STATIC,false
projexa,route,/api/internal/email-digest-cadence/run,src/app/api/internal/email-digest-cadence/run/route.ts,30,,,false,true,false,false,false,,0,false,0,,,,,,false,false,false,false,GET|POST,request.headers|request passed to helper,,,false,false,,,,false,NON_GET_METHOD|READS_REQUEST|NOT_FORCE_STATIC,,,,NON_GET_METHOD|READS_REQUEST|NOT_FORCE_STATIC,false
projexa,route,/api/inventory/items/[id],src/app/api/inventory/items/[id]/route.ts,20,[id],,false,false,false,false,false,,0,false,0,,,,,,false,false,false,false,GET,,,/inventory/items/${encodeURIComponent(id)},false,false,,,,false,DYNAMIC_SEGMENT_NO_GSP|NOT_FORCE_STATIC,,,,DYNAMIC_SEGMENT_NO_GSP|NOT_FORCE_STATIC,false
projexa,route,/api/inventory/items,src/app/api/inventory/items/route.ts,29,,,false,true,false,false,false,,0,false,0,,,,,,false,false,false,false,GET|POST,request.json,,/inventory/items,false,false,,,,false,NON_GET_METHOD|READS_REQUEST|NOT_FORCE_STATIC,,,,NON_GET_METHOD|READS_REQUEST|NOT_FORCE_STATIC,false
projexa,route,/api/inventory/stock-balance,src/app/api/inventory/stock-balance/route.ts,18,,,false,true,false,false,false,,0,false,0,,,,,,false,false,false,false,GET,request.nextUrl,,/inventory/stock-balance${qs},false,false,,,,false,READS_REQUEST|NOT_FORCE_STATIC,,,,READS_REQUEST|NOT_FORCE_STATIC,false
projexa,route,/api/inventory/stock-entries,src/app/api/inventory/stock-entries/route.ts,30,,,false,true,false,false,false,,0,false,0,,,,,,false,false,false,false,GET|POST,request.nextUrl|request.json,,/inventory/stock-entries${qs}|/inventory/stock-entries,false,false,,,,false,NON_GET_METHOD|READS_REQUEST|NOT_FORCE_STATIC,,,,NON_GET_METHOD|READS_REQUEST|NOT_FORCE_STATIC,false
projexa,route,/api/inventory/warehouses,src/app/api/inventory/warehouses/route.ts,29,,,false,true,false,false,false,,0,false,0,,,,,,false,false,false,false,GET|POST,request.json,,/inventory/warehouses,false,false,,,,false,NON_GET_METHOD|READS_REQUEST|NOT_FORCE_STATIC,,,,NON_GET_METHOD|READS_REQUEST|NOT_FORCE_STATIC,false
projexa,route,/api/journal-entries/[id],src/app/api/journal-entries/[id]/route.ts,20,[id],,false,false,false,false,false,,0,false,0,,,,,,false,false,false,false,GET,,,/journal-entries/${id},false,false,,,,false,DYNAMIC_SEGMENT_NO_GSP|NOT_FORCE_STATIC,,,,DYNAMIC_SEGMENT_NO_GSP|NOT_FORCE_STATIC,false
projexa,route,/api/journal-entries/[id]/submit,src/app/api/journal-entries/[id]/submit/route.ts,24,[id],,false,false,false,false,false,,0,false,0,,,,,,false,false,false,false,POST,,,/journal-entries/${encodeURIComponent(id)}/submit,false,false,,,,false,DYNAMIC_SEGMENT_NO_GSP|NON_GET_METHOD|NOT_FORCE_STATIC,,,,DYNAMIC_SEGMENT_NO_GSP|NON_GET_METHOD|NOT_FORCE_STATIC,false
projexa,route,/api/journal-entries,src/app/api/journal-entries/route.ts,32,,,false,true,false,false,false,,0,false,0,,,,,,false,false,false,false,GET|POST,request.nextUrl|request.json,,/journal-entries${request.nextUrl.search}|/journal-entries,false,false,,,,false,NON_GET_METHOD|READS_REQUEST|NOT_FORCE_STATIC,,,,NON_GET_METHOD|READS_REQUEST|NOT_FORCE_STATIC,false
projexa,route,/api/knowledge-base/[id],src/app/api/knowledge-base/[id]/route.ts,40,[id],,false,false,false,false,false,,0,false,0,,,,,,false,false,false,false,GET|PATCH,request.json,,/knowledge-base/${encodeURIComponent(id)},false,false,,,,false,DYNAMIC_SEGMENT_NO_GSP|NON_GET_METHOD|READS_REQUEST|NOT_FORCE_STATIC,,,,DYNAMIC_SEGMENT_NO_GSP|NON_GET_METHOD|READS_REQUEST|NOT_FORCE_STATIC,false
projexa,route,/api/knowledge-base,src/app/api/knowledge-base/route.ts,39,,,false,true,false,false,false,,0,false,0,,,,,,false,false,false,false,GET|POST,request.json,,/knowledge-base,false,false,,,,false,NON_GET_METHOD|READS_REQUEST|NOT_FORCE_STATIC,,,,NON_GET_METHOD|READS_REQUEST|NOT_FORCE_STATIC,false
projexa,route,/api/knowledge-base/search,src/app/api/knowledge-base/search/route.ts,18,,,false,true,false,false,false,,0,false,0,,,,,,false,false,false,false,GET,request.nextUrl,,/knowledge-base/search?q=${encodeURIComponent(q)},false,false,,,,false,READS_REQUEST|NOT_FORCE_STATIC,,,,READS_REQUEST|NOT_FORCE_STATIC,false
projexa,route,/api/kpi-entries/[id]/approve,src/app/api/kpi-entries/[id]/approve/route.ts,21,[id],,false,false,false,false,false,,0,false,0,,,,,,false,false,false,false,POST,"NextRequest (typed, no member read detected)",,/construction/kpi-entries/${encodeURIComponent(id)}/approve,false,false,,,,false,DYNAMIC_SEGMENT_NO_GSP|NON_GET_METHOD|NOT_FORCE_STATIC,,,,DYNAMIC_SEGMENT_NO_GSP|NON_GET_METHOD|NOT_FORCE_STATIC,false
projexa,route,/api/kpi-entries,src/app/api/kpi-entries/route.ts,34,,,false,true,false,false,false,,0,false,0,,,,,,false,false,false,false,GET|POST,request.nextUrl|request.json,,/construction/kpi-entries?kpiDefinitionId=${encodeURIComponent(kpiDefinitionId)}|/construction/kpi-entries,false,false,,,,false,NON_GET_METHOD|READS_REQUEST|NOT_FORCE_STATIC,,,,NON_GET_METHOD|READS_REQUEST|NOT_FORCE_STATIC,false
projexa,route,/api/kpis/[id],src/app/api/kpis/[id]/route.ts,20,[id],,false,false,false,false,false,,0,false,0,,,,,,false,false,false,false,GET,"NextRequest (typed, no member read detected)",,/kpis/${encodeURIComponent(id)},false,false,,,,false,DYNAMIC_SEGMENT_NO_GSP|NOT_FORCE_STATIC,,,,DYNAMIC_SEGMENT_NO_GSP|NOT_FORCE_STATIC,false
projexa,route,/api/kpis,src/app/api/kpis/route.ts,31,,,false,true,false,false,false,,0,false,0,,,,,,false,false,false,false,GET|POST,request.nextUrl|request.json,,/kpis?projectId=${encodeURIComponent(projectId)}|/kpis,false,false,,,,false,NON_GET_METHOD|READS_REQUEST|NOT_FORCE_STATIC,,,,NON_GET_METHOD|READS_REQUEST|NOT_FORCE_STATIC,false
projexa,route,/api/labour-roster/[id],src/app/api/labour-roster/[id]/route.ts,34,[id],,false,false,false,false,false,,0,false,0,,,,,,false,false,false,false,GET|PATCH,request.json,,/construction/labour-roster/${encodeURIComponent(id)},false,false,,,,false,DYNAMIC_SEGMENT_NO_GSP|NON_GET_METHOD|READS_REQUEST|NOT_FORCE_STATIC,,,,DYNAMIC_SEGMENT_NO_GSP|NON_GET_METHOD|READS_REQUEST|NOT_FORCE_STATIC,false
projexa,route,/api/labour-roster/import,src/app/api/labour-roster/import/route.ts,32,,,false,true,false,false,false,,0,false,0,,,,,,false,false,false,false,POST,request.nextUrl|request.formData,,"/labour-roster/import${dryRun ? ""?dryRun=1"" : """"}",false,false,,,,false,NON_GET_METHOD|READS_REQUEST|NOT_FORCE_STATIC,,,,NON_GET_METHOD|READS_REQUEST|NOT_FORCE_STATIC,false
projexa,route,/api/labour-roster,src/app/api/labour-roster/route.ts,42,,,false,true,false,false,false,,0,false,0,,,,,,false,false,false,false,GET|POST,request.nextUrl|request.json,,/construction/labour-roster?projectId=${encodeURIComponent(projectId)}|/construction/labour-roster,false,false,,,,false,NON_GET_METHOD|READS_REQUEST|NOT_FORCE_STATIC,,,,NON_GET_METHOD|READS_REQUEST|NOT_FORCE_STATIC,false
projexa,route,/api/labour-roster/trades,src/app/api/labour-roster/trades/route.ts,23,,,false,true,false,false,false,,0,false,0,,,,,,false,false,false,false,GET,"NextRequest (typed, no member read detected)",,/labour-roster/trades,false,false,,,,false,NOT_FORCE_STATIC,,,,NOT_FORCE_STATIC,false
projexa,route,/api/leads/[id]/history,src/app/api/leads/[id]/history/route.ts,20,[id],,false,false,false,false,false,,0,false,0,,,,,,false,false,false,false,GET,"NextRequest (typed, no member read detected)",,/leads/${id}/history,false,false,,,,false,DYNAMIC_SEGMENT_NO_GSP|NOT_FORCE_STATIC,,,,DYNAMIC_SEGMENT_NO_GSP|NOT_FORCE_STATIC,false
projexa,route,/api/leads/[id],src/app/api/leads/[id]/route.ts,35,[id],,false,false,false,false,false,,0,false,0,,,,,,false,false,false,false,GET|PATCH,request.json,,/leads/${id},false,false,,,,false,DYNAMIC_SEGMENT_NO_GSP|NON_GET_METHOD|READS_REQUEST|NOT_FORCE_STATIC,,,,DYNAMIC_SEGMENT_NO_GSP|NON_GET_METHOD|READS_REQUEST|NOT_FORCE_STATIC,false
projexa,route,/api/leads/bulk-reassign,src/app/api/leads/bulk-reassign/route.ts,18,,,false,true,false,false,false,,0,false,0,,,,,,false,false,false,false,POST,request.json,,/leads/bulk-reassign,false,false,,,,false,NON_GET_METHOD|READS_REQUEST|NOT_FORCE_STATIC,,,,NON_GET_METHOD|READS_REQUEST|NOT_FORCE_STATIC,false
projexa,route,/api/leads,src/app/api/leads/route.ts,30,,,false,true,false,false,false,,0,false,0,,,,,,false,false,false,false,GET|POST,request.nextUrl|request.json,,/leads${qs}|/leads,false,false,,,,false,NON_GET_METHOD|READS_REQUEST|NOT_FORCE_STATIC,,,,NON_GET_METHOD|READS_REQUEST|NOT_FORCE_STATIC,false
projexa,route,/api/leave/balances,src/app/api/leave/balances/route.ts,29,,,false,true,false,false,false,,0,false,0,,,,,,false,false,false,false,GET|POST,request.json,,/leave/balances,false,false,,,,false,NON_GET_METHOD|READS_REQUEST|NOT_FORCE_STATIC,,,,NON_GET_METHOD|READS_REQUEST|NOT_FORCE_STATIC,false
projexa,route,/api/leave/requests/[id]/decision,src/app/api/leave/requests/[id]/decision/route.ts,21,[id],,false,false,false,false,false,,0,false,0,,,,,,false,false,false,false,POST,request.json,,/leave/requests/${encodeURIComponent(id)}/decision,false,false,,,,false,DYNAMIC_SEGMENT_NO_GSP|NON_GET_METHOD|READS_REQUEST|NOT_FORCE_STATIC,,,,DYNAMIC_SEGMENT_NO_GSP|NON_GET_METHOD|READS_REQUEST|NOT_FORCE_STATIC,false
projexa,route,/api/leave/requests,src/app/api/leave/requests/route.ts,30,,,false,true,false,false,false,,0,false,0,,,,,,false,false,false,false,GET|POST,request.nextUrl|request.json,,/leave/requests${qs}|/leave/requests,false,false,,,,false,NON_GET_METHOD|READS_REQUEST|NOT_FORCE_STATIC,,,,NON_GET_METHOD|READS_REQUEST|NOT_FORCE_STATIC,false
projexa,route,/api/manpower-cost-report,src/app/api/manpower-cost-report/route.ts,37,,,false,true,false,false,false,,0,false,0,,,,,,false,false,false,false,GET,request.nextUrl,,/reports/manpower-cost?format=legacy&projectId=${encodeURIComponent(projectId)}${qs},false,false,,,,false,READS_REQUEST|NOT_FORCE_STATIC,,,,READS_REQUEST|NOT_FORCE_STATIC,false
projexa,route,/api/materials/[id],src/app/api/materials/[id]/route.ts,53,[id],,false,false,false,false,false,,0,false,0,,,,,,false,false,false,false,GET|PATCH,request.json,,/construction/materials/receipts/${encodeURIComponent(id)},false,false,,,,false,DYNAMIC_SEGMENT_NO_GSP|NON_GET_METHOD|READS_REQUEST|NOT_FORCE_STATIC,,,,DYNAMIC_SEGMENT_NO_GSP|NON_GET_METHOD|READS_REQUEST|NOT_FORCE_STATIC,false
projexa,route,/api/materials/issues,src/app/api/materials/issues/route.ts,56,,,false,true,false,false,false,,0,false,0,,,,,,false,false,false,false,GET|POST,request.nextUrl|request.json,,/construction/materials/issues?projectId=${encodeURIComponent(projectId)}|/construction/materials/issues,false,false,,,,false,NON_GET_METHOD|READS_REQUEST|NOT_FORCE_STATIC,,,,NON_GET_METHOD|READS_REQUEST|NOT_FORCE_STATIC,false
projexa,route,/api/materials/master/[id],src/app/api/materials/master/[id]/route.ts,33,[id],,false,false,false,false,false,,0,false,0,,,,,,false,false,false,false,GET|PATCH,request.json,,/construction/materials/${encodeURIComponent(id)},false,false,,,,false,DYNAMIC_SEGMENT_NO_GSP|NON_GET_METHOD|READS_REQUEST|NOT_FORCE_STATIC,,,,DYNAMIC_SEGMENT_NO_GSP|NON_GET_METHOD|READS_REQUEST|NOT_FORCE_STATIC,false
projexa,route,/api/materials/master,src/app/api/materials/master/route.ts,82,,,false,true,false,false,false,,0,false,0,,,,,,false,false,false,false,GET|POST,request.nextUrl|request.json,,/construction/materials?projectId=${encodeURIComponent(projectId)}|/construction/materials,false,false,,,,false,NON_GET_METHOD|READS_REQUEST|NOT_FORCE_STATIC,,,,NON_GET_METHOD|READS_REQUEST|NOT_FORCE_STATIC,false
projexa,route,/api/materials,src/app/api/materials/route.ts,37,,,false,true,false,false,false,,0,false,0,,,,,,false,false,false,false,GET|POST,request.nextUrl|request.json,,/construction/materials/receipts?projectId=${encodeURIComponent(projectId)}|/construction/materials/receipts,false,false,,,,false,NON_GET_METHOD|READS_REQUEST|NOT_FORCE_STATIC,,,,NON_GET_METHOD|READS_REQUEST|NOT_FORCE_STATIC,false
projexa,route,/api/meetings/[id]/outcomes,src/app/api/meetings/[id]/outcomes/route.ts,21,[id],,false,false,false,false,false,,0,false,0,,,,,,false,false,false,false,POST,request.json,,/meetings/${encodeURIComponent(id)}/outcomes,false,false,,,,false,DYNAMIC_SEGMENT_NO_GSP|NON_GET_METHOD|READS_REQUEST|NOT_FORCE_STATIC,,,,DYNAMIC_SEGMENT_NO_GSP|NON_GET_METHOD|READS_REQUEST|NOT_FORCE_STATIC,false
projexa,route,/api/meetings/[id],src/app/api/meetings/[id]/route.ts,35,[id],,false,false,false,false,false,,0,false,0,,,,,,false,false,false,false,GET|PATCH,request.json,,/meetings/${encodeURIComponent(id)},false,false,,,,false,DYNAMIC_SEGMENT_NO_GSP|NON_GET_METHOD|READS_REQUEST|NOT_FORCE_STATIC,,,,DYNAMIC_SEGMENT_NO_GSP|NON_GET_METHOD|READS_REQUEST|NOT_FORCE_STATIC,false
projexa,route,/api/meetings,src/app/api/meetings/route.ts,38,,,false,true,false,false,false,,0,false,0,,,,,,false,false,false,false,GET|POST,request.nextUrl|request.json,,/meetings?projectId=${encodeURIComponent(projectId)}|/meetings,false,false,,,,false,NON_GET_METHOD|READS_REQUEST|NOT_FORCE_STATIC,,,,NON_GET_METHOD|READS_REQUEST|NOT_FORCE_STATIC,false
projexa,route,/api/milestones/[id],src/app/api/milestones/[id]/route.ts,23,[id],,false,false,false,false,false,,0,false,0,,,,,,false,false,false,false,PATCH,request.json,,/milestones/${encodeURIComponent(id)},false,false,,,,false,DYNAMIC_SEGMENT_NO_GSP|NON_GET_METHOD|READS_REQUEST|NOT_FORCE_STATIC,,,,DYNAMIC_SEGMENT_NO_GSP|NON_GET_METHOD|READS_REQUEST|NOT_FORCE_STATIC,false
projexa,route,/api/milestones,src/app/api/milestones/route.ts,37,,,false,true,false,false,false,,0,false,0,,,,,,false,false,false,false,GET|POST,request.nextUrl|request.json,,/milestones?projectId=${encodeURIComponent(projectId)}|/milestones,false,false,,,,false,NON_GET_METHOD|READS_REQUEST|NOT_FORCE_STATIC,,,,NON_GET_METHOD|READS_REQUEST|NOT_FORCE_STATIC,false
projexa,route,/api/module-chain,src/app/api/module-chain/route.ts,28,,,false,true,false,false,false,,0,false,0,,,,,,false,false,false,false,GET,,,/module-chain,false,false,,,,false,NOT_FORCE_STATIC,,,,NOT_FORCE_STATIC,false
projexa,route,/api/moms/[id]/action-items,src/app/api/moms/[id]/action-items/route.ts,26,[id],,false,false,false,false,false,,0,false,0,,,,,,false,false,false,false,POST,request.json,,/veri-meetings/${encodeURIComponent(id)}/action-items,false,false,,,,false,DYNAMIC_SEGMENT_NO_GSP|NON_GET_METHOD|READS_REQUEST|NOT_FORCE_STATIC,,,,DYNAMIC_SEGMENT_NO_GSP|NON_GET_METHOD|READS_REQUEST|NOT_FORCE_STATIC,false
projexa,route,/api/moms/[id]/generate-intelligence,src/app/api/moms/[id]/generate-intelligence/route.ts,20,[id],,false,false,false,false,false,,0,false,0,,,,,,false,false,false,false,POST,"NextRequest (typed, no member read detected)",,/veri-meetings/${encodeURIComponent(id)}/generate-intelligence,false,false,,,,false,DYNAMIC_SEGMENT_NO_GSP|NON_GET_METHOD|NOT_FORCE_STATIC,,,,DYNAMIC_SEGMENT_NO_GSP|NON_GET_METHOD|NOT_FORCE_STATIC,false
projexa,route,/api/moms/[id]/pdf,src/app/api/moms/[id]/pdf/route.ts,29,[id],,false,false,false,false,false,,0,false,0,,,,,,false,false,false,false,GET,"NextRequest (typed, no member read detected)",,/veri-meetings/${encodeURIComponent(id)}/pdf,false,false,,,,false,DYNAMIC_SEGMENT_NO_GSP|NOT_FORCE_STATIC,,,,DYNAMIC_SEGMENT_NO_GSP|NOT_FORCE_STATIC,false
projexa,route,/api/moms/[id],src/app/api/moms/[id]/route.ts,55,[id],,false,false,false,false,false,,0,false,0,,,,,,false,false,false,false,GET|PATCH|DELETE,request.json,,/veri-meetings/${encodeURIComponent(id)},false,false,,,,false,DYNAMIC_SEGMENT_NO_GSP|NON_GET_METHOD|READS_REQUEST|NOT_FORCE_STATIC,,,,DYNAMIC_SEGMENT_NO_GSP|NON_GET_METHOD|READS_REQUEST|NOT_FORCE_STATIC,false
projexa,route,/api/moms/[id]/share-links,src/app/api/moms/[id]/share-links/route.ts,77,[id],,false,false,false,false,false,,0,false,0,,,,,,false,false,false,false,GET|POST,"NextRequest (typed, no member read detected)",,/veri-meetings/${encodeURIComponent(id)}/share-links,false,false,,,,false,DYNAMIC_SEGMENT_NO_GSP|NON_GET_METHOD|NOT_FORCE_STATIC,,,,DYNAMIC_SEGMENT_NO_GSP|NON_GET_METHOD|NOT_FORCE_STATIC,false
projexa,route,/api/moms,src/app/api/moms/route.ts,41,,,false,true,false,false,false,,0,false,0,,,,,,false,false,false,false,GET|POST,request.nextUrl|request.json,,/veri-meetings${params}|/veri-meetings,false,false,,,,false,NON_GET_METHOD|READS_REQUEST|NOT_FORCE_STATIC,,,,NON_GET_METHOD|READS_REQUEST|NOT_FORCE_STATIC,false
projexa,route,/api/moms/share-links/[linkId],src/app/api/moms/share-links/[linkId]/route.ts,23,[linkId],,false,false,false,false,false,,0,false,0,,,,,,false,false,false,false,DELETE,"NextRequest (typed, no member read detected)",,/veri-meetings/share-links/${encodeURIComponent(linkId)},false,false,,,,false,DYNAMIC_SEGMENT_NO_GSP|NON_GET_METHOD|NOT_FORCE_STATIC,,,,DYNAMIC_SEGMENT_NO_GSP|NON_GET_METHOD|NOT_FORCE_STATIC,false
projexa,route,/api/mood-boards/[id]/items/[itemId],src/app/api/mood-boards/[id]/items/[itemId]/route.ts,23,[id]|[itemId],,false,false,false,false,false,,0,false,0,,,,,,false,false,false,false,DELETE,"NextRequest (typed, no member read detected)",,/mood-boards/${encodeURIComponent(id)}/items/${encodeURIComponent(itemId)},false,false,,,,false,DYNAMIC_SEGMENT_NO_GSP|NON_GET_METHOD|NOT_FORCE_STATIC,,,,DYNAMIC_SEGMENT_NO_GSP|NON_GET_METHOD|NOT_FORCE_STATIC,false
projexa,route,/api/mood-boards/[id],src/app/api/mood-boards/[id]/route.ts,54,[id],,false,false,false,false,false,,0,false,0,,,,,,false,false,false,false,GET|POST|PATCH,request.json,,/mood-boards/${encodeURIComponent(id)},false,false,,,,false,DYNAMIC_SEGMENT_NO_GSP|NON_GET_METHOD|READS_REQUEST|NOT_FORCE_STATIC,,,,DYNAMIC_SEGMENT_NO_GSP|NON_GET_METHOD|READS_REQUEST|NOT_FORCE_STATIC,false
projexa,route,/api/mood-boards,src/app/api/mood-boards/route.ts,37,,,false,true,false,false,false,,0,false,0,,,,,,false,false,false,false,GET|POST,request.nextUrl|request.json,,/mood-boards?projectId=${encodeURIComponent(projectId)}|/mood-boards,false,false,,,,false,NON_GET_METHOD|READS_REQUEST|NOT_FORCE_STATIC,,,,NON_GET_METHOD|READS_REQUEST|NOT_FORCE_STATIC,false
projexa,route,/api/notifications/[id]/read,src/app/api/notifications/[id]/read/route.ts,29,[id],,false,false,false,false,false,,0,false,0,,,,,,false,false,false,false,PATCH,"NextRequest (typed, no member read detected)",,,false,false,,,,false,DYNAMIC_SEGMENT_NO_GSP|NON_GET_METHOD|NOT_FORCE_STATIC,,,,DYNAMIC_SEGMENT_NO_GSP|NON_GET_METHOD|NOT_FORCE_STATIC,false
projexa,route,/api/notifications,src/app/api/notifications/route.ts,48,,,false,true,false,false,false,,0,false,0,,,,,,false,false,false,false,GET,,,,false,false,,,,false,NOT_FORCE_STATIC,,,,NOT_FORCE_STATIC,false
projexa,route,/api/opportunities/[id]/history,src/app/api/opportunities/[id]/history/route.ts,20,[id],,false,false,false,false,false,,0,false,0,,,,,,false,false,false,false,GET,"NextRequest (typed, no member read detected)",,/opportunities/${id}/history,false,false,,,,false,DYNAMIC_SEGMENT_NO_GSP|NOT_FORCE_STATIC,,,,DYNAMIC_SEGMENT_NO_GSP|NOT_FORCE_STATIC,false
projexa,route,/api/opportunities/[id],src/app/api/opportunities/[id]/route.ts,35,[id],,false,false,false,false,false,,0,false,0,,,,,,false,false,false,false,GET|PATCH,request.json,,/opportunities/${id},false,false,,,,false,DYNAMIC_SEGMENT_NO_GSP|NON_GET_METHOD|READS_REQUEST|NOT_FORCE_STATIC,,,,DYNAMIC_SEGMENT_NO_GSP|NON_GET_METHOD|READS_REQUEST|NOT_FORCE_STATIC,false
projexa,route,/api/opportunities/bulk-reassign,src/app/api/opportunities/bulk-reassign/route.ts,18,,,false,true,false,false,false,,0,false,0,,,,,,false,false,false,false,POST,request.json,,/opportunities/bulk-reassign,false,false,,,,false,NON_GET_METHOD|READS_REQUEST|NOT_FORCE_STATIC,,,,NON_GET_METHOD|READS_REQUEST|NOT_FORCE_STATIC,false
projexa,route,/api/opportunities,src/app/api/opportunities/route.ts,30,,,false,true,false,false,false,,0,false,0,,,,,,false,false,false,false,GET|POST,request.nextUrl|request.json,,/opportunities${qs}|/opportunities,false,false,,,,false,NON_GET_METHOD|READS_REQUEST|NOT_FORCE_STATIC,,,,NON_GET_METHOD|READS_REQUEST|NOT_FORCE_STATIC,false
projexa,route,/api/org/invites/[id],src/app/api/org/invites/[id]/route.ts,39,[id],,false,false,false,false,false,,0,false,0,,,,,,false,false,false,false,DELETE,,,,false,false,,,,false,DYNAMIC_SEGMENT_NO_GSP|NON_GET_METHOD|NOT_FORCE_STATIC,,,,DYNAMIC_SEGMENT_NO_GSP|NON_GET_METHOD|NOT_FORCE_STATIC,false
projexa,route,/api/org/invites/accept,src/app/api/org/invites/accept/route.ts,34,,,false,true,false,false,false,,0,false,0,,,,,,false,false,false,false,POST,req.json,,,false,false,,,,false,NON_GET_METHOD|READS_REQUEST|NOT_FORCE_STATIC,,,,NON_GET_METHOD|READS_REQUEST|NOT_FORCE_STATIC,false
projexa,route,/api/org/invites/preview,src/app/api/org/invites/preview/route.ts,21,,,false,true,false,false,false,,0,false,0,,,,,,false,false,false,false,GET,req.url|new URL(req.url),,,false,false,,,,false,READS_REQUEST|NOT_FORCE_STATIC,,,,READS_REQUEST|NOT_FORCE_STATIC,false
projexa,route,/api/org/invites,src/app/api/org/invites/route.ts,106,,,false,true,false,false,false,,0,false,0,,,,,,false,false,false,false,GET|POST,req.json,,,false,false,,,,false,NON_GET_METHOD|READS_REQUEST|NOT_FORCE_STATIC,,,,NON_GET_METHOD|READS_REQUEST|NOT_FORCE_STATIC,false
projexa,route,/api/org/provision,src/app/api/org/provision/route.ts,143,,,false,true,false,false,false,,0,false,0,,,,,,false,false,false,false,POST,req.json,,,false,false,,,,false,NON_GET_METHOD|READS_REQUEST|NOT_FORCE_STATIC,,,,NON_GET_METHOD|READS_REQUEST|NOT_FORCE_STATIC,false
projexa,route,/api/org/repair,src/app/api/org/repair/route.ts,182,,,false,true,false,false,false,,0,false,0,force-dynamic,,,,,false,false,false,false,GET|POST,,,,false,false,,,,false,FORCE_DYNAMIC|NON_GET_METHOD|NOT_FORCE_STATIC,,,,FORCE_DYNAMIC|NON_GET_METHOD|NOT_FORCE_STATIC,false
projexa,route,/api/org-members/[id],src/app/api/org-members/[id]/route.ts,74,[id],,false,false,false,false,false,,0,false,0,,,,,,false,false,false,false,PATCH,request.json,,,false,false,,,,false,DYNAMIC_SEGMENT_NO_GSP|NON_GET_METHOD|READS_REQUEST|NOT_FORCE_STATIC,,,,DYNAMIC_SEGMENT_NO_GSP|NON_GET_METHOD|READS_REQUEST|NOT_FORCE_STATIC,false
projexa,route,/api/org-members,src/app/api/org-members/route.ts,26,,,false,true,false,false,false,,0,false,0,,,,,,false,false,false,false,GET,,,,false,false,,,,false,NOT_FORCE_STATIC,,,,NOT_FORCE_STATIC,false
projexa,route,/api/org-users,src/app/api/org-users/route.ts,24,,,false,true,false,false,false,,0,false,0,,,,,,false,false,false,false,GET,request.nextUrl,,/users${params},false,false,,,,false,READS_REQUEST|NOT_FORCE_STATIC,,,,READS_REQUEST|NOT_FORCE_STATIC,false
projexa,route,/api/organization/currency,src/app/api/organization/currency/route.ts,64,,,false,true,false,false,false,,0,false,0,,,,,,false,false,false,false,GET|PUT,request.json,,/currencies/base,false,false,,,,false,NON_GET_METHOD|READS_REQUEST|NOT_FORCE_STATIC,,,,NON_GET_METHOD|READS_REQUEST|NOT_FORCE_STATIC,false
projexa,route,/api/organization/email-schedule,src/app/api/organization/email-schedule/route.ts,93,,,false,true,false,false,false,,0,false,0,,,,,,false,false,false,false,GET|PUT,request.json,,,false,false,,,,false,NON_GET_METHOD|READS_REQUEST|NOT_FORCE_STATIC,,,,NON_GET_METHOD|READS_REQUEST|NOT_FORCE_STATIC,false
projexa,route,/api/organization,src/app/api/organization/route.ts,27,,,false,true,false,false,false,,0,false,0,,,,,,false,false,false,false,GET,,,,false,false,,,,false,NOT_FORCE_STATIC,,,,NOT_FORCE_STATIC,false
projexa,route,/api/payroll/employees/[id]/income-tax-slab,src/app/api/payroll/employees/[id]/income-tax-slab/route.ts,21,[id],,false,false,false,false,false,,0,false,0,,,,,,false,false,false,false,POST,request.json,,/payroll/employees/${encodeURIComponent(id)}/income-tax-slab,false,false,,,,false,DYNAMIC_SEGMENT_NO_GSP|NON_GET_METHOD|READS_REQUEST|NOT_FORCE_STATIC,,,,DYNAMIC_SEGMENT_NO_GSP|NON_GET_METHOD|READS_REQUEST|NOT_FORCE_STATIC,false
projexa,route,/api/payroll/employees/[id]/tax-exemptions,src/app/api/payroll/employees/[id]/tax-exemptions/route.ts,33,[id],,false,false,false,false,false,,0,false,0,,,,,,false,false,false,false,GET|POST,request.json,,/payroll/employees/${encodeURIComponent(id)}/tax-exemptions,false,false,,,,false,DYNAMIC_SEGMENT_NO_GSP|NON_GET_METHOD|READS_REQUEST|NOT_FORCE_STATIC,,,,DYNAMIC_SEGMENT_NO_GSP|NON_GET_METHOD|READS_REQUEST|NOT_FORCE_STATIC,false
projexa,route,/api/payroll/income-tax-slabs,src/app/api/payroll/income-tax-slabs/route.ts,29,,,false,true,false,false,false,,0,false,0,,,,,,false,false,false,false,GET|POST,request.json,,/payroll/income-tax-slabs,false,false,,,,false,NON_GET_METHOD|READS_REQUEST|NOT_FORCE_STATIC,,,,NON_GET_METHOD|READS_REQUEST|NOT_FORCE_STATIC,false
projexa,route,/api/payroll/payslips/[id]/finalize,src/app/api/payroll/payslips/[id]/finalize/route.ts,20,[id],,false,false,false,false,false,,0,false,0,,,,,,false,false,false,false,POST,"NextRequest (typed, no member read detected)",,/payroll/payslips/${encodeURIComponent(id)}/finalize,false,false,,,,false,DYNAMIC_SEGMENT_NO_GSP|NON_GET_METHOD|NOT_FORCE_STATIC,,,,DYNAMIC_SEGMENT_NO_GSP|NON_GET_METHOD|NOT_FORCE_STATIC,false
projexa,route,/api/payroll/payslips/[id]/pdf,src/app/api/payroll/payslips/[id]/pdf/route.ts,29,[id],,false,false,false,false,false,,0,false,0,,,,,,false,false,false,false,GET,"NextRequest (typed, no member read detected)",,/payroll/payslips/${encodeURIComponent(id)}/pdf,false,false,,,,false,DYNAMIC_SEGMENT_NO_GSP|NOT_FORCE_STATIC,,,,DYNAMIC_SEGMENT_NO_GSP|NOT_FORCE_STATIC,false
projexa,route,/api/payroll/payslips/[id],src/app/api/payroll/payslips/[id]/route.ts,20,[id],,false,false,false,false,false,,0,false,0,,,,,,false,false,false,false,GET,"NextRequest (typed, no member read detected)",,/payroll/payslips/${encodeURIComponent(id)},false,false,,,,false,DYNAMIC_SEGMENT_NO_GSP|NOT_FORCE_STATIC,,,,DYNAMIC_SEGMENT_NO_GSP|NOT_FORCE_STATIC,false
projexa,route,/api/payroll/payslips/[id]/tds,src/app/api/payroll/payslips/[id]/tds/route.ts,21,[id],,false,false,false,false,false,,0,false,0,,,,,,false,false,false,false,POST,request.json,,/payroll/payslips/${encodeURIComponent(id)}/tds,false,false,,,,false,DYNAMIC_SEGMENT_NO_GSP|NON_GET_METHOD|READS_REQUEST|NOT_FORCE_STATIC,,,,DYNAMIC_SEGMENT_NO_GSP|NON_GET_METHOD|READS_REQUEST|NOT_FORCE_STATIC,false
projexa,route,/api/payroll/runs/[id]/payslips,src/app/api/payroll/runs/[id]/payslips/route.ts,20,[id],,false,false,false,false,false,,0,false,0,,,,,,false,false,false,false,GET,"NextRequest (typed, no member read detected)",,/payroll/runs/${encodeURIComponent(id)}/payslips,false,false,,,,false,DYNAMIC_SEGMENT_NO_GSP|NOT_FORCE_STATIC,,,,DYNAMIC_SEGMENT_NO_GSP|NOT_FORCE_STATIC,false
projexa,route,/api/payroll/runs/[id]/process,src/app/api/payroll/runs/[id]/process/route.ts,20,[id],,false,false,false,false,false,,0,false,0,,,,,,false,false,false,false,POST,"NextRequest (typed, no member read detected)",,/payroll/runs/${encodeURIComponent(id)}/process,false,false,,,,false,DYNAMIC_SEGMENT_NO_GSP|NON_GET_METHOD|NOT_FORCE_STATIC,,,,DYNAMIC_SEGMENT_NO_GSP|NON_GET_METHOD|NOT_FORCE_STATIC,false
projexa,route,/api/payroll/runs/[id],src/app/api/payroll/runs/[id]/route.ts,20,[id],,false,false,false,false,false,,0,false,0,,,,,,false,false,false,false,GET,"NextRequest (typed, no member read detected)",,/payroll/runs/${encodeURIComponent(id)},false,false,,,,false,DYNAMIC_SEGMENT_NO_GSP|NOT_FORCE_STATIC,,,,DYNAMIC_SEGMENT_NO_GSP|NOT_FORCE_STATIC,false
projexa,route,/api/payroll/runs,src/app/api/payroll/runs/route.ts,29,,,false,true,false,false,false,,0,false,0,,,,,,false,false,false,false,GET|POST,request.json,,/payroll/runs,false,false,,,,false,NON_GET_METHOD|READS_REQUEST|NOT_FORCE_STATIC,,,,NON_GET_METHOD|READS_REQUEST|NOT_FORCE_STATIC,false
projexa,route,/api/payroll/salary-components,src/app/api/payroll/salary-components/route.ts,29,,,false,true,false,false,false,,0,false,0,,,,,,false,false,false,false,GET|POST,request.json,,/payroll/salary-components,false,false,,,,false,NON_GET_METHOD|READS_REQUEST|NOT_FORCE_STATIC,,,,NON_GET_METHOD|READS_REQUEST|NOT_FORCE_STATIC,false
projexa,route,/api/payroll/salary-structures,src/app/api/payroll/salary-structures/route.ts,29,,,false,true,false,false,false,,0,false,0,,,,,,false,false,false,false,GET|POST,request.json,,/payroll/salary-structures,false,false,,,,false,NON_GET_METHOD|READS_REQUEST|NOT_FORCE_STATIC,,,,NON_GET_METHOD|READS_REQUEST|NOT_FORCE_STATIC,false
projexa,route,/api/payroll/statutory-rules,src/app/api/payroll/statutory-rules/route.ts,29,,,false,true,false,false,false,,0,false,0,,,,,,false,false,false,false,GET|POST,request.json,,/payroll/statutory-rules,false,false,,,,false,NON_GET_METHOD|READS_REQUEST|NOT_FORCE_STATIC,,,,NON_GET_METHOD|READS_REQUEST|NOT_FORCE_STATIC,false
projexa,route,/api/permits/[id],src/app/api/permits/[id]/route.ts,51,[id],,false,false,false,false,false,,0,false,0,,,,,,false,false,false,false,GET|PATCH|DELETE,request.json,,/permits/${encodeURIComponent(id)},false,false,,,,false,DYNAMIC_SEGMENT_NO_GSP|NON_GET_METHOD|READS_REQUEST|NOT_FORCE_STATIC,,,,DYNAMIC_SEGMENT_NO_GSP|NON_GET_METHOD|READS_REQUEST|NOT_FORCE_STATIC,false
projexa,route,/api/permits,src/app/api/permits/route.ts,53,,,false,true,false,false,false,,0,false,0,,,,,,false,false,false,false,GET|POST,request.nextUrl|request.formData,,/permits${qs ? `?${qs}|/permits,false,false,,,,false,NON_GET_METHOD|READS_REQUEST|NOT_FORCE_STATIC,,,,NON_GET_METHOD|READS_REQUEST|NOT_FORCE_STATIC,false
projexa,route,/api/pill-usage,src/app/api/pill-usage/route.ts,90,,,false,true,false,false,false,,0,false,0,force-dynamic,,,,,false,false,false,false,GET|POST,req.url|req.json|new URL(req.url),,/pill-usage${suffix}|/pill-usage,false,false,,,,false,FORCE_DYNAMIC|NON_GET_METHOD|READS_REQUEST|NOT_FORCE_STATIC,,,,FORCE_DYNAMIC|NON_GET_METHOD|READS_REQUEST|NOT_FORCE_STATIC,false
projexa,route,/api/policies/[id],src/app/api/policies/[id]/route.ts,37,[id],,false,false,false,false,false,,0,false,0,,,,,,false,false,false,false,GET|PATCH,request.json,,/policies/${id},false,false,,,,false,DYNAMIC_SEGMENT_NO_GSP|NON_GET_METHOD|READS_REQUEST|NOT_FORCE_STATIC,,,,DYNAMIC_SEGMENT_NO_GSP|NON_GET_METHOD|READS_REQUEST|NOT_FORCE_STATIC,false
projexa,route,/api/policies,src/app/api/policies/route.ts,31,,,false,true,false,false,false,,0,false,0,,,,,,false,false,false,false,GET|POST,request.json,,/policies,false,false,,,,false,NON_GET_METHOD|READS_REQUEST|NOT_FORCE_STATIC,,,,NON_GET_METHOD|READS_REQUEST|NOT_FORCE_STATIC,false
projexa,route,/api/procurement/goods-receipts/[id],src/app/api/procurement/goods-receipts/[id]/route.ts,20,[id],,false,false,false,false,false,,0,false,0,,,,,,false,false,false,false,GET,"NextRequest (typed, no member read detected)",,/procurement/goods-receipts/${encodeURIComponent(id)},false,false,,,,false,DYNAMIC_SEGMENT_NO_GSP|NOT_FORCE_STATIC,,,,DYNAMIC_SEGMENT_NO_GSP|NOT_FORCE_STATIC,false
projexa,route,/api/procurement/goods-receipts/[id]/submit,src/app/api/procurement/goods-receipts/[id]/submit/route.ts,20,[id],,false,false,false,false,false,,0,false,0,,,,,,false,false,false,false,POST,"NextRequest (typed, no member read detected)",,/procurement/goods-receipts/${id}/submit,false,false,,,,false,DYNAMIC_SEGMENT_NO_GSP|NON_GET_METHOD|NOT_FORCE_STATIC,,,,DYNAMIC_SEGMENT_NO_GSP|NON_GET_METHOD|NOT_FORCE_STATIC,false
projexa,route,/api/procurement/goods-receipts,src/app/api/procurement/goods-receipts/route.ts,29,,,false,true,false,false,false,,0,false,0,,,,,,false,false,false,false,GET|POST,request.json,,/procurement/goods-receipts,false,false,,,,false,NON_GET_METHOD|READS_REQUEST|NOT_FORCE_STATIC,,,,NON_GET_METHOD|READS_REQUEST|NOT_FORCE_STATIC,false
projexa,route,/api/procurement/purchase-orders/[id],src/app/api/procurement/purchase-orders/[id]/route.ts,64,[id],,false,false,false,false,false,,0,false,0,,,,,,false,false,false,false,GET|PATCH|DELETE,request.json,,/procurement/purchase-orders/${encodeURIComponent(id)},false,false,,,,false,DYNAMIC_SEGMENT_NO_GSP|NON_GET_METHOD|READS_REQUEST|NOT_FORCE_STATIC,,,,DYNAMIC_SEGMENT_NO_GSP|NON_GET_METHOD|READS_REQUEST|NOT_FORCE_STATIC,false
projexa,route,/api/procurement/purchase-orders/[id]/submit,src/app/api/procurement/purchase-orders/[id]/submit/route.ts,20,[id],,false,false,false,false,false,,0,false,0,,,,,,false,false,false,false,POST,"NextRequest (typed, no member read detected)",,/procurement/purchase-orders/${id}/submit,false,false,,,,false,DYNAMIC_SEGMENT_NO_GSP|NON_GET_METHOD|NOT_FORCE_STATIC,,,,DYNAMIC_SEGMENT_NO_GSP|NON_GET_METHOD|NOT_FORCE_STATIC,false
projexa,route,/api/procurement/purchase-orders,src/app/api/procurement/purchase-orders/route.ts,29,,,false,true,false,false,false,,0,false,0,,,,,,false,false,false,false,GET|POST,request.json,,/procurement/purchase-orders,false,false,,,,false,NON_GET_METHOD|READS_REQUEST|NOT_FORCE_STATIC,,,,NON_GET_METHOD|READS_REQUEST|NOT_FORCE_STATIC,false
projexa,route,/api/procurement/quotations,src/app/api/procurement/quotations/route.ts,30,,,false,true,false,false,false,,0,false,0,,,,,,false,false,false,false,GET|POST,request.nextUrl|request.json,,/procurement/quotations${qs}|/procurement/quotations,false,false,,,,false,NON_GET_METHOD|READS_REQUEST|NOT_FORCE_STATIC,,,,NON_GET_METHOD|READS_REQUEST|NOT_FORCE_STATIC,false
projexa,route,/api/procurement/requisitions/[id],src/app/api/procurement/requisitions/[id]/route.ts,20,[id],,false,false,false,false,false,,0,false,0,,,,,,false,false,false,false,GET,"NextRequest (typed, no member read detected)",,/procurement/requisitions/${id},false,false,,,,false,DYNAMIC_SEGMENT_NO_GSP|NOT_FORCE_STATIC,,,,DYNAMIC_SEGMENT_NO_GSP|NOT_FORCE_STATIC,false
projexa,route,/api/procurement/requisitions/[id]/submit,src/app/api/procurement/requisitions/[id]/submit/route.ts,20,[id],,false,false,false,false,false,,0,false,0,,,,,,false,false,false,false,POST,"NextRequest (typed, no member read detected)",,/procurement/requisitions/${id}/submit,false,false,,,,false,DYNAMIC_SEGMENT_NO_GSP|NON_GET_METHOD|NOT_FORCE_STATIC,,,,DYNAMIC_SEGMENT_NO_GSP|NON_GET_METHOD|NOT_FORCE_STATIC,false
projexa,route,/api/procurement/requisitions,src/app/api/procurement/requisitions/route.ts,29,,,false,true,false,false,false,,0,false,0,,,,,,false,false,false,false,GET|POST,request.json,,/procurement/requisitions,false,false,,,,false,NON_GET_METHOD|READS_REQUEST|NOT_FORCE_STATIC,,,,NON_GET_METHOD|READS_REQUEST|NOT_FORCE_STATIC,false
projexa,route,/api/procurement/rfqs/[id]/comparison,src/app/api/procurement/rfqs/[id]/comparison/route.ts,20,[id],,false,false,false,false,false,,0,false,0,,,,,,false,false,false,false,GET,"NextRequest (typed, no member read detected)",,/procurement/rfqs/${id}/comparison,false,false,,,,false,DYNAMIC_SEGMENT_NO_GSP|NOT_FORCE_STATIC,,,,DYNAMIC_SEGMENT_NO_GSP|NOT_FORCE_STATIC,false
projexa,route,/api/procurement/rfqs/[id],src/app/api/procurement/rfqs/[id]/route.ts,20,[id],,false,false,false,false,false,,0,false,0,,,,,,false,false,false,false,GET,"NextRequest (typed, no member read detected)",,/procurement/rfqs/${encodeURIComponent(id)},false,false,,,,false,DYNAMIC_SEGMENT_NO_GSP|NOT_FORCE_STATIC,,,,DYNAMIC_SEGMENT_NO_GSP|NOT_FORCE_STATIC,false
projexa,route,/api/procurement/rfqs/[id]/send,src/app/api/procurement/rfqs/[id]/send/route.ts,20,[id],,false,false,false,false,false,,0,false,0,,,,,,false,false,false,false,POST,"NextRequest (typed, no member read detected)",,/procurement/rfqs/${id}/send,false,false,,,,false,DYNAMIC_SEGMENT_NO_GSP|NON_GET_METHOD|NOT_FORCE_STATIC,,,,DYNAMIC_SEGMENT_NO_GSP|NON_GET_METHOD|NOT_FORCE_STATIC,false
projexa,route,/api/procurement/rfqs,src/app/api/procurement/rfqs/route.ts,29,,,false,true,false,false,false,,0,false,0,,,,,,false,false,false,false,GET|POST,request.json,,/procurement/rfqs,false,false,,,,false,NON_GET_METHOD|READS_REQUEST|NOT_FORCE_STATIC,,,,NON_GET_METHOD|READS_REQUEST|NOT_FORCE_STATIC,false
projexa,route,/api/products,src/app/api/products/route.ts,23,,,false,true,false,false,false,,0,false,0,,,,,,false,false,false,false,GET,,,/products,false,false,,,,false,NOT_FORCE_STATIC,,,,NOT_FORCE_STATIC,false
projexa,route,/api/profit-and-loss,src/app/api/profit-and-loss/route.ts,18,,,false,true,false,false,false,,0,false,0,,,,,,false,false,false,false,GET,request.nextUrl,,/profit-and-loss${request.nextUrl.search},false,false,,,,false,READS_REQUEST|NOT_FORCE_STATIC,,,,READS_REQUEST|NOT_FORCE_STATIC,false
projexa,route,/api/profit-and-loss-by-project,src/app/api/profit-and-loss-by-project/route.ts,20,,,false,true,false,false,false,,0,false,0,,,,,,false,false,false,false,GET,request.nextUrl,,/profit-and-loss-by-project${request.nextUrl.search},false,false,,,,false,READS_REQUEST|NOT_FORCE_STATIC,,,,READS_REQUEST|NOT_FORCE_STATIC,false
projexa,route,/api/project-budgets/[id]/cancel,src/app/api/project-budgets/[id]/cancel/route.ts,18,[id],,false,false,false,false,false,,0,false,0,,,,,,false,false,false,false,POST,,,/project-budgets/${encodeURIComponent(id)}/cancel,false,false,,,,false,DYNAMIC_SEGMENT_NO_GSP|NON_GET_METHOD|NOT_FORCE_STATIC,,,,DYNAMIC_SEGMENT_NO_GSP|NON_GET_METHOD|NOT_FORCE_STATIC,false
projexa,route,/api/project-budgets/[id],src/app/api/project-budgets/[id]/route.ts,33,[id],,false,false,false,false,false,,0,false,0,,,,,,false,false,false,false,GET|PATCH,request.json,,/project-budgets/${encodeURIComponent(id)},false,false,,,,false,DYNAMIC_SEGMENT_NO_GSP|NON_GET_METHOD|READS_REQUEST|NOT_FORCE_STATIC,,,,DYNAMIC_SEGMENT_NO_GSP|NON_GET_METHOD|READS_REQUEST|NOT_FORCE_STATIC,false
projexa,route,/api/project-budgets/[id]/submit,src/app/api/project-budgets/[id]/submit/route.ts,18,[id],,false,false,false,false,false,,0,false,0,,,,,,false,false,false,false,POST,,,/project-budgets/${encodeURIComponent(id)}/submit,false,false,,,,false,DYNAMIC_SEGMENT_NO_GSP|NON_GET_METHOD|NOT_FORCE_STATIC,,,,DYNAMIC_SEGMENT_NO_GSP|NON_GET_METHOD|NOT_FORCE_STATIC,false
projexa,route,/api/project-budgets/[id]/variance,src/app/api/project-budgets/[id]/variance/route.ts,20,[id],,false,false,false,false,false,,0,false,0,,,,,,false,false,false,false,GET,request.nextUrl,,/project-budgets/${encodeURIComponent(id)}/variance${qs},false,false,,,,false,DYNAMIC_SEGMENT_NO_GSP|READS_REQUEST|NOT_FORCE_STATIC,,,,DYNAMIC_SEGMENT_NO_GSP|READS_REQUEST|NOT_FORCE_STATIC,false
projexa,route,/api/project-budgets,src/app/api/project-budgets/route.ts,37,,,false,true,false,false,false,,0,false,0,,,,,,false,false,false,false,GET|POST,request.nextUrl|request.json,,/project-budgets${qs}|/project-budgets,false,false,,,,false,NON_GET_METHOD|READS_REQUEST|NOT_FORCE_STATIC,,,,NON_GET_METHOD|READS_REQUEST|NOT_FORCE_STATIC,false
projexa,route,/api/projects/[id]/category-distribution,src/app/api/projects/[id]/category-distribution/route.ts,63,[id],,false,false,false,false,false,,0,false,0,,,,,,false,false,false,false,GET,request.url|new URL(request.url),,/reports/category-boq-amounts?format=legacy&projectId=${projectId}${boqIdParam}|/reports/category-progress?format=legacy&projectId=${projectId},false,false,,,,false,DYNAMIC_SEGMENT_NO_GSP|READS_REQUEST|NOT_FORCE_STATIC,,,,DYNAMIC_SEGMENT_NO_GSP|READS_REQUEST|NOT_FORCE_STATIC,false
projexa,route,/api/projects/[id],src/app/api/projects/[id]/route.ts,21,[id],,false,false,false,false,false,,0,false,0,,,,,,false,false,false,false,PATCH,request.json,,/projects/${encodeURIComponent(id)},false,false,,,,false,DYNAMIC_SEGMENT_NO_GSP|NON_GET_METHOD|READS_REQUEST|NOT_FORCE_STATIC,,,,DYNAMIC_SEGMENT_NO_GSP|NON_GET_METHOD|READS_REQUEST|NOT_FORCE_STATIC,false
projexa,route,/api/projects/overview,src/app/api/projects/overview/route.ts,48,,,false,true,false,false,false,,0,false,0,,,,,,false,false,false,false,GET,,,,false,false,,,,false,NOT_FORCE_STATIC,,,,NOT_FORCE_STATIC,false
projexa,route,/api/projects,src/app/api/projects/route.ts,61,,,false,true,false,false,false,,0,false,0,,,,,,false,false,false,false,GET|POST,request.json,,/projects,false,false,,,,false,NON_GET_METHOD|READS_REQUEST|NOT_FORCE_STATIC,,,,NON_GET_METHOD|READS_REQUEST|NOT_FORCE_STATIC,false
projexa,route,/api/punch-list/[id],src/app/api/punch-list/[id]/route.ts,37,[id],,false,false,false,false,false,,0,false,0,,,,,,false,false,false,false,GET|PATCH,request.json,,/punch-list/${encodeURIComponent(id)},false,false,,,,false,DYNAMIC_SEGMENT_NO_GSP|NON_GET_METHOD|READS_REQUEST|NOT_FORCE_STATIC,,,,DYNAMIC_SEGMENT_NO_GSP|NON_GET_METHOD|READS_REQUEST|NOT_FORCE_STATIC,false
projexa,route,/api/punch-list,src/app/api/punch-list/route.ts,37,,,false,true,false,false,false,,0,false,0,,,,,,false,false,false,false,GET|POST,request.nextUrl|request.json,,/punch-list?projectId=${encodeURIComponent(projectId)}|/punch-list,false,false,,,,false,NON_GET_METHOD|READS_REQUEST|NOT_FORCE_STATIC,,,,NON_GET_METHOD|READS_REQUEST|NOT_FORCE_STATIC,false
projexa,route,/api/purchase-orders,src/app/api/purchase-orders/route.ts,36,,,false,true,false,false,false,,0,false,0,,,,,,false,false,false,false,GET|POST,request.nextUrl|request.json,,/purchase-orders${qs}|/purchase-orders,false,false,,,,false,NON_GET_METHOD|READS_REQUEST|NOT_FORCE_STATIC,,,,NON_GET_METHOD|READS_REQUEST|NOT_FORCE_STATIC,false
projexa,route,/api/quotations/[id]/convert,src/app/api/quotations/[id]/convert/route.ts,21,[id],,false,false,false,false,false,,0,false,0,,,,,,false,false,false,false,POST,request.json,,/quotations/${id}/convert,false,false,,,,false,DYNAMIC_SEGMENT_NO_GSP|NON_GET_METHOD|READS_REQUEST|NOT_FORCE_STATIC,,,,DYNAMIC_SEGMENT_NO_GSP|NON_GET_METHOD|READS_REQUEST|NOT_FORCE_STATIC,false
projexa,route,/api/quotations/[id]/pdf,src/app/api/quotations/[id]/pdf/route.ts,34,[id],,false,false,false,false,false,,0,false,0,,,,,,false,false,false,false,GET,"NextRequest (typed, no member read detected)",,/quotations/${id}/pdf,false,false,,,,false,DYNAMIC_SEGMENT_NO_GSP|NOT_FORCE_STATIC,,,,DYNAMIC_SEGMENT_NO_GSP|NOT_FORCE_STATIC,false
projexa,route,/api/quotations/[id]/revisions,src/app/api/quotations/[id]/revisions/route.ts,21,[id],,false,false,false,false,false,,0,false,0,,,,,,false,false,false,false,POST,request.json,,/quotations/${id}/revisions,false,false,,,,false,DYNAMIC_SEGMENT_NO_GSP|NON_GET_METHOD|READS_REQUEST|NOT_FORCE_STATIC,,,,DYNAMIC_SEGMENT_NO_GSP|NON_GET_METHOD|READS_REQUEST|NOT_FORCE_STATIC,false
projexa,route,/api/quotations/[id],src/app/api/quotations/[id]/route.ts,35,[id],,false,false,false,false,false,,0,false,0,,,,,,false,false,false,false,GET|PATCH,request.json,,/quotations/${id},false,false,,,,false,DYNAMIC_SEGMENT_NO_GSP|NON_GET_METHOD|READS_REQUEST|NOT_FORCE_STATIC,,,,DYNAMIC_SEGMENT_NO_GSP|NON_GET_METHOD|READS_REQUEST|NOT_FORCE_STATIC,false
projexa,route,/api/quotations,src/app/api/quotations/route.ts,30,,,false,true,false,false,false,,0,false,0,,,,,,false,false,false,false,GET|POST,request.nextUrl|request.json,,/quotations${qs}|/quotations,false,false,,,,false,NON_GET_METHOD|READS_REQUEST|NOT_FORCE_STATIC,,,,NON_GET_METHOD|READS_REQUEST|NOT_FORCE_STATIC,false
projexa,route,/api/recruitment/applications/[id]/hire,src/app/api/recruitment/applications/[id]/hire/route.ts,21,[id],,false,false,false,false,false,,0,false,0,,,,,,false,false,false,false,POST,request.json,,/recruitment/applications/${encodeURIComponent(id)}/hire,false,false,,,,false,DYNAMIC_SEGMENT_NO_GSP|NON_GET_METHOD|READS_REQUEST|NOT_FORCE_STATIC,,,,DYNAMIC_SEGMENT_NO_GSP|NON_GET_METHOD|READS_REQUEST|NOT_FORCE_STATIC,false
projexa,route,/api/recruitment/applications/[id]/interviews,src/app/api/recruitment/applications/[id]/interviews/route.ts,33,[id],,false,false,false,false,false,,0,false,0,,,,,,false,false,false,false,GET|POST,request.json,,/recruitment/applications/${encodeURIComponent(id)}/interviews,false,false,,,,false,DYNAMIC_SEGMENT_NO_GSP|NON_GET_METHOD|READS_REQUEST|NOT_FORCE_STATIC,,,,DYNAMIC_SEGMENT_NO_GSP|NON_GET_METHOD|READS_REQUEST|NOT_FORCE_STATIC,false
projexa,route,/api/recruitment/applications/[id],src/app/api/recruitment/applications/[id]/route.ts,20,[id],,false,false,false,false,false,,0,false,0,,,,,,false,false,false,false,GET,"NextRequest (typed, no member read detected)",,/recruitment/applications/${encodeURIComponent(id)},false,false,,,,false,DYNAMIC_SEGMENT_NO_GSP|NOT_FORCE_STATIC,,,,DYNAMIC_SEGMENT_NO_GSP|NOT_FORCE_STATIC,false
projexa,route,/api/recruitment/applications/[id]/stage,src/app/api/recruitment/applications/[id]/stage/route.ts,21,[id],,false,false,false,false,false,,0,false,0,,,,,,false,false,false,false,POST,request.json,,/recruitment/applications/${encodeURIComponent(id)}/stage,false,false,,,,false,DYNAMIC_SEGMENT_NO_GSP|NON_GET_METHOD|READS_REQUEST|NOT_FORCE_STATIC,,,,DYNAMIC_SEGMENT_NO_GSP|NON_GET_METHOD|READS_REQUEST|NOT_FORCE_STATIC,false
projexa,route,/api/recruitment/applications,src/app/api/recruitment/applications/route.ts,29,,,false,true,false,false,false,,0,false,0,,,,,,false,false,false,false,GET|POST,request.json,,/recruitment/applications,false,false,,,,false,NON_GET_METHOD|READS_REQUEST|NOT_FORCE_STATIC,,,,NON_GET_METHOD|READS_REQUEST|NOT_FORCE_STATIC,false
projexa,route,/api/recruitment/candidates,src/app/api/recruitment/candidates/route.ts,29,,,false,true,false,false,false,,0,false,0,,,,,,false,false,false,false,GET|POST,request.json,,/recruitment/candidates,false,false,,,,false,NON_GET_METHOD|READS_REQUEST|NOT_FORCE_STATIC,,,,NON_GET_METHOD|READS_REQUEST|NOT_FORCE_STATIC,false
projexa,route,/api/recruitment/interviews/[id]/feedback,src/app/api/recruitment/interviews/[id]/feedback/route.ts,21,[id],,false,false,false,false,false,,0,false,0,,,,,,false,false,false,false,POST,request.json,,/recruitment/interviews/${encodeURIComponent(id)}/feedback,false,false,,,,false,DYNAMIC_SEGMENT_NO_GSP|NON_GET_METHOD|READS_REQUEST|NOT_FORCE_STATIC,,,,DYNAMIC_SEGMENT_NO_GSP|NON_GET_METHOD|READS_REQUEST|NOT_FORCE_STATIC,false
projexa,route,/api/recruitment/job-openings/[id],src/app/api/recruitment/job-openings/[id]/route.ts,20,[id],,false,false,false,false,false,,0,false,0,,,,,,false,false,false,false,GET,"NextRequest (typed, no member read detected)",,/recruitment/job-openings/${encodeURIComponent(id)},false,false,,,,false,DYNAMIC_SEGMENT_NO_GSP|NOT_FORCE_STATIC,,,,DYNAMIC_SEGMENT_NO_GSP|NOT_FORCE_STATIC,false
projexa,route,/api/recruitment/job-openings/[id]/status,src/app/api/recruitment/job-openings/[id]/status/route.ts,21,[id],,false,false,false,false,false,,0,false,0,,,,,,false,false,false,false,POST,request.json,,/recruitment/job-openings/${encodeURIComponent(id)}/status,false,false,,,,false,DYNAMIC_SEGMENT_NO_GSP|NON_GET_METHOD|READS_REQUEST|NOT_FORCE_STATIC,,,,DYNAMIC_SEGMENT_NO_GSP|NON_GET_METHOD|READS_REQUEST|NOT_FORCE_STATIC,false
projexa,route,/api/recruitment/job-openings,src/app/api/recruitment/job-openings/route.ts,33,,,false,true,false,false,false,,0,false,0,,,,,,false,false,false,false,GET|POST,request.json,,/recruitment/job-openings,false,false,,,,false,NON_GET_METHOD|READS_REQUEST|NOT_FORCE_STATIC,,,,NON_GET_METHOD|READS_REQUEST|NOT_FORCE_STATIC,false
projexa,route,/api/reports/[reportName]/export,src/app/api/reports/[reportName]/export/route.ts,84,[reportName],,false,false,false,false,false,,0,false,0,,,,,,false,false,false,false,GET,request.nextUrl,,/reports/${encodeURIComponent(reportName)}/export?${upstream.toString()},false,false,,,,false,DYNAMIC_SEGMENT_NO_GSP|READS_REQUEST|NOT_FORCE_STATIC,,,,DYNAMIC_SEGMENT_NO_GSP|READS_REQUEST|NOT_FORCE_STATIC,false
projexa,route,/api/reports/[reportName],src/app/api/reports/[reportName]/route.ts,32,[reportName],,false,false,false,false,false,,0,false,0,,,,,,false,false,false,false,GET,request.nextUrl,,/reports/${encodeURIComponent(reportName)}${qs ? `?${qs},false,false,,,,false,DYNAMIC_SEGMENT_NO_GSP|READS_REQUEST|NOT_FORCE_STATIC,,,,DYNAMIC_SEGMENT_NO_GSP|READS_REQUEST|NOT_FORCE_STATIC,false
projexa,route,/api/reports/[reportName]/share,src/app/api/reports/[reportName]/share/route.ts,63,[reportName],,false,false,false,false,false,,0,false,0,,,,,,false,false,false,false,POST,request.json|request.nextUrl,,/reports/share,false,false,,,,false,DYNAMIC_SEGMENT_NO_GSP|NON_GET_METHOD|READS_REQUEST|NOT_FORCE_STATIC,,,,DYNAMIC_SEGMENT_NO_GSP|NON_GET_METHOD|READS_REQUEST|NOT_FORCE_STATIC,false
projexa,route,/api/reports/boq-analysis,src/app/api/reports/boq-analysis/route.ts,31,,,false,true,false,false,false,,0,false,0,,,,,,false,false,false,false,GET,request.nextUrl,,/reports/boq-analysis?${params.toString()},false,false,,,,false,READS_REQUEST|NOT_FORCE_STATIC,,,,READS_REQUEST|NOT_FORCE_STATIC,false
projexa,route,/api/reports/budget-variance/export,src/app/api/reports/budget-variance/export/route.ts,65,,,false,true,false,false,false,,0,false,0,,,,,,false,false,false,false,GET,request.nextUrl,,/reports/budget-variance/export?${upstream.toString()},false,false,,,,false,READS_REQUEST|NOT_FORCE_STATIC,,,,READS_REQUEST|NOT_FORCE_STATIC,false
projexa,route,/api/reports/catalog,src/app/api/reports/catalog/route.ts,23,,,false,true,false,false,false,,0,false,0,,,,,,false,false,false,false,GET,,,/reports/catalog,false,false,,,,false,NOT_FORCE_STATIC,,,,NOT_FORCE_STATIC,false
projexa,route,/api/reports/definitions/[id]/run,src/app/api/reports/definitions/[id]/run/route.ts,30,[id],,false,false,false,false,false,,0,false,0,,,,,,false,false,false,false,POST,request.json,,/reports/definitions/${encodeURIComponent(id)}/run,false,false,,,,false,DYNAMIC_SEGMENT_NO_GSP|NON_GET_METHOD|READS_REQUEST|NOT_FORCE_STATIC,,,,DYNAMIC_SEGMENT_NO_GSP|NON_GET_METHOD|READS_REQUEST|NOT_FORCE_STATIC,false
projexa,route,/api/reports/portfolio/budget-vs-actual,src/app/api/reports/portfolio/budget-vs-actual/route.ts,30,,,false,true,false,false,false,,0,false,0,,,,,,false,false,false,false,GET,request.nextUrl,,/reports/portfolio/budget-vs-actual${qs ? `?${qs},false,false,,,,false,READS_REQUEST|NOT_FORCE_STATIC,,,,READS_REQUEST|NOT_FORCE_STATIC,false
projexa,route,/api/rfis/[id],src/app/api/rfis/[id]/route.ts,35,[id],,false,false,false,false,false,,0,false,0,,,,,,false,false,false,false,GET|PATCH,request.json,,/rfis/${encodeURIComponent(id)},false,false,,,,false,DYNAMIC_SEGMENT_NO_GSP|NON_GET_METHOD|READS_REQUEST|NOT_FORCE_STATIC,,,,DYNAMIC_SEGMENT_NO_GSP|NON_GET_METHOD|READS_REQUEST|NOT_FORCE_STATIC,false
projexa,route,/api/rfis,src/app/api/rfis/route.ts,35,,,false,true,false,false,false,,0,false,0,,,,,,false,false,false,false,GET|POST,request.nextUrl|request.json,,/rfis?projectId=${encodeURIComponent(projectId)}|/rfis,false,false,,,,false,NON_GET_METHOD|READS_REQUEST|NOT_FORCE_STATIC,,,,NON_GET_METHOD|READS_REQUEST|NOT_FORCE_STATIC,false
projexa,route,/api/risks/[id],src/app/api/risks/[id]/route.ts,36,[id],,false,false,false,false,false,,0,false,0,,,,,,false,false,false,false,GET|PATCH,request.json,,/risks/${id},false,false,,,,false,DYNAMIC_SEGMENT_NO_GSP|NON_GET_METHOD|READS_REQUEST|NOT_FORCE_STATIC,,,,DYNAMIC_SEGMENT_NO_GSP|NON_GET_METHOD|READS_REQUEST|NOT_FORCE_STATIC,false
projexa,route,/api/risks,src/app/api/risks/route.ts,31,,,false,true,false,false,false,,0,false,0,,,,,,false,false,false,false,GET|POST,request.json,,/risks,false,false,,,,false,NON_GET_METHOD|READS_REQUEST|NOT_FORCE_STATIC,,,,NON_GET_METHOD|READS_REQUEST|NOT_FORCE_STATIC,false
projexa,route,/api/sales-invoices/[id]/cancel,src/app/api/sales-invoices/[id]/cancel/route.ts,20,[id],,false,false,false,false,false,,0,false,0,,,,,,false,false,false,false,POST,,,/sales-invoices/${id}/cancel,false,false,,,,false,DYNAMIC_SEGMENT_NO_GSP|NON_GET_METHOD|NOT_FORCE_STATIC,,,,DYNAMIC_SEGMENT_NO_GSP|NON_GET_METHOD|NOT_FORCE_STATIC,false
projexa,route,/api/sales-invoices/[id]/payments,src/app/api/sales-invoices/[id]/payments/route.ts,22,[id],,false,false,false,false,false,,0,false,0,,,,,,false,false,false,false,POST,request.json,,/sales-invoices/${id}/payments,false,false,,,,false,DYNAMIC_SEGMENT_NO_GSP|NON_GET_METHOD|READS_REQUEST|NOT_FORCE_STATIC,,,,DYNAMIC_SEGMENT_NO_GSP|NON_GET_METHOD|READS_REQUEST|NOT_FORCE_STATIC,false
projexa,route,/api/sales-invoices/[id],src/app/api/sales-invoices/[id]/route.ts,20,[id],,false,false,false,false,false,,0,false,0,,,,,,false,false,false,false,GET,,,/sales-invoices/${id},false,false,,,,false,DYNAMIC_SEGMENT_NO_GSP|NOT_FORCE_STATIC,,,,DYNAMIC_SEGMENT_NO_GSP|NOT_FORCE_STATIC,false
projexa,route,/api/sales-invoices/[id]/submit,src/app/api/sales-invoices/[id]/submit/route.ts,23,[id],,false,false,false,false,false,,0,false,0,,,,,,false,false,false,false,POST,request.json,,/sales-invoices/${id}/submit,false,false,,,,false,DYNAMIC_SEGMENT_NO_GSP|NON_GET_METHOD|READS_REQUEST|NOT_FORCE_STATIC,,,,DYNAMIC_SEGMENT_NO_GSP|NON_GET_METHOD|READS_REQUEST|NOT_FORCE_STATIC,false
projexa,route,/api/sales-invoices,src/app/api/sales-invoices/route.ts,37,,,false,true,false,false,false,,0,false,0,,,,,,false,false,false,false,GET|POST,request.nextUrl|request.json,,/sales-invoices${request.nextUrl.search}|/sales-invoices,false,false,,,,false,NON_GET_METHOD|READS_REQUEST|NOT_FORCE_STATIC,,,,NON_GET_METHOD|READS_REQUEST|NOT_FORCE_STATIC,false
projexa,route,/api/sales-order-document-flow/[id],src/app/api/sales-order-document-flow/[id]/route.ts,24,[id],,false,false,false,false,false,,0,false,0,,,,,,false,false,false,false,GET,"NextRequest (typed, no member read detected)",,/sales-order-document-flow/${encodeURIComponent(id)},false,false,,,,false,DYNAMIC_SEGMENT_NO_GSP|NOT_FORCE_STATIC,,,,DYNAMIC_SEGMENT_NO_GSP|NOT_FORCE_STATIC,false
projexa,route,/api/sales-orders/[id],src/app/api/sales-orders/[id]/route.ts,35,[id],,false,false,false,false,false,,0,false,0,,,,,,false,false,false,false,GET|PATCH,request.json,,/sales-orders/${id},false,false,,,,false,DYNAMIC_SEGMENT_NO_GSP|NON_GET_METHOD|READS_REQUEST|NOT_FORCE_STATIC,,,,DYNAMIC_SEGMENT_NO_GSP|NON_GET_METHOD|READS_REQUEST|NOT_FORCE_STATIC,false
projexa,route,/api/sales-orders/bulk-status,src/app/api/sales-orders/bulk-status/route.ts,18,,,false,true,false,false,false,,0,false,0,,,,,,false,false,false,false,POST,request.json,,/sales-orders/bulk-status,false,false,,,,false,NON_GET_METHOD|READS_REQUEST|NOT_FORCE_STATIC,,,,NON_GET_METHOD|READS_REQUEST|NOT_FORCE_STATIC,false
projexa,route,/api/sales-orders,src/app/api/sales-orders/route.ts,30,,,false,true,false,false,false,,0,false,0,,,,,,false,false,false,false,GET|POST,request.nextUrl|request.json,,/sales-orders${qs}|/sales-orders,false,false,,,,false,NON_GET_METHOD|READS_REQUEST|NOT_FORCE_STATIC,,,,NON_GET_METHOD|READS_REQUEST|NOT_FORCE_STATIC,false
projexa,route,/api/sales-pipeline,src/app/api/sales-pipeline/route.ts,17,,,false,true,false,false,false,,0,false,0,,,,,,false,false,false,false,GET,,,/sales-pipeline,false,false,,,,false,NOT_FORCE_STATIC,,,,NOT_FORCE_STATIC,false
projexa,route,/api/schedule/baselines/[id],src/app/api/schedule/baselines/[id]/route.ts,21,[id],,false,false,false,false,false,,0,false,0,,,,,,false,false,false,false,GET,"NextRequest (typed, no member read detected)",,/schedule/baselines/${encodeURIComponent(id)},false,false,,,,false,DYNAMIC_SEGMENT_NO_GSP|NOT_FORCE_STATIC,,,,DYNAMIC_SEGMENT_NO_GSP|NOT_FORCE_STATIC,false
projexa,route,/api/schedule/baselines,src/app/api/schedule/baselines/route.ts,38,,,false,true,false,false,false,,0,false,0,,,,,,false,false,false,false,GET|POST,request.nextUrl|request.json,,/schedule/baselines?projectId=${encodeURIComponent(projectId)}|/schedule/baselines,false,false,,,,false,NON_GET_METHOD|READS_REQUEST|NOT_FORCE_STATIC,,,,NON_GET_METHOD|READS_REQUEST|NOT_FORCE_STATIC,false
projexa,route,/api/schedule/gantt,src/app/api/schedule/gantt/route.ts,21,,,false,true,false,false,false,,0,false,0,,,,,,false,false,false,false,GET,request.nextUrl,,/schedule/gantt?projectId=${encodeURIComponent(projectId)},false,false,,,,false,READS_REQUEST|NOT_FORCE_STATIC,,,,READS_REQUEST|NOT_FORCE_STATIC,false
projexa,route,/api/schedule/import,src/app/api/schedule/import/route.ts,34,,,false,true,false,false,false,,0,false,0,,,,,,false,false,false,false,POST,request.formData,,/schedule/import,false,false,,,,false,NON_GET_METHOD|READS_REQUEST|NOT_FORCE_STATIC,,,,NON_GET_METHOD|READS_REQUEST|NOT_FORCE_STATIC,false
projexa,route,/api/schedule/sprints/[id]/issues,src/app/api/schedule/sprints/[id]/issues/route.ts,50,[id],,false,false,false,false,false,,0,false,0,,,,,,false,false,false,false,GET|POST|DELETE,request.json|request.nextUrl,,/schedule/sprints/${encodeURIComponent(id)}/issues|/schedule/sprints/${encodeURIComponent(id)}/issues?issueId=${encodeURIComponent(issueId)},false,false,,,,false,DYNAMIC_SEGMENT_NO_GSP|NON_GET_METHOD|READS_REQUEST|NOT_FORCE_STATIC,,,,DYNAMIC_SEGMENT_NO_GSP|NON_GET_METHOD|READS_REQUEST|NOT_FORCE_STATIC,false
projexa,route,/api/schedule/sprints/[id],src/app/api/schedule/sprints/[id]/route.ts,23,[id],,false,false,false,false,false,,0,false,0,,,,,,false,false,false,false,PATCH,request.json,,/schedule/sprints/${encodeURIComponent(id)},false,false,,,,false,DYNAMIC_SEGMENT_NO_GSP|NON_GET_METHOD|READS_REQUEST|NOT_FORCE_STATIC,,,,DYNAMIC_SEGMENT_NO_GSP|NON_GET_METHOD|READS_REQUEST|NOT_FORCE_STATIC,false
projexa,route,/api/schedule/sprints,src/app/api/schedule/sprints/route.ts,36,,,false,true,false,false,false,,0,false,0,,,,,,false,false,false,false,GET|POST,request.nextUrl|request.json,,/schedule/sprints?projectId=${encodeURIComponent(projectId)}|/schedule/sprints,false,false,,,,false,NON_GET_METHOD|READS_REQUEST|NOT_FORCE_STATIC,,,,NON_GET_METHOD|READS_REQUEST|NOT_FORCE_STATIC,false
projexa,route,/api/schedule/tasks/[id]/completion,src/app/api/schedule/tasks/[id]/completion/route.ts,46,[id],,false,false,false,false,false,,0,false,0,,,,,,false,false,false,false,GET|PATCH,request.json,,/schedule/${encodeURIComponent(id)}/completion,false,false,,,,false,DYNAMIC_SEGMENT_NO_GSP|NON_GET_METHOD|READS_REQUEST|NOT_FORCE_STATIC,,,,DYNAMIC_SEGMENT_NO_GSP|NON_GET_METHOD|READS_REQUEST|NOT_FORCE_STATIC,false
projexa,route,/api/schedule/tasks/[id],src/app/api/schedule/tasks/[id]/route.ts,36,[id],,false,false,false,false,false,,0,false,0,,,,,,false,false,false,false,GET|PATCH,request.json,,/schedule/${encodeURIComponent(id)},false,false,,,,false,DYNAMIC_SEGMENT_NO_GSP|NON_GET_METHOD|READS_REQUEST|NOT_FORCE_STATIC,,,,DYNAMIC_SEGMENT_NO_GSP|NON_GET_METHOD|READS_REQUEST|NOT_FORCE_STATIC,false
projexa,route,/api/schedule/tasks,src/app/api/schedule/tasks/route.ts,50,,,false,true,false,false,false,,0,false,0,,,,,,false,false,false,false,GET|POST,request.nextUrl|request.json,,/schedule?projectId=${encodeURIComponent(projectId)}|/schedule,false,false,,,,false,NON_GET_METHOD|READS_REQUEST|NOT_FORCE_STATIC,,,,NON_GET_METHOD|READS_REQUEST|NOT_FORCE_STATIC,false
projexa,route,/api/schedule/types,src/app/api/schedule/types/route.ts,20,,,false,true,false,false,false,,0,false,0,,,,,,false,false,false,false,GET,,,/schedule/types,false,false,,,,false,NOT_FORCE_STATIC,,,,NOT_FORCE_STATIC,false
projexa,route,/api/schedule/workload,src/app/api/schedule/workload/route.ts,38,,,false,true,false,false,false,,0,false,0,,,,,,false,false,false,false,GET|POST,request.nextUrl|request.json,,/schedule/workload?projectId=${encodeURIComponent(projectId)}|/schedule/workload,false,false,,,,false,NON_GET_METHOD|READS_REQUEST|NOT_FORCE_STATIC,,,,NON_GET_METHOD|READS_REQUEST|NOT_FORCE_STATIC,false
projexa,route,/api/schedule-tracker,src/app/api/schedule-tracker/route.ts,19,,,false,true,false,false,false,,0,false,0,,,,,,false,false,false,false,GET,request.nextUrl,,/construction/schedule?projectId=${encodeURIComponent(projectId)},false,false,,,,false,READS_REQUEST|NOT_FORCE_STATIC,,,,READS_REQUEST|NOT_FORCE_STATIC,false
projexa,route,/api/scope/[id]/approve,src/app/api/scope/[id]/approve/route.ts,26,[id],,false,false,false,false,false,,0,false,0,,,,,,false,false,false,false,POST,,,/scope/${encodeURIComponent(id)}/approve,false,false,,,,false,DYNAMIC_SEGMENT_NO_GSP|NON_GET_METHOD|NOT_FORCE_STATIC,,,,DYNAMIC_SEGMENT_NO_GSP|NON_GET_METHOD|NOT_FORCE_STATIC,false
projexa,route,/api/scope/[id]/compare,src/app/api/scope/[id]/compare/route.ts,20,[id],,false,false,false,false,false,,0,false,0,,,,,,false,false,false,false,GET,request.nextUrl,,/scope/${encodeURIComponent(id)}/compare${query},false,false,,,,false,DYNAMIC_SEGMENT_NO_GSP|READS_REQUEST|NOT_FORCE_STATIC,,,,DYNAMIC_SEGMENT_NO_GSP|READS_REQUEST|NOT_FORCE_STATIC,false
projexa,route,/api/scope/[id]/revisions,src/app/api/scope/[id]/revisions/route.ts,38,[id],,false,false,false,false,false,,0,false,0,,,,,,false,false,false,false,POST,request.json,,/scope/${encodeURIComponent(id)}/revisions,false,false,,,,false,DYNAMIC_SEGMENT_NO_GSP|NON_GET_METHOD|READS_REQUEST|NOT_FORCE_STATIC,,,,DYNAMIC_SEGMENT_NO_GSP|NON_GET_METHOD|READS_REQUEST|NOT_FORCE_STATIC,false
projexa,route,/api/scope/[id],src/app/api/scope/[id]/route.ts,149,[id],,false,false,false,false,false,,0,false,0,,,,,,false,false,false,false,GET|PATCH|DELETE,request.url|request.json|new URL(request.url),,/scope/${encodeURIComponent(id)}${view ? `?view=${encodeURIComponent(view)}|/scope/${encodeURIComponent(id)},false,false,,,,false,DYNAMIC_SEGMENT_NO_GSP|NON_GET_METHOD|READS_REQUEST|NOT_FORCE_STATIC,,,,DYNAMIC_SEGMENT_NO_GSP|NON_GET_METHOD|READS_REQUEST|NOT_FORCE_STATIC,false
projexa,route,/api/scope/[id]/submit,src/app/api/scope/[id]/submit/route.ts,26,[id],,false,false,false,false,false,,0,false,0,,,,,,false,false,false,false,POST,,,/scope/${encodeURIComponent(id)}/submit,false,false,,,,false,DYNAMIC_SEGMENT_NO_GSP|NON_GET_METHOD|NOT_FORCE_STATIC,,,,DYNAMIC_SEGMENT_NO_GSP|NON_GET_METHOD|NOT_FORCE_STATIC,false
projexa,route,/api/scope/categories/[id],src/app/api/scope/categories/[id]/route.ts,53,[id],,false,false,false,false,false,,0,false,0,,,,,,false,false,false,false,PATCH|DELETE,request.json,,/scope/categories/${encodeURIComponent(id)},false,false,,,,false,DYNAMIC_SEGMENT_NO_GSP|NON_GET_METHOD|READS_REQUEST|NOT_FORCE_STATIC,,,,DYNAMIC_SEGMENT_NO_GSP|NON_GET_METHOD|READS_REQUEST|NOT_FORCE_STATIC,false
projexa,route,/api/scope/categories,src/app/api/scope/categories/route.ts,46,,,false,true,false,false,false,,0,false,0,,,,,,false,false,false,false,GET|POST,request.nextUrl|request.json,,"/scope/categories${includeInactive ? ""?includeInactive=1"" : """"}|/scope/categories",false,false,,,,false,NON_GET_METHOD|READS_REQUEST|NOT_FORCE_STATIC,,,,NON_GET_METHOD|READS_REQUEST|NOT_FORCE_STATIC,false
projexa,route,/api/scope/cost-visibility,src/app/api/scope/cost-visibility/route.ts,58,,,false,true,false,false,false,,0,false,0,,,,,,false,false,false,false,GET|PATCH,request.json,,/construction/cost-visibility,false,false,,,,false,NON_GET_METHOD|READS_REQUEST|NOT_FORCE_STATIC,,,,NON_GET_METHOD|READS_REQUEST|NOT_FORCE_STATIC,false
projexa,route,/api/scope/import,src/app/api/scope/import/route.ts,43,,,false,true,false,false,false,,0,false,0,,,,,,false,false,false,false,POST,request.formData|request.nextUrl,,"/scope/import${dryRun ? ""?dryRun=1"" : """"}",false,false,,,,false,NON_GET_METHOD|READS_REQUEST|NOT_FORCE_STATIC,,,,NON_GET_METHOD|READS_REQUEST|NOT_FORCE_STATIC,false
projexa,route,/api/scope/import/template,src/app/api/scope/import/template/route.ts,31,,,false,true,false,false,false,,0,false,0,,,,,,false,false,false,false,GET,"NextRequest (typed, no member read detected)",,/scope/import/template,false,false,,,,false,NOT_FORCE_STATIC,,,,NOT_FORCE_STATIC,false
projexa,route,/api/scope/line-items/[id],src/app/api/scope/line-items/[id]/route.ts,33,[id],,false,false,false,false,false,,0,false,0,,,,,,false,false,false,false,PATCH,request.json,,/scope/line-items/${encodeURIComponent(id)},false,false,,,,false,DYNAMIC_SEGMENT_NO_GSP|NON_GET_METHOD|READS_REQUEST|NOT_FORCE_STATIC,,,,DYNAMIC_SEGMENT_NO_GSP|NON_GET_METHOD|READS_REQUEST|NOT_FORCE_STATIC,false
projexa,route,/api/scope/lines,src/app/api/scope/lines/route.ts,36,,,false,true,false,false,false,,0,false,0,,,,,,false,false,false,false,GET,request.nextUrl,,/scope/lines?${forwarded.toString()},false,false,,,,false,READS_REQUEST|NOT_FORCE_STATIC,,,,READS_REQUEST|NOT_FORCE_STATIC,false
projexa,route,/api/scope,src/app/api/scope/route.ts,100,,,false,true,false,false,false,,0,false,0,,,,,,false,false,false,false,GET|POST,request.nextUrl|request.json,,/scope?projectId=${encodeURIComponent(projectId)}${include},false,false,,,,false,NON_GET_METHOD|READS_REQUEST|NOT_FORCE_STATIC,,,,NON_GET_METHOD|READS_REQUEST|NOT_FORCE_STATIC,false
projexa,route,/api/screen-drafts/[id],src/app/api/screen-drafts/[id]/route.ts,35,[id],,false,false,false,false,false,,0,false,0,,,,,,false,false,false,false,PATCH|DELETE,request.json,,/screen-drafts/${encodeURIComponent(id)},false,false,,,,false,DYNAMIC_SEGMENT_NO_GSP|NON_GET_METHOD|READS_REQUEST|NOT_FORCE_STATIC,,,,DYNAMIC_SEGMENT_NO_GSP|NON_GET_METHOD|READS_REQUEST|NOT_FORCE_STATIC,false
projexa,route,/api/screen-drafts,src/app/api/screen-drafts/route.ts,39,,,false,true,false,false,false,,0,false,0,,,,,,false,false,false,false,GET|POST,request.nextUrl|request.json,,/screen-drafts?${qs.toString()}|/screen-drafts,false,false,,,,false,NON_GET_METHOD|READS_REQUEST|NOT_FORCE_STATIC,,,,NON_GET_METHOD|READS_REQUEST|NOT_FORCE_STATIC,false
projexa,route,/api/search,src/app/api/search/route.ts,32,,,false,true,false,false,false,,0,false,0,,,,,,false,false,false,false,GET,request.nextUrl,,,false,false,,,,false,READS_REQUEST|NOT_FORCE_STATIC,,,,READS_REQUEST|NOT_FORCE_STATIC,false
projexa,route,/api/shared/mom/[token]/pdf,src/app/api/shared/mom/[token]/pdf/route.ts,36,[token],,false,false,false,false,false,,0,false,0,,,,,,false,false,false,false,GET,,${VERIDIAN_ORIGIN}/api/veri-meetings/share/${encodeURIComponent(token)}/pdf,,false,false,,,,false,DYNAMIC_SEGMENT_NO_GSP|NOT_FORCE_STATIC,,,,DYNAMIC_SEGMENT_NO_GSP|NOT_FORCE_STATIC,false
projexa,route,/api/shell,src/app/api/shell/route.ts,179,,,false,true,false,false,false,,0,false,0,force-dynamic,,,,,false,false,false,false,GET,,,/dashboard|/pill-usage?limit=6|/capability-tree|/currencies|/vendors,false,false,,,,false,FORCE_DYNAMIC|NOT_FORCE_STATIC,,,,FORCE_DYNAMIC|NOT_FORCE_STATIC,false
projexa,route,/api/site-diary/[id],src/app/api/site-diary/[id]/route.ts,20,[id],,false,false,false,false,false,,0,false,0,,,,,,false,false,false,false,GET,"NextRequest (typed, no member read detected)",,/site-diary/${encodeURIComponent(id)},false,false,,,,false,DYNAMIC_SEGMENT_NO_GSP|NOT_FORCE_STATIC,,,,DYNAMIC_SEGMENT_NO_GSP|NOT_FORCE_STATIC,false
projexa,route,/api/site-diary,src/app/api/site-diary/route.ts,33,,,false,true,false,false,false,,0,false,0,,,,,,false,false,false,false,GET|POST,request.nextUrl|request.json,,/site-diary?projectId=${encodeURIComponent(projectId)}|/site-diary,false,false,,,,false,NON_GET_METHOD|READS_REQUEST|NOT_FORCE_STATIC,,,,NON_GET_METHOD|READS_REQUEST|NOT_FORCE_STATIC,false
projexa,route,/api/site-instructions/[id],src/app/api/site-instructions/[id]/route.ts,18,[id],,false,false,false,false,false,,0,false,0,,,,,,false,false,false,false,GET,"NextRequest (typed, no member read detected)",,/site-instructions/${encodeURIComponent(id)},false,false,,,,false,DYNAMIC_SEGMENT_NO_GSP|NOT_FORCE_STATIC,,,,DYNAMIC_SEGMENT_NO_GSP|NOT_FORCE_STATIC,false
projexa,route,/api/site-instructions,src/app/api/site-instructions/route.ts,119,,,false,true,false,false,false,,0,false,0,,,,,,false,false,false,false,GET|POST,request.nextUrl|request.headers|request.json|request.formData,,/site-instructions?projectId=${encodeURIComponent(projectId)}|/site-instructions|/documents,false,false,,,,false,NON_GET_METHOD|READS_REQUEST|NOT_FORCE_STATIC,,,,NON_GET_METHOD|READS_REQUEST|NOT_FORCE_STATIC,false
projexa,route,/api/submittals/[id],src/app/api/submittals/[id]/route.ts,39,[id],,false,false,false,false,false,,0,false,0,,,,,,false,false,false,false,GET|PATCH,request.json,,/submittals/${encodeURIComponent(id)},false,false,,,,false,DYNAMIC_SEGMENT_NO_GSP|NON_GET_METHOD|READS_REQUEST|NOT_FORCE_STATIC,,,,DYNAMIC_SEGMENT_NO_GSP|NON_GET_METHOD|READS_REQUEST|NOT_FORCE_STATIC,false
projexa,route,/api/submittals,src/app/api/submittals/route.ts,31,,,false,true,false,false,false,,0,false,0,,,,,,false,false,false,false,GET|POST,request.nextUrl|request.json,,/submittals?projectId=${encodeURIComponent(projectId)}|/submittals,false,false,,,,false,NON_GET_METHOD|READS_REQUEST|NOT_FORCE_STATIC,,,,NON_GET_METHOD|READS_REQUEST|NOT_FORCE_STATIC,false
projexa,route,/api/tasks/[id],src/app/api/tasks/[id]/route.ts,33,[id],,false,false,false,false,false,,0,false,0,force-dynamic,,,,,false,false,false,false,GET,,,/tasks/${encodeURIComponent(id)},false,false,,,,false,DYNAMIC_SEGMENT_NO_GSP|FORCE_DYNAMIC|NOT_FORCE_STATIC,,,,DYNAMIC_SEGMENT_NO_GSP|FORCE_DYNAMIC|NOT_FORCE_STATIC,false
projexa,route,/api/tasks,src/app/api/tasks/route.ts,95,,,false,true,false,false,false,,0,false,0,force-dynamic,,,,,false,false,false,false,GET|POST,req.url|req.json|new URL(req.url),,/tasks${suffix}|/tasks,false,false,,,,false,FORCE_DYNAMIC|NON_GET_METHOD|READS_REQUEST|NOT_FORCE_STATIC,,,,FORCE_DYNAMIC|NON_GET_METHOD|READS_REQUEST|NOT_FORCE_STATIC,false
projexa,route,/api/tax-templates,src/app/api/tax-templates/route.ts,20,,,false,true,false,false,false,,0,false,0,,,,,,false,false,false,false,GET,,,/tax-templates,false,false,,,,false,NOT_FORCE_STATIC,,,,NOT_FORCE_STATIC,false
projexa,route,/api/timesheets/[id]/approve,src/app/api/timesheets/[id]/approve/route.ts,37,[id],,false,false,false,false,false,,0,false,0,,,,,,false,false,false,false,POST,"NextRequest (typed, no member read detected)",,/timesheets/${encodeURIComponent(id)}/approve,false,false,,,,false,DYNAMIC_SEGMENT_NO_GSP|NON_GET_METHOD|NOT_FORCE_STATIC,,,,DYNAMIC_SEGMENT_NO_GSP|NON_GET_METHOD|NOT_FORCE_STATIC,false
projexa,route,/api/timesheets/[id]/reject,src/app/api/timesheets/[id]/reject/route.ts,33,[id],,false,false,false,false,false,,0,false,0,,,,,,false,false,false,false,POST,request.json,,/timesheets/${encodeURIComponent(id)}/reject,false,false,,,,false,DYNAMIC_SEGMENT_NO_GSP|NON_GET_METHOD|READS_REQUEST|NOT_FORCE_STATIC,,,,DYNAMIC_SEGMENT_NO_GSP|NON_GET_METHOD|READS_REQUEST|NOT_FORCE_STATIC,false
projexa,route,/api/timesheets/[id],src/app/api/timesheets/[id]/route.ts,69,[id],,false,false,false,false,false,,0,false,0,,,,,,false,false,false,false,GET|PATCH|DELETE,request.json,,/timesheets/${encodeURIComponent(id)},false,false,,,,false,DYNAMIC_SEGMENT_NO_GSP|NON_GET_METHOD|READS_REQUEST|NOT_FORCE_STATIC,,,,DYNAMIC_SEGMENT_NO_GSP|NON_GET_METHOD|READS_REQUEST|NOT_FORCE_STATIC,false
projexa,route,/api/timesheets/[id]/submit,src/app/api/timesheets/[id]/submit/route.ts,36,[id],,false,false,false,false,false,,0,false,0,,,,,,false,false,false,false,POST,"NextRequest (typed, no member read detected)",,/timesheets/${encodeURIComponent(id)}/submit,false,false,,,,false,DYNAMIC_SEGMENT_NO_GSP|NON_GET_METHOD|NOT_FORCE_STATIC,,,,DYNAMIC_SEGMENT_NO_GSP|NON_GET_METHOD|NOT_FORCE_STATIC,false
projexa,route,/api/timesheets/review-day,src/app/api/timesheets/review-day/route.ts,39,,,false,true,false,false,false,,0,false,0,,,,,,false,false,false,false,POST,request.json,,/timesheets/review-day,false,false,,,,false,NON_GET_METHOD|READS_REQUEST|NOT_FORCE_STATIC,,,,NON_GET_METHOD|READS_REQUEST|NOT_FORCE_STATIC,false
projexa,route,/api/timesheets,src/app/api/timesheets/route.ts,71,,,false,true,false,false,false,,0,false,0,,,,,,false,false,false,false,GET|POST,request.nextUrl|request.json,,/timesheets?${qs.toString()}|/timesheets,false,false,,,,false,NON_GET_METHOD|READS_REQUEST|NOT_FORCE_STATIC,,,,NON_GET_METHOD|READS_REQUEST|NOT_FORCE_STATIC,false
projexa,route,/api/timesheets/submit-day,src/app/api/timesheets/submit-day/route.ts,32,,,false,true,false,false,false,,0,false,0,,,,,,false,false,false,false,POST,request.json,,/timesheets/submit-day,false,false,,,,false,NON_GET_METHOD|READS_REQUEST|NOT_FORCE_STATIC,,,,NON_GET_METHOD|READS_REQUEST|NOT_FORCE_STATIC,false
projexa,route,/api/todos/[id],src/app/api/todos/[id]/route.ts,36,[id],,false,false,false,false,false,,0,false,0,,,,,,false,false,false,false,PATCH|DELETE,request.json,,,false,false,,,,false,DYNAMIC_SEGMENT_NO_GSP|NON_GET_METHOD|READS_REQUEST|NOT_FORCE_STATIC,,,,DYNAMIC_SEGMENT_NO_GSP|NON_GET_METHOD|READS_REQUEST|NOT_FORCE_STATIC,false
projexa,route,/api/todos,src/app/api/todos/route.ts,39,,,false,true,false,false,false,,0,false,0,,,,,,false,false,false,false,GET|POST,request.json,,,false,false,,,,false,NON_GET_METHOD|READS_REQUEST|NOT_FORCE_STATIC,,,,NON_GET_METHOD|READS_REQUEST|NOT_FORCE_STATIC,false
projexa,route,/api/trial-balance,src/app/api/trial-balance/route.ts,18,,,false,true,false,false,false,,0,false,0,,,,,,false,false,false,false,GET,request.nextUrl,,/trial-balance${request.nextUrl.search},false,false,,,,false,READS_REQUEST|NOT_FORCE_STATIC,,,,READS_REQUEST|NOT_FORCE_STATIC,false
projexa,route,/api/user-preference/last-project,src/app/api/user-preference/last-project/route.ts,27,,,false,true,false,false,false,,0,false,0,,,,,,false,false,false,false,PATCH,request.json,,,false,false,,,,false,NON_GET_METHOD|READS_REQUEST|NOT_FORCE_STATIC,,,,NON_GET_METHOD|READS_REQUEST|NOT_FORCE_STATIC,false
projexa,route,/api/vendor-risk,src/app/api/vendor-risk/route.ts,31,,,false,true,false,false,false,,0,false,0,,,,,,false,false,false,false,GET|POST,request.json,,/vendor-risk,false,false,,,,false,NON_GET_METHOD|READS_REQUEST|NOT_FORCE_STATIC,,,,NON_GET_METHOD|READS_REQUEST|NOT_FORCE_STATIC,false
projexa,route,/api/vendors/[id]/bank-accounts,src/app/api/vendors/[id]/bank-accounts/route.ts,34,[id],,false,false,false,false,false,,0,false,0,,,,,,false,false,false,false,GET|POST,request.json,,/vendors/${encodeURIComponent(id)}/bank-accounts,false,false,,,,false,DYNAMIC_SEGMENT_NO_GSP|NON_GET_METHOD|READS_REQUEST|NOT_FORCE_STATIC,,,,DYNAMIC_SEGMENT_NO_GSP|NON_GET_METHOD|READS_REQUEST|NOT_FORCE_STATIC,false
projexa,route,/api/vendors/[id]/portal-links/[linkId],src/app/api/vendors/[id]/portal-links/[linkId]/route.ts,20,[id]|[linkId],,false,false,false,false,false,,0,false,0,,,,,,false,false,false,false,DELETE,"NextRequest (typed, no member read detected)",,/vendors/${encodeURIComponent(id)}/portal-links/${encodeURIComponent(linkId)},false,false,,,,false,DYNAMIC_SEGMENT_NO_GSP|NON_GET_METHOD|NOT_FORCE_STATIC,,,,DYNAMIC_SEGMENT_NO_GSP|NON_GET_METHOD|NOT_FORCE_STATIC,false
projexa,route,/api/vendors/[id]/portal-links,src/app/api/vendors/[id]/portal-links/route.ts,34,[id],,false,false,false,false,false,,0,false,0,,,,,,false,false,false,false,GET|POST,request.json,,/vendors/${encodeURIComponent(id)}/portal-links,false,false,,,,false,DYNAMIC_SEGMENT_NO_GSP|NON_GET_METHOD|READS_REQUEST|NOT_FORCE_STATIC,,,,DYNAMIC_SEGMENT_NO_GSP|NON_GET_METHOD|READS_REQUEST|NOT_FORCE_STATIC,false
projexa,route,/api/vendors/[id]/qualification,src/app/api/vendors/[id]/qualification/route.ts,34,[id],,false,false,false,false,false,,0,false,0,,,,,,false,false,false,false,GET|POST,request.json,,/vendors/${encodeURIComponent(id)}/qualification,false,false,,,,false,DYNAMIC_SEGMENT_NO_GSP|NON_GET_METHOD|READS_REQUEST|NOT_FORCE_STATIC,,,,DYNAMIC_SEGMENT_NO_GSP|NON_GET_METHOD|READS_REQUEST|NOT_FORCE_STATIC,false
projexa,route,/api/vendors/[id],src/app/api/vendors/[id]/route.ts,98,[id],,false,false,false,false,false,,0,false,0,,,,,,false,false,false,false,GET|PATCH|DELETE,request.json,,/vendors/${encodeURIComponent(id)},false,false,,,,false,DYNAMIC_SEGMENT_NO_GSP|NON_GET_METHOD|READS_REQUEST|NOT_FORCE_STATIC,,,,DYNAMIC_SEGMENT_NO_GSP|NON_GET_METHOD|READS_REQUEST|NOT_FORCE_STATIC,false
projexa,route,/api/vendors/[id]/sanction-checks,src/app/api/vendors/[id]/sanction-checks/route.ts,34,[id],,false,false,false,false,false,,0,false,0,,,,,,false,false,false,false,GET|POST,request.json,,/vendors/${encodeURIComponent(id)}/sanction-checks,false,false,,,,false,DYNAMIC_SEGMENT_NO_GSP|NON_GET_METHOD|READS_REQUEST|NOT_FORCE_STATIC,,,,DYNAMIC_SEGMENT_NO_GSP|NON_GET_METHOD|READS_REQUEST|NOT_FORCE_STATIC,false
projexa,route,/api/vendors,src/app/api/vendors/route.ts,34,,,false,true,false,false,false,,0,false,0,,,,,,false,false,false,false,GET|POST,request.json,,/vendors,false,false,,,,false,NON_GET_METHOD|READS_REQUEST|NOT_FORCE_STATIC,,,,NON_GET_METHOD|READS_REQUEST|NOT_FORCE_STATIC,false
projexa,route,/api/veridian-link,src/app/api/veridian-link/route.ts,29,,,false,true,false,false,false,,0,false,0,,,,,,false,false,false,false,GET,,,,false,false,,,,false,NOT_FORCE_STATIC,,,,NOT_FORCE_STATIC,false
projexa,route,/api/wiki/[id],src/app/api/wiki/[id]/route.ts,34,[id],,false,false,false,false,false,,0,false,0,,,,,,false,false,false,false,GET|PATCH,request.json,,/wiki/${encodeURIComponent(id)},false,false,,,,false,DYNAMIC_SEGMENT_NO_GSP|NON_GET_METHOD|READS_REQUEST|NOT_FORCE_STATIC,,,,DYNAMIC_SEGMENT_NO_GSP|NON_GET_METHOD|READS_REQUEST|NOT_FORCE_STATIC,false
projexa,route,/api/wiki,src/app/api/wiki/route.ts,36,,,false,true,false,false,false,,0,false,0,,,,,,false,false,false,false,GET|POST,request.nextUrl|request.json,,/wiki?projectId=${encodeURIComponent(projectId)}|/wiki,false,false,,,,false,NON_GET_METHOD|READS_REQUEST|NOT_FORCE_STATIC,,,,NON_GET_METHOD|READS_REQUEST|NOT_FORCE_STATIC,false
projexa,route,/api/work-progress/[id],src/app/api/work-progress/[id]/route.ts,68,[id],,false,false,false,false,false,,0,false,0,,,,,,false,false,false,false,GET|PATCH|DELETE,request.json,,/work-progress/${encodeURIComponent(id)},false,false,,,,false,DYNAMIC_SEGMENT_NO_GSP|NON_GET_METHOD|READS_REQUEST|NOT_FORCE_STATIC,,,,DYNAMIC_SEGMENT_NO_GSP|NON_GET_METHOD|READS_REQUEST|NOT_FORCE_STATIC,false
projexa,route,/api/work-progress/activities,src/app/api/work-progress/activities/route.ts,38,,,false,true,false,false,false,,0,false,0,,,,,,false,false,false,false,GET|POST,request.nextUrl|request.json,,/work-progress/activities?projectId=${encodeURIComponent(projectId)}|/work-progress/activities,false,false,,,,false,NON_GET_METHOD|READS_REQUEST|NOT_FORCE_STATIC,,,,NON_GET_METHOD|READS_REQUEST|NOT_FORCE_STATIC,false
projexa,route,/api/work-progress/photos,src/app/api/work-progress/photos/route.ts,84,,,false,true,false,false,false,,0,false,0,,,,,,false,false,false,false,GET|POST,request.formData|request.nextUrl,,,false,false,,,,false,NON_GET_METHOD|READS_REQUEST|NOT_FORCE_STATIC,,,,NON_GET_METHOD|READS_REQUEST|NOT_FORCE_STATIC,false
projexa,route,/api/work-progress/report/pdf,src/app/api/work-progress/report/pdf/route.ts,43,,,false,true,false,false,false,,0,false,0,,,,,,false,false,false,false,GET,request.nextUrl,,/work-progress/report/pdf?${qs},false,false,,,,false,READS_REQUEST|NOT_FORCE_STATIC,,,,READS_REQUEST|NOT_FORCE_STATIC,false
projexa,route,/api/work-progress/report,src/app/api/work-progress/report/route.ts,245,,,false,true,false,false,false,,0,false,0,,,,,,false,false,false,false,GET,request.nextUrl|request.signal,,/scope?${qp}|/work-progress/activities?${qp}|/work-progress?${qp}&dateTo=${encodeURIComponent(to)}|/construction/labour-roster?${qp}|/attendance?${qp}&from=${encodeURIComponent(effectiveFrom)}&to=${encodeURIComponent(to)},false,false,,,,false,READS_REQUEST|NOT_FORCE_STATIC,,,,READS_REQUEST|NOT_FORCE_STATIC,false
projexa,route,/api/work-progress/report/share,src/app/api/work-progress/report/share/route.ts,34,,,false,true,false,false,false,,0,false,0,,,,,,false,false,false,false,POST,request.json|request.nextUrl,,/reports/share,false,false,,,,false,NON_GET_METHOD|READS_REQUEST|NOT_FORCE_STATIC,,,,NON_GET_METHOD|READS_REQUEST|NOT_FORCE_STATIC,false
projexa,route,/api/work-progress/report/xlsx,src/app/api/work-progress/report/xlsx/route.ts,60,,,false,true,false,false,false,,0,false,0,,,,,,false,false,false,false,GET,request.nextUrl|request.signal,,/work-progress/report/xlsx?${qs},false,false,,,,false,READS_REQUEST|NOT_FORCE_STATIC,,,,READS_REQUEST|NOT_FORCE_STATIC,false
projexa,route,/api/work-progress,src/app/api/work-progress/route.ts,51,,,false,true,false,false,false,,0,false,0,,,,,,false,false,false,false,GET|POST,request.nextUrl|request.json,,/work-progress?projectId=${encodeURIComponent(projectId)}|/work-progress,false,false,,,,false,NON_GET_METHOD|READS_REQUEST|NOT_FORCE_STATIC,,,,NON_GET_METHOD|READS_REQUEST|NOT_FORCE_STATIC,false
projexa,page,/auth/callback,src/app/auth/callback/page.tsx,155,,,false,true,true,false,false,,0,false,0,,,,,,false,false,false,false,,,/api/org/provision,,false,false,,,,false,,NEXT_HEADERS_TRANSITIVE,src/app/layout.tsx,,NEXT_HEADERS_TRANSITIVE,false
projexa,page,/disclaimer,src/app/disclaimer/page.tsx,275,,,false,true,false,false,false,,0,false,0,force-static,3600,,,,false,false,false,false,,,,,false,false,,,src/components/marketing/MarketingFooter.tsx,true,ISR_REVALIDATE|NEXT_HEADERS_TRANSITIVE,NEXT_HEADERS_TRANSITIVE,src/app/layout.tsx,NEXT_HEADERS_TRANSITIVE,ISR_REVALIDATE,false
projexa,page,/forgot-password,src/app/forgot-password/page.tsx,111,,,false,true,true,false,false,,0,false,0,,,,,,false,false,false,false,,,,,false,false,,,,false,,NEXT_HEADERS_TRANSITIVE,src/app/layout.tsx,,NEXT_HEADERS_TRANSITIVE,false
projexa,page,/hi/how-it-works,src/app/hi/how-it-works/page.tsx,28,,,false,true,false,false,false,,0,false,0,force-static,3600,,,,false,false,false,false,,,,,true,false,,,src/components/marketing/how-it-works/HowItWorksContent.tsx,true,ISR_REVALIDATE|NEXT_HEADERS_TRANSITIVE,NEXT_HEADERS_TRANSITIVE,src/app/layout.tsx,NEXT_HEADERS_TRANSITIVE,ISR_REVALIDATE,false
projexa,page,/hi,src/app/hi/page.tsx,41,,,false,true,false,false,false,,0,false,0,force-static,3600,,,,false,false,false,false,,,,,true,false,,,src/components/marketing/Hero.tsx,true,ISR_REVALIDATE|NEXT_HEADERS_TRANSITIVE,NEXT_HEADERS_TRANSITIVE,src/app/layout.tsx,NEXT_HEADERS_TRANSITIVE,ISR_REVALIDATE,false
projexa,page,/how-it-works,src/app/how-it-works/page.tsx,30,,,false,true,false,false,false,,0,false,0,force-static,3600,,,,false,false,false,false,,,,,false,false,,,src/components/marketing/how-it-works/HowItWorksContent.tsx,true,ISR_REVALIDATE|NEXT_HEADERS_TRANSITIVE,NEXT_HEADERS_TRANSITIVE,src/app/layout.tsx,NEXT_HEADERS_TRANSITIVE,ISR_REVALIDATE,false
projexa,page,/invite/[token],src/app/invite/[token]/page.tsx,142,[token],,false,false,true,false,false,,0,false,0,,,,,,false,false,false,false,,,/api/org/invites/preview?token=${encodeURIComponent(token)}|/api/org/invites/accept,,false,false,,,,false,DYNAMIC_SEGMENT_NO_GSP,NEXT_HEADERS_TRANSITIVE,src/app/layout.tsx,,DYNAMIC_SEGMENT_NO_GSP|NEXT_HEADERS_TRANSITIVE,false
projexa,layout,/,src/app/layout.tsx,113,,,false,true,false,false,false,,0,false,0,,,,,,false,false,false,false,,,,,true,false,,,,false,NEXT_HEADERS_TRANSITIVE,,,,NEXT_HEADERS_TRANSITIVE,false
projexa,page,/login,src/app/login/page.tsx,100,,,false,true,true,false,false,,0,false,0,,,,,,false,false,false,false,,,/api/org/provision,,false,false,,,,false,,NEXT_HEADERS_TRANSITIVE,src/app/layout.tsx,,NEXT_HEADERS_TRANSITIVE,false
projexa,page,/,src/app/page.tsx,42,,,false,true,false,false,false,,0,false,0,force-static,3600,,,,false,false,false,false,,,,,false,false,,,src/components/marketing/Hero.tsx,true,ISR_REVALIDATE|NEXT_HEADERS_TRANSITIVE,NEXT_HEADERS_TRANSITIVE,src/app/layout.tsx,NEXT_HEADERS_TRANSITIVE,ISR_REVALIDATE,false
projexa,page,/reset-password,src/app/reset-password/page.tsx,143,,,false,true,true,false,false,,0,false,0,,,,,,false,false,false,false,,,,,false,false,,,,false,,NEXT_HEADERS_TRANSITIVE,src/app/layout.tsx,,NEXT_HEADERS_TRANSITIVE,false
projexa,page,/share/attendance/[token],src/app/share/attendance/[token]/page.tsx,108,[token],,false,false,false,false,false,,0,false,1,,,,,,false,false,false,false,,,${VERIDIAN_ORIGIN}/api/reports/share/${encodeURIComponent(token)},,false,false,,,,false,DYNAMIC_SEGMENT_NO_GSP,NEXT_HEADERS_TRANSITIVE,src/app/layout.tsx,,DYNAMIC_SEGMENT_NO_GSP|NEXT_HEADERS_TRANSITIVE,false
projexa,page,/share/report/[token],src/app/share/report/[token]/page.tsx,212,[token],,false,false,false,false,false,,0,false,1,,,,,,false,false,false,false,,,${VERIDIAN_ORIGIN}/api/reports/share/${encodeURIComponent(token)},,false,false,,,,false,DYNAMIC_SEGMENT_NO_GSP,NEXT_HEADERS_TRANSITIVE,src/app/layout.tsx,,DYNAMIC_SEGMENT_NO_GSP|NEXT_HEADERS_TRANSITIVE,false
projexa,page,/shared/mom/[token],src/app/shared/mom/[token]/page.tsx,138,[token],,false,false,false,false,false,,0,false,0,,,,,,false,false,false,false,,,${VERIDIAN_ORIGIN}/api/veri-meetings/share/${encodeURIComponent(token)},,false,false,,,,false,DYNAMIC_SEGMENT_NO_GSP,NEXT_HEADERS_TRANSITIVE,src/app/layout.tsx,,DYNAMIC_SEGMENT_NO_GSP|NEXT_HEADERS_TRANSITIVE,false
projexa,page,/signup,src/app/signup/page.tsx,121,,,false,true,true,false,false,,0,false,0,,,,,,false,false,false,false,,,/api/org/provision,,false,false,,,,false,,NEXT_HEADERS_TRANSITIVE,src/app/layout.tsx,,NEXT_HEADERS_TRANSITIVE,false
projexa,route,/sw.js,src/app/sw.js/route.ts,136,,,false,true,false,false,false,,0,false,0,force-dynamic,,,,,false,false,false,false,GET,request.method|request.url|new URL(request.url),,,false,false,,,,false,FORCE_DYNAMIC|READS_REQUEST|NOT_FORCE_STATIC,,,,FORCE_DYNAMIC|READS_REQUEST|NOT_FORCE_STATIC,false
